map_id,t1,t2,winner,map,t1_agent1,t1_agent2,t1_agent3,t1_agent4,t1_agent5,t2_agent1,t2_agent2,t2_agent3,t2_agent4,t2_agent5,t1_rds,t1_atk_rds,t1_def_rds,t2_rds,t2_atk_rds,t2_def_rds,t1_retakes_won,t1_retakes_lost,t2_retakes_won,t2_retakes_lost,t1_postplants_won,t1_postplants_lost,t2_postplants_won,t2_postplants_lost,overtime,t1_overtime_rds,t2_overtime_rds,t1_atk_fks,t1_def_fks,t2_atk_fks,t2_def_fks,t1_pistols,t2_pistols,t1_ecos_won,t1_ecos_lost,t2_ecos_won,t2_ecos_lost,t1_fullbuys_won,t1_fullbuys_lost,t2_fullbuys_won,t2_fullbuys_lost,t1_atk_rating,t1_def_rating,t2_atk_rating,t2_def_rating,t1_avg_acs,t2_avg_acs,t1_kills,t1_assists,t1_deaths,t1_kast,t2_kills,t2_assists,t2_deaths,t2_kast,t1_mks,t1_clutches,t1_econ,t2_mks,t2_clutches,t2_econ,date
146315,13905,2536,13905,4,0,1,11,13,21,1,11,13,15,21,13,9,4,5,2,3,3,0,1,8,8,1,0,3,False,,,4,3,3,8,0,1.0,4,0,2,2,0,0,11,2,1.1960000000000002,1.268,0.724,0.82,225.2,181.4,76,25,55,0.776,55,26,76,0.68,15,2,54.2,9,0,40.0,2023-10-20
119226,12185,12186,12186,0,7,11,12,15,21,11,12,13,15,21,15,7,5,17,7,5,3,4,4,5,5,4,4,3,True,3,5,6,9,7,10,1,0.5,3,1,3,1,4,3,5,2,0.8539999999999999,1.0399999999999998,1.006,1.2440000000000002,198.2,210.6,106,60,116,0.65,116,56,106,0.756,20,2,32.2,23,1,34.6,2023-03-04
122851,1791,9011,1791,5,11,13,19,21,22,9,11,13,21,22,13,5,8,6,4,2,2,5,2,5,5,2,5,2,False,,,5,6,6,2,2,0.0,2,2,4,0,6,4,2,0,1.29,1.252,0.7000000000000001,0.6479999999999999,231.0,177.0,83,26,56,0.862,56,14,83,0.632,11,0,46.8,7,2,37.8,2023-04-08
155291,6127,1316,6127,0,5,11,15,16,21,8,11,13,15,21,13,7,6,5,0,5,2,-1,1,5,5,1,-1,2,False,,,6,4,2,6,1,0.5,3,1,3,1,6,5,4,1,1.1360000000000001,1.6600000000000001,0.41200000000000003,0.9279999999999999,219.6,165.0,72,33,47,0.856,47,27,72,0.578,13,0,45.8,10,0,42.0,2024-02-03
122485,6387,12477,6387,5,11,13,19,21,22,11,13,19,21,22,13,2,11,9,1,8,3,0,4,-3,-3,4,0,3,False,,,4,11,1,6,1,0.5,2,1,2,1,5,3,7,3,0.6719999999999999,1.6780000000000002,0.336,1.408,222.8,174.2,85,37,65,0.764,65,29,85,0.584,23,0,58.6,13,0,39.4,2023-04-12
122486,6387,12477,6387,7,2,11,13,18,21,0,11,12,13,21,13,8,5,5,1,4,1,2,1,7,7,1,2,1,False,,,9,5,1,3,2,0.0,2,2,4,0,4,3,4,2,1.0959999999999999,1.5080000000000002,0.528,0.8620000000000001,206.2,154.0,68,19,44,0.734,44,21,68,0.558,16,0,44.8,9,0,38.4,2023-04-12
117956,10597,3107,10597,6,1,11,13,15,17,1,13,15,17,21,13,6,7,8,5,3,1,7,2,6,6,2,7,1,False,,,4,7,5,5,1,0.5,3,1,3,1,3,2,4,3,1.0479999999999998,1.126,0.834,0.932,213.8,197.2,77,24,72,0.684,72,29,77,0.696,23,1,42.0,13,2,36.2,2023-03-10
117957,10597,3107,10597,4,1,11,13,15,21,0,1,11,13,21,13,9,4,3,0,3,2,-1,1,0,0,1,-1,2,False,,,6,3,1,6,2,0.0,2,2,4,0,4,4,4,0,1.238,1.472,0.48200000000000004,0.7779999999999999,232.4,160.4,69,22,41,0.824,41,21,69,0.562,17,2,51.0,4,1,30.2,2023-03-10
169133,13112,15595,13112,9,0,5,7,17,22,1,5,12,15,22,13,8,5,11,7,4,3,5,3,7,7,3,5,3,False,,,8,6,6,4,2,0.0,2,2,3,0,10,5,6,3,1.16,0.978,0.9860000000000001,0.8779999999999999,203.8,186.2,86,34,79,0.71,79,41,86,0.736,16,2,39.0,15,2,39.4,2024-04-07
143625,6538,8258,6538,8,1,5,15,17,20,1,5,15,17,20,13,5,8,6,4,2,2,3,0,6,6,0,3,2,False,,,4,6,6,3,1,0.5,3,1,3,1,6,4,10,4,1.316,1.332,0.6799999999999999,0.682,216.8,161.4,76,39,54,0.842,54,14,76,0.62,17,1,51.0,8,1,35.6,2023-10-11
143626,6538,8258,6538,2,0,14,15,20,21,0,14,15,20,21,13,3,10,4,2,2,4,-1,0,3,3,0,-1,4,False,,,2,8,4,3,1,0.5,3,1,2,1,2,1,7,1,1.086,1.4540000000000002,0.5740000000000001,0.8239999999999998,223.6,152.2,71,34,43,0.796,43,10,71,0.482,13,3,57.0,8,0,29.8,2023-10-11
119506,9913,12122,12122,7,0,1,11,13,23,0,7,13,16,17,3,0,3,13,9,4,1,5,2,-1,-1,2,5,1,False,,,3,3,9,1,0,1.0,3,0,2,2,6,1,5,4,0.562,0.74,1.248,1.4220000000000002,181.4,243.8,46,21,74,0.65,74,23,46,0.914,9,1,46.6,16,4,47.8,2023-03-08
152887,9762,7105,7105,9,5,9,12,15,17,5,15,17,20,22,6,5,1,13,6,7,0,6,4,4,4,4,6,0,False,,,4,3,4,8,1,0.5,3,1,3,1,9,3,3,3,0.9359999999999999,0.638,1.2959999999999998,1.1460000000000001,183.6,224.8,59,25,77,0.65,77,40,59,0.788,12,2,35.0,15,2,44.8,2024-02-18
158395,8826,4173,8826,8,1,5,15,17,20,5,11,15,17,19,13,5,8,10,3,7,1,3,3,5,5,3,3,1,False,,,5,9,2,7,1,0.5,3,1,4,2,5,2,7,3,0.9020000000000001,1.358,0.6719999999999999,1.1280000000000001,208.0,175.2,84,36,68,0.774,68,22,84,0.574,14,1,42.8,12,1,39.6,2024-02-17
158396,8826,4173,8826,6,1,13,15,17,21,0,7,11,15,17,13,6,7,8,5,3,3,4,2,6,6,2,4,3,False,,,4,8,4,5,2,0.0,2,2,4,0,5,4,2,1,1.172,1.096,0.8800000000000001,0.8380000000000001,209.6,176.8,83,29,62,0.762,62,23,83,0.598,15,1,42.4,10,1,40.8,2024-02-17
129268,10416,9508,9508,3,1,2,5,12,14,1,2,5,12,14,6,5,1,13,6,7,0,6,5,3,3,5,6,0,False,,,5,3,4,7,1,0.5,4,1,3,2,4,0,3,2,0.8539999999999999,0.56,1.434,1.2080000000000002,170.2,229.8,53,23,80,0.568,80,44,53,0.884,10,1,37.4,17,2,56.8,2023-05-10
129269,10416,9508,9508,4,1,13,14,15,21,1,11,13,15,21,8,4,4,13,5,8,2,4,4,5,5,4,4,2,False,,,4,2,7,8,1,0.5,3,1,3,1,8,4,6,4,0.8300000000000001,1.038,0.962,1.2639999999999998,192.8,216.0,69,40,82,0.702,82,44,69,0.762,13,2,38.2,18,4,47.4,2023-05-10
150982,8303,9916,8303,6,10,13,15,17,22,1,3,10,11,15,13,8,5,9,5,4,1,2,2,7,7,2,2,1,False,,,5,9,1,7,2,0.0,2,2,3,0,8,4,11,6,1.028,1.206,0.77,0.938,224.6,191.6,89,20,75,0.718,75,25,89,0.648,19,4,48.2,17,2,42.6,2023-11-21
151431,13368,13587,13368,4,1,11,13,15,21,1,11,13,15,21,13,4,9,4,3,1,1,2,0,4,4,0,2,1,False,,,4,5,7,1,2,0.0,2,2,4,0,4,3,4,2,1.478,1.352,0.668,0.5700000000000001,240.0,147.6,74,42,42,0.844,42,9,74,0.434,16,0,46.4,6,1,36.4,2023-12-01
151432,13368,13587,13368,6,3,15,17,20,22,1,13,15,17,20,13,10,3,3,1,2,1,1,0,10,10,0,1,1,False,,,9,3,1,3,2,0.0,2,2,4,1,3,1,3,0,1.3479999999999999,1.544,0.47800000000000004,0.604,241.0,160.2,73,28,41,0.864,41,13,73,0.528,13,2,40.4,8,1,37.6,2023-12-01
162747,8380,7038,8380,6,13,15,17,20,22,1,5,11,15,21,13,7,6,8,3,5,2,3,1,9,9,1,3,2,False,,,8,6,3,4,2,0.0,2,2,4,0,5,4,6,3,1.04,1.358,0.686,0.938,217.0,177.0,83,35,64,0.78,64,23,83,0.618,20,1,45.4,14,0,39.2,2024-03-29
162748,8380,7038,7038,5,9,18,19,21,22,11,13,15,21,22,10,8,2,13,9,4,1,8,0,10,10,0,8,1,False,,,5,5,6,7,1,0.5,3,1,3,1,4,2,6,3,1.004,0.74,1.198,0.9480000000000001,194.6,214.4,79,37,89,0.644,89,14,79,0.678,14,2,33.6,17,2,44.6,2024-03-29
162749,8380,7038,8380,0,11,12,13,15,21,11,12,13,15,21,13,6,7,11,5,6,2,1,2,7,7,2,1,2,False,,,3,6,6,9,2,0.0,2,2,4,0,9,6,5,5,1.02,1.1740000000000002,0.834,1.02,200.6,195.8,82,44,81,0.676,81,33,82,0.65,14,0,40.0,18,0,41.4,2024-03-29
155564,8484,13368,13368,1,2,3,17,20,22,1,2,5,17,20,7,6,1,13,7,6,1,7,1,3,3,1,7,1,False,,,5,5,3,7,0,1.0,3,0,2,2,4,1,5,4,0.9019999999999999,0.602,1.484,1.082,182.4,223.6,62,29,80,0.67,80,46,62,0.79,13,1,37.4,13,2,46.8,2024-02-09
155565,8484,13368,13368,6,1,13,14,15,20,13,15,17,20,22,3,2,1,13,11,2,0,10,0,0,0,0,10,0,False,,,1,3,9,3,0,1.0,3,0,3,2,6,2,3,2,0.7440000000000001,0.418,1.582,1.2360000000000002,118.4,230.2,29,10,69,0.44,69,26,29,0.902,6,0,29.8,14,0,63.4,2024-02-09
153307,4669,5310,5310,9,12,13,15,17,22,5,7,15,17,22,1,1,0,13,2,11,0,1,1,1,1,1,1,0,False,,,1,1,1,11,0,1.0,3,0,2,2,1,0,3,2,0.55,0.372,1.558,1.45,135.4,243.2,31,17,65,0.556,65,24,31,0.902,4,0,34.6,14,0,63.4,2024-03-02
153308,4669,5310,4669,5,11,12,13,21,22,11,13,19,21,22,13,7,6,10,6,4,4,3,0,6,6,0,3,4,False,,,6,7,5,5,0,1.0,4,0,2,2,6,3,6,3,1.09,1.0979999999999999,0.874,0.8780000000000001,225.0,210.0,92,31,88,0.776,87,35,92,0.75,18,5,46.8,15,1,42.8,2024-03-02
153309,4669,5310,5310,0,11,12,13,15,22,11,12,13,15,21,11,6,5,13,7,6,0,0,1,4,4,1,0,0,False,,,6,7,5,6,0,1.0,4,0,2,2,2,2,8,4,0.944,1.0260000000000002,0.9860000000000001,1.0779999999999998,186.2,185.4,76,38,77,0.702,77,24,76,0.694,19,0,41.4,14,0,43.0,2024-03-02
163314,13849,15210,15210,6,7,13,15,17,22,1,8,13,15,17,9,3,6,13,6,7,4,7,2,2,2,2,7,4,False,,,4,5,7,6,0,1.0,3,0,2,2,6,2,8,5,0.74,1.0419999999999998,0.9880000000000001,1.3199999999999998,198.8,223.6,73,32,88,0.702,88,45,73,0.802,15,1,46.2,22,2,47.8,2024-03-12
163315,13849,15210,13849,8,0,11,17,20,22,5,11,15,17,20,13,7,6,6,1,5,1,1,2,6,6,2,1,1,False,,,5,5,2,7,2,0.0,2,2,4,0,7,5,2,1,0.874,1.626,0.4699999999999999,1.064,225.8,179.8,78,38,58,0.79,57,20,78,0.548,18,2,48.2,13,1,39.8,2024-03-12
163316,13849,15210,13849,0,11,12,13,15,21,11,12,13,15,21,13,10,3,2,0,2,0,0,0,9,9,0,0,0,False,,,7,1,2,5,2,0.0,2,2,3,0,4,3,4,1,1.358,1.6320000000000001,0.21600000000000003,0.6579999999999999,243.4,153.8,69,34,38,0.906,38,9,69,0.548,15,1,53.4,5,0,36.0,2024-03-12
154423,15058,15065,15058,2,5,11,12,21,22,0,11,21,22,23,13,4,9,5,3,2,3,2,1,3,3,1,2,3,False,,,3,9,3,3,2,0.0,3,2,3,0,4,2,7,3,1.2000000000000002,1.3960000000000001,0.6599999999999999,0.774,246.4,167.8,82,44,50,0.866,50,24,82,0.636,19,0,55.4,8,2,36.4,2024-03-28
154424,15058,15065,15058,8,5,11,15,17,20,5,11,15,17,20,13,7,6,6,1,5,2,1,1,5,5,1,1,2,False,,,5,6,1,7,1,0.5,3,1,3,1,3,1,5,3,1.082,1.4700000000000002,0.562,0.924,231.2,175.8,80,27,55,0.8,55,27,80,0.632,16,1,60.6,10,0,40.0,2024-03-28
156670,282,104,282,8,11,15,17,20,22,7,11,15,17,22,15,7,5,13,7,5,3,7,1,8,8,1,7,3,True,3.0,1.0,6,8,6,8,1,0.5,4,2,3,2,4,3,10,5,1.0919999999999999,1.1480000000000001,0.844,0.946,208.8,203.4,104,42,95,0.748,95,39,104,0.698,21,1,39.4,19,1,38.0,2024-02-10
156671,282,104,104,5,9,11,13,21,22,1,5,11,14,22,12,6,6,14,6,6,3,7,2,5,5,2,7,3,True,0.0,2.0,5,4,9,8,1,0.5,5,2,2,1,2,1,6,3,0.8800000000000001,1.1119999999999999,0.922,1.1300000000000001,200.2,200.6,87,38,91,0.684,91,31,87,0.666,18,3,40.0,17,1,38.2,2024-02-10
156672,282,104,104,1,2,3,17,20,22,2,5,7,11,23,10,3,7,13,4,9,2,4,1,2,2,1,4,2,False,,,2,6,5,10,0,1.0,4,0,2,2,3,0,11,5,0.792,1.214,0.774,1.2040000000000002,195.2,195.6,79,26,81,0.68,81,36,79,0.716,19,1,42.8,13,4,36.8,2024-02-10
147362,2593,2934,2593,0,11,12,13,15,21,11,12,13,15,21,13,7,6,10,6,4,1,5,2,6,6,2,5,1,False,,,5,6,6,6,1,0.5,3,1,4,2,9,6,5,2,1.2579999999999998,1.1520000000000001,0.8379999999999999,0.7819999999999999,212.4,172.2,85,49,70,0.81,70,19,85,0.724,18,1,48.4,10,1,32.6,2023-11-03
143059,13941,13939,13941,1,2,17,19,20,22,2,3,14,17,20,13,9,4,8,5,3,1,4,2,4,4,2,4,1,False,,,7,5,4,5,2,0.0,2,2,4,0,6,4,6,4,1.214,1.0959999999999999,0.9720000000000001,0.8400000000000001,237.8,205.4,90,53,72,0.854,72,30,90,0.714,15,2,43.4,14,5,48.2,2023-10-18
143060,13941,13939,13941,6,13,15,17,20,22,3,11,13,15,18,13,3,10,2,2,0,2,3,0,2,2,0,3,2,False,,,2,9,3,1,2,0.0,2,2,2,0,2,2,7,1,1.6179999999999999,1.3299999999999998,0.736,0.354,250.6,167.2,69,35,41,0.894,40,20,69,0.612,16,2,55.2,7,0,36.6,2023-10-18
125982,9351,4519,4519,5,11,13,19,21,22,12,13,19,21,22,11,4,7,13,5,8,4,5,2,4,4,2,5,4,False,,,5,10,2,7,1,0.5,3,1,3,1,7,1,5,2,0.746,1.1480000000000001,0.852,1.302,195.8,216.2,78,32,89,0.75,89,32,78,0.684,11,2,34.0,18,0,44.6,2023-04-11
125983,9351,4519,4519,8,0,17,19,20,22,0,8,17,20,22,10,5,5,13,6,7,1,6,1,5,5,1,6,1,False,,,2,6,5,10,1,0.5,3,1,3,1,3,1,4,2,0.8640000000000001,1.0720000000000003,0.93,1.1300000000000001,189.6,215.8,76,33,89,0.682,89,28,76,0.73,16,1,38.4,19,2,43.6,2023-04-11
118476,5366,8375,8375,4,1,11,13,15,21,1,11,13,15,21,9,8,1,13,9,4,0,8,2,6,6,2,8,0,False,,,5,2,8,7,2,0.0,3,2,4,1,4,2,2,0,1.192,0.38,1.532,0.8400000000000001,189.2,216.2,74,33,85,0.674,85,34,74,0.772,11,2,40.8,14,3,50.4,2023-05-26
118477,5366,8375,5366,0,11,12,13,15,21,11,12,13,15,21,13,8,5,8,4,4,0,4,3,5,5,3,4,0,False,,,6,4,5,6,1,0.5,3,1,3,1,3,2,10,4,1.176,1.02,1.0599999999999998,0.8620000000000001,207.4,186.2,76,38,65,0.734,65,34,76,0.684,18,1,46.2,13,1,36.2,2023-05-26
118478,5366,8375,8375,7,0,11,13,20,22,0,13,16,19,20,10,4,6,13,6,7,0,6,1,5,5,1,6,0,False,,,5,7,5,6,1,0.5,4,1,3,2,2,0,5,3,0.842,1.1960000000000002,0.842,1.218,200.8,194.2,77,32,78,0.67,78,36,77,0.66,20,0,46.8,14,1,41.0,2023-05-26
146372,13995,13910,13995,1,2,3,17,20,22,2,11,17,20,22,13,5,8,8,4,4,3,0,1,6,6,1,0,3,False,,,3,8,4,6,2,0.0,2,2,4,0,7,5,4,2,0.938,1.2319999999999998,0.7539999999999999,1.054,223.4,207.0,85,29,74,0.79,74,29,85,0.666,15,2,44.6,14,0,45.4,2023-10-21
133874,8342,11882,8342,1,2,17,19,20,22,9,12,17,20,22,13,6,7,8,5,3,1,0,1,4,4,1,0,1,False,,,4,8,4,5,1,0.5,3,1,3,1,2,1,5,2,1.124,1.22,0.808,0.9179999999999999,219.2,185.4,81,37,64,0.762,64,31,81,0.638,19,1,53.8,11,2,35.8,2023-06-09
133894,8342,11882,8342,6,13,15,17,20,22,11,13,15,20,22,22,4,8,20,4,8,5,1,6,4,4,6,1,5,True,10.0,8.0,6,9,10,13,0,1.0,4,0,3,3,3,2,8,4,0.9520000000000002,1.046,0.9940000000000001,1.074,208.4,206.4,136,42,132,0.664,132,59,136,0.7,26,1,35.0,33,3,32.4,2023-06-09
141483,5832,13232,5832,1,2,17,20,22,23,2,17,20,22,23,13,6,7,9,5,4,0,5,1,7,7,1,5,0,False,,,3,6,6,7,0,1.0,4,1,2,2,4,2,9,3,0.97,1.1480000000000001,0.89,0.9960000000000001,209.2,190.4,79,39,75,0.692,75,27,79,0.718,17,3,47.8,13,1,36.4,2023-09-16
141484,5832,13232,5832,6,13,14,15,20,22,13,15,17,20,22,13,8,5,9,7,2,3,6,2,8,8,2,6,3,False,,,5,6,6,5,2,0.0,2,2,4,1,5,1,2,1,1.198,1.064,1.0560000000000003,0.764,221.8,200.4,85,46,75,0.754,75,32,85,0.738,20,2,48.4,11,2,44.2,2023-09-16
151837,11836,12743,11836,4,1,11,13,15,21,8,11,13,15,21,13,8,5,10,7,3,0,1,1,8,8,1,1,0,False,,,6,7,5,5,1,0.5,2,1,2,1,7,3,8,2,1.2939999999999998,0.9279999999999999,1.1099999999999999,0.6759999999999999,196.6,186.4,80,33,74,0.748,74,29,80,0.714,14,2,46.8,13,1,36.4,2023-12-09
151838,11836,12743,11836,6,13,15,17,20,22,8,11,13,15,17,13,5,8,7,4,3,3,3,0,5,5,0,3,3,False,,,4,11,1,4,2,0.0,2,2,2,0,6,6,10,4,0.97,1.1720000000000002,0.8019999999999999,1.07,227.2,195.6,84,35,67,0.78,67,25,84,0.67,21,4,52.0,16,1,41.2,2023-12-09
123489,8946,5441,8946,6,1,5,15,17,21,0,8,17,20,22,13,5,8,7,4,3,3,3,0,4,4,0,3,3,False,,,5,8,4,3,2,0.0,2,2,4,0,10,6,10,5,1.126,1.2,0.8020000000000002,0.86,222.8,188.0,84,37,66,0.8,66,23,84,0.65,15,0,44.0,17,2,44.2,2023-04-22
145269,11491,11490,11490,2,3,12,15,21,22,5,11,12,21,22,1,1,0,13,2,11,0,2,2,1,1,2,2,0,False,,,1,1,1,11,0,1.0,2,0,2,2,3,1,3,3,0.4999999999999999,0.24200000000000005,1.6119999999999997,1.522,133.8,254.4,31,11,69,0.47,69,32,31,0.972,5,0,23.8,17,2,56.2,2023-10-14
145270,11491,11490,11490,6,7,13,15,17,22,7,12,13,15,17,3,2,1,13,11,2,0,11,0,3,3,0,11,0,False,,,1,2,10,3,0,1.0,3,0,2,2,8,2,4,3,0.976,0.48200000000000004,1.552,1.028,160.0,228.4,43,13,70,0.602,70,37,43,0.876,6,1,36.6,15,2,61.8,2023-10-14
128140,6159,1471,1471,0,11,15,17,19,21,11,12,13,15,21,10,7,3,13,8,5,1,8,3,6,6,3,8,1,False,,,4,4,7,8,1,0.5,3,1,3,1,4,2,5,3,0.9299999999999999,0.978,1.064,1.1,195.2,220.6,79,36,86,0.672,86,42,79,0.696,12,1,32.4,21,4,46.6,2023-05-06
160065,11002,15077,11002,1,2,8,17,20,22,2,5,17,20,22,13,6,7,7,1,6,4,1,4,7,7,4,1,4,False,,,8,5,3,4,1,0.5,3,1,3,1,3,2,5,3,1.0060000000000002,1.4259999999999997,0.63,0.9940000000000001,221.8,183.4,78,41,61,0.82,61,22,78,0.65,13,1,43.6,12,1,41.4,2024-03-28
160066,11002,15077,11002,5,9,11,13,21,22,6,8,12,13,22,13,9,4,3,0,3,0,1,0,10,10,0,1,0,False,,,7,4,0,5,2,0.0,2,2,3,0,3,3,5,0,1.1520000000000001,1.6420000000000001,0.37799999999999995,0.8480000000000001,222.8,163.4,66,25,42,0.826,42,20,66,0.54,7,1,37.4,5,0,38.4,2024-03-28
161235,15156,1458,15156,2,5,11,18,21,22,5,11,12,21,22,14,8,4,12,8,4,1,8,1,8,8,1,8,1,True,2.0,0.0,7,7,6,6,1,0.5,3,1,3,2,5,2,8,3,1.21,1.03,0.922,0.784,209.6,184.2,99,29,83,0.692,83,26,99,0.608,18,0,39.0,12,2,34.4,2024-03-14
161236,15156,1458,1458,6,1,5,14,15,21,7,13,15,17,22,4,0,4,13,8,5,1,6,2,0,0,2,6,1,False,,,3,4,8,2,0,1.0,4,0,2,2,8,3,4,4,0.48999999999999994,0.858,1.176,1.42,166.6,220.2,48,22,71,0.59,71,25,48,0.812,11,0,36.6,14,3,46.6,2024-03-14
161237,15156,1458,1458,5,11,13,18,21,22,11,13,19,21,22,4,3,1,13,4,9,0,1,3,0,0,3,1,0,False,,,9,2,3,3,1,0.5,2,1,3,2,9,1,3,2,0.72,0.712,1.168,1.26,173.6,220.4,51,5,69,0.59,69,22,51,0.74,10,0,37.6,18,1,60.2,2024-03-14
128635,11267,12489,11267,7,0,13,17,20,22,9,11,13,20,22,15,5,7,13,5,7,4,6,4,3,3,4,6,4,True,3.0,1.0,3,9,5,11,2,0.0,2,2,3,0,6,4,2,1,0.8460000000000001,1.268,0.764,1.184,210.0,195.8,100,41,94,0.716,94,35,100,0.674,24,1,39.0,14,1,36.4,2023-04-29
128636,11267,12489,12489,8,5,15,17,19,22,5,11,15,19,20,10,4,6,13,6,7,0,6,2,3,3,2,6,0,False,,,1,7,5,10,0,1.0,4,0,2,2,4,2,8,3,0.716,1.018,1.0000000000000002,1.3099999999999998,182.4,203.8,71,24,83,0.644,83,37,71,0.792,16,2,40.6,17,0,42.0,2023-04-29
128637,11267,12489,12489,3,1,2,13,17,22,1,2,5,7,17,6,3,3,13,9,4,0,6,0,3,3,0,6,0,False,,,3,4,8,4,0,1.0,3,0,2,2,7,4,5,2,0.668,0.718,1.3000000000000003,1.322,166.8,231.8,52,25,83,0.654,83,38,52,0.8,11,3,39.4,20,0,48.2,2023-04-29
146374,13848,13867,13848,4,0,1,11,13,21,1,11,13,15,21,13,9,4,3,0,3,1,0,2,6,6,2,0,1,False,,,7,3,1,5,2,0.0,2,2,3,0,4,4,5,1,1.314,1.826,0.26799999999999996,0.7100000000000001,232.6,161.6,70,33,40,0.928,40,12,70,0.588,15,1,54.8,7,0,42.0,2023-10-19
146375,13848,13867,13867,2,5,9,11,20,22,5,11,12,21,22,8,6,2,13,7,6,0,6,1,5,5,1,6,0,False,,,5,3,6,7,1,0.5,3,2,3,1,4,1,3,2,0.868,0.6900000000000001,1.3199999999999998,1.0959999999999999,167.0,221.2,60,23,82,0.532,82,23,60,0.752,10,1,34.2,19,1,51.8,2023-10-19
146376,13848,13867,13848,0,11,12,13,15,21,11,12,13,15,21,13,1,12,0,0,0,2,0,0,1,1,0,0,2,False,,,1,9,3,0,2,0.0,2,2,3,0,1,1,5,0,1.48,1.652,0.392,0.324,258.6,119.0,65,29,22,0.938,22,11,65,0.414,16,0,72.4,1,0,24.0,2023-10-19
147486,10407,14107,10407,6,0,7,13,17,22,13,15,17,20,22,13,9,4,8,5,3,1,5,2,8,8,2,5,1,False,,,8,3,6,4,2,0.0,3,2,4,0,8,4,3,1,1.218,1.034,1.016,0.772,222.6,196.2,81,38,72,0.8,72,37,81,0.744,12,2,39.4,14,1,41.4,2023-10-29
147487,10407,14107,10407,9,3,7,15,17,22,3,7,15,17,22,13,5,8,9,4,5,2,4,4,4,4,4,4,2,False,,,3,9,3,7,1,0.5,3,1,3,1,5,4,5,3,1.006,1.2719999999999998,0.6759999999999999,0.9659999999999999,227.2,192.0,89,25,73,0.754,73,25,89,0.61,20,3,49.2,12,3,36.0,2023-10-29
162774,283,11490,283,0,11,12,13,15,21,11,12,13,15,21,13,5,8,8,4,4,3,3,3,5,5,3,3,3,False,,,4,9,3,5,1,0.5,3,2,4,1,4,3,5,1,1.0879999999999999,1.298,0.77,0.944,221.4,162.2,84,29,55,0.78,55,35,84,0.6,21,0,47.4,14,2,41.0,2024-03-09
162775,283,11490,11490,1,2,5,17,20,22,2,17,19,20,22,1,1,0,13,2,11,0,1,5,1,1,5,1,0,False,,,1,0,2,11,0,1.0,3,0,2,2,6,1,3,3,0.604,0.382,1.4920000000000002,1.4279999999999997,173.4,244.8,38,17,66,0.528,66,28,38,0.944,6,0,31.0,10,3,45.8,2024-03-09
162776,283,11490,283,2,5,11,12,21,22,5,15,21,22,23,15,3,9,13,3,9,5,3,3,5,5,3,3,5,True,3.0,1.0,5,10,4,9,0,1.0,4,1,2,2,5,3,7,3,0.6159999999999999,1.4360000000000002,0.5740000000000001,1.41,200.6,189.0,95,38,92,0.67,92,38,95,0.662,16,1,35.2,15,0,37.6,2024-03-09
131374,466,1110,466,6,1,11,13,15,20,13,14,15,20,22,13,7,6,8,6,2,3,7,1,0,0,1,7,3,False,,,5,4,8,4,1,0.5,3,2,4,1,6,3,1,0,1.402,0.9720000000000002,1.1,0.6599999999999999,215.2,178.2,79,47,62,0.742,62,34,79,0.674,18,2,48.4,9,1,41.2,2023-06-03
131375,466,1110,466,8,0,11,17,20,22,0,11,17,19,20,13,7,6,10,5,5,2,5,2,-1,-1,2,5,2,False,,,8,8,3,4,2,0.0,2,2,4,0,9,4,2,1,1.1600000000000001,1.042,0.9480000000000001,0.8380000000000001,222.0,199.6,90,40,80,0.792,80,26,90,0.69,17,2,46.2,12,1,40.2,2023-06-03
131376,466,1110,466,0,11,12,13,15,21,11,12,13,15,21,13,5,8,10,4,6,3,4,4,-2,-2,4,4,3,False,,,7,7,5,4,1,0.5,3,1,3,1,5,2,6,3,0.916,1.2280000000000002,0.772,1.0879999999999999,224.4,183.6,91,36,73,0.826,73,38,91,0.638,19,3,45.6,14,1,33.0,2023-06-03
118024,363,361,361,3,1,2,13,17,22,1,2,5,11,19,3,2,1,13,11,2,0,9,1,1,1,1,9,0,False,,,2,4,8,2,0,1.0,3,1,3,2,4,2,2,0,0.9,0.9480000000000001,1.0879999999999999,1.0959999999999999,217.6,236.8,58,37,67,0.8,67,37,58,0.85,12,1,51.6,15,5,40.6,2023-03-16
118025,363,361,363,5,9,11,13,21,22,9,11,13,21,22,13,7,6,6,1,5,2,2,3,6,6,3,2,2,False,,,6,5,2,6,1,0.5,3,2,3,1,4,4,4,0,1.01,1.538,0.43800000000000006,0.9960000000000001,213.8,172.8,72,27,56,0.734,56,23,72,0.694,13,1,45.0,12,1,39.8,2023-03-16
118026,363,361,361,4,1,11,13,15,21,1,11,13,15,21,9,5,4,13,6,7,3,6,5,3,3,5,6,3,False,,,7,4,6,5,1,0.5,3,1,4,1,6,2,4,2,0.8139999999999998,0.808,1.252,1.226,174.0,220.2,64,33,86,0.646,86,53,64,0.844,10,4,34.4,17,1,38.0,2023-03-16
141097,12053,12485,12053,0,11,12,13,15,21,11,12,13,15,21,13,9,4,10,8,2,1,7,1,9,9,1,7,1,False,,,8,3,9,3,2,0.0,2,2,4,0,4,3,3,2,1.49,0.924,1.1199999999999999,0.536,212.2,176.0,85,46,68,0.786,68,26,85,0.628,17,0,36.8,13,1,40.6,2023-09-10
141098,12053,12485,12485,1,2,12,17,20,22,2,17,18,20,22,9,4,5,13,5,8,3,6,4,0,0,4,6,3,False,,,3,5,5,9,0,1.0,5,0,2,2,4,2,7,4,0.632,1.0159999999999998,1.008,1.3459999999999999,193.6,231.8,71,40,95,0.684,95,34,71,0.788,14,3,38.6,21,3,43.6,2023-09-10
141099,12053,12485,12053,6,1,7,13,15,17,1,13,15,17,21,14,7,5,12,7,5,1,10,1,12,12,1,10,1,True,2.0,0.0,8,7,6,5,0,1.0,4,0,2,2,2,1,10,5,1.1179999999999999,0.96,1.0979999999999999,0.8859999999999999,207.6,197.0,95,41,89,0.802,89,41,95,0.684,17,2,37.6,16,1,36.8,2023-09-10
134858,3531,5214,3531,6,7,13,15,17,22,0,11,13,19,21,14,7,5,12,7,5,2,1,2,8,8,2,1,2,True,2.0,0.0,7,7,6,6,1,0.5,2,1,3,1,6,3,7,3,0.9760000000000002,1.084,0.8779999999999999,1.0,217.6,199.2,97,34,93,0.692,93,31,97,0.692,17,4,41.6,22,2,40.6,2023-07-01
134859,3531,5214,5214,1,2,17,19,20,22,2,17,20,21,22,2,2,0,13,3,10,0,2,2,1,1,2,2,0,False,,,3,1,2,9,1,0.5,3,1,3,1,7,1,2,2,0.43999999999999995,0.45,1.4120000000000001,1.5919999999999999,141.4,259.0,35,8,69,0.548,69,39,35,0.84,7,1,29.4,19,1,79.4,2023-07-01
134860,3531,5214,3531,8,5,11,15,17,19,0,17,18,19,22,13,7,6,8,6,2,2,1,1,5,5,1,1,2,False,,,4,6,6,5,2,0.0,3,2,4,1,4,2,5,2,1.416,1.17,0.8219999999999998,0.612,239.2,188.8,89,39,67,0.742,67,22,89,0.618,15,1,43.8,13,3,38.8,2023-07-01
124249,11176,4616,4616,3,1,2,13,17,20,1,2,5,12,17,9,7,2,13,8,5,1,8,1,5,5,1,8,1,False,,,6,5,5,6,0,1.0,4,0,2,2,2,1,6,4,0.924,0.7899999999999999,1.23,1.0719999999999998,193.0,213.4,73,34,85,0.682,85,40,73,0.754,15,2,39.8,17,2,45.8,2023-04-18
134363,9762,9077,9762,0,11,12,13,15,21,11,12,13,15,21,13,7,6,11,6,5,2,4,2,6,6,2,4,2,False,,,7,6,6,5,1,0.5,3,1,3,1,10,6,4,3,1.004,1.084,0.974,1.02,200.4,196.8,82,42,83,0.684,83,34,82,0.75,13,3,38.4,19,0,43.6,2023-06-22
148067,9613,10482,9613,1,2,5,17,20,22,2,3,17,20,22,13,7,6,11,6,5,1,6,1,6,6,1,6,1,False,,,8,7,5,4,1,0.5,2,1,3,1,6,2,3,1,0.946,1.142,0.836,1.0859999999999999,203.2,199.2,84,48,84,0.744,84,26,84,0.684,17,2,39.2,13,1,43.2,2023-11-27
148068,9613,10482,9613,4,1,11,13,15,21,11,13,15,20,22,13,5,8,4,4,0,3,5,0,4,4,0,5,3,False,,,5,7,5,0,2,0.0,2,2,4,0,4,3,4,0,1.5,1.236,0.8119999999999999,0.552,237.0,178.8,74,34,50,0.774,50,25,74,0.66,14,3,53.0,9,1,40.8,2023-11-27
122593,11517,12421,12421,6,1,11,13,15,21,1,3,11,15,20,0,0,0,13,12,1,0,9,0,0,0,0,9,0,False,,,1,3,9,0,0,1.0,3,0,2,2,2,0,2,2,0.454,0.45600000000000007,1.584,1.482,136.0,261.0,26,11,64,0.492,64,32,26,0.92,4,0,33.2,13,0,71.0,2023-03-25
122594,11517,12421,12421,4,1,11,13,15,21,1,11,13,15,21,11,5,6,13,6,7,3,1,3,3,3,3,1,3,False,,,7,6,6,5,2,0.0,2,2,4,0,6,3,1,1,0.8539999999999999,0.9259999999999999,1.074,1.152,184.2,209.8,75,29,89,0.644,88,39,75,0.766,17,1,37.0,21,1,44.0,2023-03-25
164072,4686,4762,4686,6,8,13,14,15,22,7,8,14,15,22,13,6,7,10,5,5,4,5,1,5,5,1,5,4,False,,,5,5,7,6,2,0.0,3,2,4,1,5,3,4,2,1.1300000000000001,1.198,0.8240000000000001,0.8620000000000001,212.0,182.2,85,37,73,0.766,73,22,85,0.628,12,1,43.4,11,2,34.8,2024-04-14
164073,4686,4762,4686,1,8,15,17,19,22,8,12,15,17,22,14,2,10,12,2,10,2,2,2,3,3,2,2,2,True,2.0,0.0,1,11,2,12,1,0.5,3,1,3,1,4,2,5,2,0.5719999999999998,1.49,0.55,1.346,193.8,177.4,89,29,79,0.676,79,33,89,0.684,17,2,38.4,13,1,37.0,2024-04-14
164074,4686,4762,4686,8,5,15,17,20,22,5,15,17,20,22,14,6,6,12,6,6,3,4,2,6,6,2,4,3,True,2.0,0.0,6,8,5,7,0,1.0,4,0,2,2,0,0,10,7,1.0400000000000003,1.0939999999999999,0.8579999999999999,1.02,195.8,174.6,87,34,78,0.708,78,22,87,0.664,10,0,34.8,13,2,34.2,2024-04-14
116069,10400,11276,10400,6,1,13,15,17,20,3,5,14,15,20,13,4,9,3,3,0,3,3,0,1,1,0,3,3,False,,,2,5,7,2,1,0.5,3,1,3,1,1,1,6,1,1.418,1.256,0.734,0.5680000000000001,252.0,193.2,73,27,51,0.864,51,18,73,0.638,16,4,61.0,10,0,38.2,2023-02-26
116070,10400,11276,10400,4,1,11,13,15,21,0,5,11,18,21,13,9,4,4,1,3,0,1,1,8,8,1,1,0,False,,,6,4,1,6,1,0.5,2,1,3,1,3,3,4,1,1.37,1.126,0.75,0.6719999999999999,237.8,181.6,74,27,50,0.868,50,20,75,0.566,14,1,52.4,12,0,38.8,2023-02-26
142220,5214,11250,11250,6,15,17,18,20,22,13,15,16,17,20,10,6,4,13,8,5,3,8,2,7,7,2,8,3,False,,,3,7,5,8,2,0.0,2,2,4,0,5,2,5,4,0.9280000000000002,0.9380000000000001,1.0240000000000002,1.0579999999999998,203.6,210.2,84,33,86,0.766,86,29,84,0.748,14,2,42.8,19,4,46.8,2023-09-30
142221,5214,11250,5214,8,0,5,17,18,20,5,11,15,19,20,13,9,4,5,2,3,1,3,1,8,8,1,3,1,False,,,9,3,3,3,1,0.5,3,1,3,1,2,2,7,2,1.252,1.082,0.8659999999999999,0.6880000000000001,211.2,150.6,69,20,46,0.788,46,12,69,0.534,14,0,46.4,9,1,35.0,2023-09-30
142222,5214,11250,5214,4,13,15,17,19,20,1,11,13,15,21,13,8,5,6,2,4,1,2,1,7,7,1,2,1,False,,,7,4,3,5,2,0.0,2,2,4,0,4,3,4,1,1.1400000000000001,1.372,0.6120000000000001,0.8399999999999999,222.2,166.4,80,28,51,0.84,51,17,80,0.538,20,1,51.0,9,2,34.2,2023-09-30
147713,13920,14027,13920,6,0,13,17,20,22,7,11,13,15,20,13,8,5,9,5,4,2,7,2,6,6,2,7,2,False,,,7,3,7,5,1,0.5,4,2,2,1,4,2,9,4,1.1079999999999999,0.946,1.06,0.9239999999999998,204.4,205.0,79,27,80,0.71,80,42,79,0.746,13,2,40.6,12,0,39.4,2023-11-02
147714,13920,14027,13920,4,1,11,13,15,21,1,5,7,11,15,13,7,6,9,6,3,2,5,0,6,6,0,5,2,False,,,6,6,6,4,2,0.0,2,2,4,1,6,2,4,1,1.0339999999999998,1.1019999999999999,0.89,1.01,216.4,211.6,85,34,81,0.764,81,41,85,0.71,15,5,45.4,17,1,40.2,2023-11-02
155135,14,5448,5448,0,5,7,11,15,22,11,12,13,15,21,11,6,5,13,7,6,1,7,2,0,0,2,7,1,False,,,5,6,6,7,0,1.0,3,0,2,2,8,3,6,3,0.9219999999999999,0.974,1.092,1.05,192.4,209.4,82,34,88,0.726,88,42,82,0.712,19,0,40.8,21,2,44.6,2024-02-19
155136,14,5448,14,6,3,7,15,17,22,7,13,15,17,22,13,4,9,4,3,1,1,4,1,1,1,1,4,1,False,,,4,10,2,1,1,0.5,3,2,3,1,2,2,7,2,1.316,1.3900000000000001,0.642,0.586,239.2,152.4,74,25,42,0.904,42,19,74,0.494,20,3,52.4,10,1,35.8,2024-02-19
155137,14,5448,14,9,5,15,17,21,22,1,5,7,15,17,13,5,8,7,4,3,4,4,0,2,2,0,4,4,False,,,3,8,4,5,1,0.5,3,1,3,1,4,2,7,3,1.012,1.184,0.788,0.9840000000000002,207.6,183.0,76,23,61,0.75,61,31,76,0.64,13,3,43.8,14,1,37.6,2024-02-19
160277,1470,6159,1470,8,1,5,15,17,21,1,5,15,17,19,13,6,7,11,5,6,1,3,2,6,6,2,3,1,False,,,8,8,4,4,1,0.5,3,1,3,2,6,3,8,4,1.04,1.17,0.804,0.954,212.6,189.0,90,36,79,0.726,79,33,90,0.66,19,2,41.6,16,1,37.4,2024-03-05
160278,1470,6159,1470,0,11,12,13,15,21,11,12,13,15,21,13,2,11,7,1,6,1,2,2,2,2,2,2,1,False,,,2,11,1,6,1,0.5,3,1,3,1,6,4,6,2,0.8699999999999999,1.522,0.606,1.108,230.0,187.8,84,44,64,0.79,64,38,84,0.67,18,0,44.4,13,1,33.8,2024-03-05
142134,2536,11997,11997,6,7,13,15,17,22,7,11,13,15,22,13,5,7,15,5,7,2,6,4,6,6,4,6,2,True,1,3,5,10,4,9,2,0.0,2,2,4,0,10,4,8,5,0.8800000000000001,1.096,0.946,1.0879999999999999,216.2,219.0,105,49,108,0.8,108,36,105,0.672,20,2,35.2,25,4,42.2,2023-09-25
132889,13041,8240,8240,0,11,13,15,21,23,2,11,13,18,21,3,1,2,13,10,3,1,5,2,0,0,2,5,1,False,,,1,7,5,3,1,0.5,3,1,3,1,4,1,2,2,0.8380000000000001,0.502,1.516,1.1380000000000001,151.8,255.6,39,21,75,0.562,75,26,39,0.85,4,2,33.4,13,1,61.8,2023-06-01
132890,13041,8240,8240,8,0,12,17,20,22,3,15,17,19,21,1,1,0,13,2,11,0,1,1,0,0,1,1,0,False,,,1,0,2,11,0,1.0,3,0,2,2,4,0,3,3,0.53,0.35200000000000004,1.616,1.468,144.0,255.0,31,15,67,0.5,67,21,31,0.902,7,0,33.8,14,1,62.0,2023-06-01
132492,10149,7099,7099,3,1,5,15,17,22,1,2,7,13,17,10,5,5,13,7,6,2,8,1,0,0,1,8,2,False,,,2,5,7,9,1,0.5,3,1,3,1,4,2,4,2,0.818,0.8640000000000001,1.154,1.206,188.0,212.4,76,29,87,0.652,87,47,76,0.776,17,4,42.0,17,2,44.2,2023-06-02
132493,10149,7099,7099,4,0,1,11,13,21,1,11,13,15,21,4,2,2,13,3,10,2,3,1,3,3,1,3,2,False,,,4,5,0,8,1,0.5,3,1,3,1,10,3,1,1,0.6120000000000001,0.8640000000000001,1.0999999999999999,1.454,150.0,229.8,42,24,72,0.662,72,32,42,0.786,8,1,34.6,15,1,52.6,2023-06-02
157738,879,14809,879,2,5,11,12,21,22,5,11,16,21,22,13,8,5,6,2,4,2,3,2,7,7,2,3,2,False,,,7,4,3,5,0,1.0,3,1,2,2,4,4,9,3,1.178,1.396,0.632,0.8140000000000001,230.8,186.6,79,37,62,0.792,62,21,79,0.642,12,2,44.0,12,3,38.6,2024-02-03
144781,13633,13905,13633,6,3,13,15,17,20,13,15,17,20,22,13,5,8,8,4,4,4,5,1,5,5,1,5,4,False,,,4,6,6,5,2,0.0,2,2,4,0,6,4,5,4,0.922,1.06,0.958,1.028,220.2,213.4,84,27,76,0.712,76,29,84,0.732,20,5,52.2,18,1,45.4,2023-10-13
144798,13633,13905,13633,0,11,12,13,15,21,11,12,13,15,21,13,8,5,9,5,4,3,0,1,5,5,1,0,3,False,,,3,4,6,9,2,0.0,2,2,4,1,5,3,1,0,1.018,1.05,0.898,0.984,213.0,199.6,85,38,76,0.702,76,31,85,0.708,17,3,43.4,11,0,43.2,2023-10-13
132430,7448,10417,7448,6,0,7,13,17,22,13,14,15,20,22,13,7,6,11,6,5,4,6,3,2,2,3,6,4,False,,,8,8,4,4,1,0.5,3,1,3,1,6,3,8,4,1.088,1.038,0.9259999999999999,0.8720000000000001,209.4,190.2,90,28,81,0.75,81,28,90,0.658,15,3,42.4,12,1,40.8,2023-05-23
132431,7448,10417,10417,0,11,12,13,15,21,11,12,13,15,21,3,1,2,13,10,3,0,9,0,1,1,0,9,0,False,,,3,4,8,1,0,1.0,3,0,2,2,8,3,5,4,0.538,0.674,1.3820000000000001,1.472,168.6,234.2,41,18,70,0.526,70,37,41,0.89,6,0,33.6,12,0,37.8,2023-05-23
132432,7448,10417,7448,7,0,13,16,19,20,0,8,11,12,13,13,5,8,10,4,6,4,4,5,5,5,5,4,4,False,,,2,7,5,9,1,0.5,2,1,3,1,7,5,6,2,0.748,1.068,0.968,1.262,202.6,224.4,81,38,91,0.722,91,39,81,0.816,14,2,40.8,16,1,43.6,2023-05-23
124724,10421,12373,12373,4,1,11,13,15,21,0,1,11,13,21,9,3,6,13,6,7,6,3,4,3,3,4,3,6,False,,,2,8,4,8,2,0.0,2,2,4,0,7,3,6,4,0.7820000000000001,1.058,0.8460000000000001,1.214,191.0,197.2,76,23,77,0.692,77,23,76,0.674,13,0,37.4,15,2,43.2,2023-05-17
124725,10421,12373,12373,7,0,11,12,13,21,9,11,13,20,22,7,3,4,13,4,9,1,3,2,4,4,2,3,1,False,,,5,7,1,7,1,0.5,2,1,3,1,8,4,3,3,0.7180000000000002,1.002,1.05,1.3239999999999998,190.0,235.8,63,28,86,0.6,86,43,63,0.75,12,0,36.0,23,0,52.4,2023-05-17
164405,15118,14695,15118,8,5,15,17,20,22,0,5,11,17,20,14,6,6,12,6,6,4,5,4,6,6,4,5,4,True,2.0,0.0,6,8,5,7,1,0.5,3,1,3,1,16,10,4,2,0.9340000000000002,1.116,0.8600000000000001,1.102,202.4,214.8,91,30,97,0.624,97,43,91,0.708,25,2,46.4,20,2,39.0,2024-03-17
164406,15118,14695,15118,1,2,5,11,17,20,2,17,20,22,23,13,2,11,3,1,2,3,1,0,1,1,0,1,3,False,,,1,7,5,3,2,0.0,3,2,2,0,3,2,7,2,0.942,1.4400000000000002,0.5640000000000001,0.9339999999999999,250.0,177.4,74,26,47,0.852,47,13,74,0.566,14,1,53.6,7,0,34.2,2024-03-17
154357,14709,9727,9727,2,5,11,12,21,22,5,11,12,21,22,0,0,0,13,1,12,0,1,3,1,1,3,1,0,False,,,3,0,1,9,0,1.0,3,0,2,2,5,0,2,2,0.458,0.34600000000000003,1.6460000000000001,1.5539999999999998,152.0,260.2,30,8,65,0.522,65,27,30,0.832,5,0,29.4,13,0,65.8,2024-01-19
154358,14709,9727,9727,0,9,11,12,15,21,11,12,13,15,21,5,2,3,13,3,10,0,1,3,3,3,3,1,0,False,,,4,3,3,8,0,1.0,3,0,2,2,5,2,4,3,0.702,0.9919999999999998,1.054,1.3199999999999998,200.8,240.4,60,28,81,0.678,81,36,60,0.83,11,2,42.8,19,2,52.8,2024-01-19
167166,10755,10727,10755,6,7,13,15,17,22,7,13,15,17,22,13,9,4,7,4,3,2,4,0,3,3,0,4,2,False,,,5,5,3,7,0,1.0,4,0,2,2,2,2,5,2,1.062,1.0799999999999998,0.9059999999999999,0.9,201.4,191.6,72,27,66,0.7,66,19,72,0.69,12,2,47.6,11,0,41.6,2024-04-12
167167,10755,10727,10755,5,11,13,19,21,22,1,13,16,21,22,13,6,7,9,3,6,3,3,2,5,5,2,3,3,False,,,8,5,5,4,2,0.0,2,2,4,0,7,5,2,0,0.974,1.1199999999999999,0.8779999999999999,1.01,212.6,222.4,84,32,86,0.738,86,32,84,0.728,19,5,48.4,16,2,47.4,2024-04-12
152311,14424,13254,13254,2,5,11,18,21,22,5,11,12,21,22,3,0,3,13,9,4,1,8,0,1,1,0,8,1,False,,,1,5,7,3,0,1.0,3,0,2,2,6,1,4,3,0.298,0.6859999999999999,1.278,1.6300000000000001,174.0,226.8,44,5,68,0.526,68,20,44,0.8,8,0,36.4,12,0,48.0,2023-12-17
152312,14424,13254,13254,9,1,5,7,11,15,1,5,7,15,17,5,3,2,13,4,9,0,3,1,4,4,1,3,0,False,,,4,2,4,8,0,1.0,4,0,2,2,6,2,4,3,0.662,0.6960000000000001,1.2520000000000002,1.3339999999999999,158.8,224.6,48,17,75,0.588,75,29,48,0.832,10,0,36.6,13,1,45.6,2023-12-17
151206,6387,4915,4915,0,11,12,13,15,21,0,11,12,13,21,7,3,4,13,8,5,0,6,1,0,0,1,6,0,False,,,4,7,5,4,1,0.5,3,1,3,1,5,3,5,3,0.8280000000000001,0.9680000000000002,1.032,1.208,196.2,211.4,70,23,74,0.7,74,41,70,0.71,12,0,38.6,19,1,51.4,2023-12-02
153444,14642,14558,14558,4,11,13,15,20,22,3,11,13,15,20,1,1,0,13,2,11,0,1,4,1,1,4,1,0,False,,,3,1,1,9,0,1.0,2,0,2,2,2,0,3,3,0.45600000000000007,0.594,1.374,1.5719999999999998,115.6,264.0,26,12,67,0.43,67,24,26,0.86,3,0,22.6,19,0,85.2,2024-01-21
153445,14642,14558,14558,1,2,3,17,20,22,2,3,17,20,22,4,4,0,13,5,8,0,2,3,5,5,3,2,0,False,,,3,2,3,9,0,1.0,4,0,2,2,1,0,6,4,0.7939999999999999,0.348,1.6220000000000003,1.2180000000000002,166.6,230.4,48,15,72,0.576,72,29,48,0.808,5,0,34.8,14,0,54.0,2024-01-21
119187,2059,1184,1184,6,1,5,7,9,17,12,13,14,15,22,4,1,3,13,9,4,0,8,3,1,1,3,8,0,False,,,0,9,3,5,0,1.0,2,0,2,2,9,3,6,5,0.6639999999999999,0.834,1.1880000000000002,1.3800000000000001,185.2,227.2,50,26,73,0.662,73,33,50,0.8,7,0,38.0,15,1,43.2,2023-04-05
119188,2059,1184,1184,4,1,11,13,15,21,1,8,11,13,15,10,5,5,13,6,7,3,6,3,5,5,3,6,3,False,,,5,6,5,7,1,0.5,3,1,3,1,7,4,5,2,0.762,0.986,1.1019999999999999,1.1940000000000002,178.6,199.0,69,31,83,0.636,83,40,69,0.794,14,1,34.8,15,1,41.0,2023-04-05
166757,12489,14467,12489,5,11,13,19,21,22,9,11,13,21,22,13,4,9,6,3,3,6,3,0,6,6,0,3,6,False,,,4,4,8,3,2,0.0,2,2,3,0,8,5,8,3,0.9179999999999999,1.174,0.8380000000000001,1.052,219.2,220.4,74,27,73,0.696,73,30,74,0.746,13,5,38.4,14,0,39.4,2024-04-14
166758,12489,14467,14467,6,7,13,15,17,22,7,13,15,17,22,10,7,3,13,8,5,2,6,2,6,6,2,6,2,False,,,8,7,4,4,2,0.0,3,2,3,1,9,2,3,3,1.046,0.8460000000000001,1.126,0.9560000000000001,211.2,215.2,83,30,89,0.74,89,39,83,0.74,13,3,35.4,24,3,46.2,2024-04-14
166759,12489,14467,14467,8,0,13,17,20,22,5,15,17,20,22,7,2,5,13,7,6,3,2,1,3,3,1,2,3,False,,,1,6,6,7,1,0.5,3,1,2,1,7,4,4,3,0.5940000000000001,1.058,0.982,1.4620000000000002,164.4,211.8,55,24,72,0.54,72,38,55,0.79,13,0,31.4,16,3,43.2,2024-04-14
163742,11257,9621,9621,5,9,11,13,21,22,8,11,13,21,22,15,9,3,17,9,3,0,1,3,9,9,3,1,0,True,3.0,5.0,8,11,5,8,1,0.5,3,1,3,1,5,2,6,4,1.02,1.032,0.978,0.9720000000000001,211.6,201.4,119,45,112,0.738,112,36,119,0.644,22,1,36.8,25,3,35.6,2024-03-10
163743,11257,9621,11257,8,0,11,17,20,22,5,15,17,20,22,13,2,11,11,1,10,3,-1,0,1,1,0,-1,3,False,,,3,8,4,9,1,0.5,3,1,3,1,7,3,5,1,0.5780000000000001,1.5,0.49399999999999994,1.432,190.8,183.0,80,29,78,0.674,78,31,80,0.702,18,0,44.0,13,0,46.6,2024-03-10
163744,11257,9621,11257,9,5,7,15,17,22,5,15,17,20,22,15,8,4,13,8,4,1,2,0,10,10,0,2,1,True,3.0,1.0,9,7,7,5,0,1.0,4,1,2,2,12,6,5,1,1.28,1.018,0.9880000000000001,0.7180000000000001,211.0,188.4,100,38,94,0.712,94,33,100,0.622,19,1,36.8,21,2,32.6,2024-03-10
155338,6538,6127,6538,1,2,8,17,20,22,2,6,17,20,22,14,3,9,12,3,9,5,2,3,4,4,3,2,5,True,2,0,3,9,4,10,1,0.5,3,1,3,1,7,4,5,3,0.744,1.382,0.688,1.2719999999999998,207.4,192.2,92,44,86,0.686,86,40,92,0.73,20,2,41.8,18,3,37.4,2024-03-09
131817,12097,13075,12097,6,1,8,13,15,17,1,11,13,15,20,13,4,9,4,3,1,4,5,0,1,1,0,5,4,False,,,4,7,5,1,2,0.0,2,2,4,0,4,2,5,1,1.3960000000000001,1.2939999999999998,0.804,0.592,234.0,176.6,72,41,50,0.808,50,28,72,0.578,18,2,51.8,7,0,31.0,2023-05-29
131818,12097,13075,13075,1,9,17,19,20,22,1,3,7,15,17,11,4,7,13,5,8,3,5,2,4,4,2,5,3,False,,,5,2,10,7,1,0.5,3,2,4,2,6,3,3,1,0.6839999999999999,0.998,1.0000000000000002,1.356,209.8,228.8,86,29,95,0.678,95,50,86,0.748,20,2,43.8,20,1,46.8,2023-05-29
131819,12097,13075,12097,4,1,11,13,15,21,1,11,13,15,21,13,6,7,10,5,5,2,6,3,7,7,3,6,2,False,,,7,6,6,4,1,0.5,3,1,3,1,4,3,7,2,1.168,1.092,0.906,0.8959999999999999,219.6,195.2,88,48,75,0.748,75,31,88,0.66,20,1,40.6,16,2,40.0,2023-05-29
144649,13815,9427,9427,8,11,13,15,17,20,0,11,17,20,22,10,5,5,13,7,6,1,5,1,5,5,1,5,1,False,,,6,6,6,5,0,1.0,3,0,2,2,5,3,5,3,0.892,0.978,1.0,1.084,201.6,209.8,80,27,85,0.67,85,32,80,0.76,18,2,42.2,16,1,42.0,2023-10-13
144650,13815,9427,13815,4,1,11,13,15,21,11,13,15,20,22,13,8,5,9,5,4,2,4,2,6,6,2,4,2,False,,,6,5,5,6,1,0.5,3,1,3,1,6,4,3,1,1.09,1.028,0.9480000000000001,0.9279999999999999,206.6,200.0,82,30,78,0.692,78,32,82,0.7,19,4,46.4,15,1,48.0,2023-10-13
144651,13815,9427,13815,1,2,5,17,20,22,2,5,17,20,22,13,9,4,3,0,3,0,0,2,7,7,2,0,0,False,,,8,3,1,4,2,0.0,2,2,3,0,6,5,5,0,1.2719999999999998,1.436,0.472,0.78,236.2,178.6,72,29,48,0.828,48,25,72,0.6,14,4,46.2,8,0,38.0,2023-10-13
157745,14811,14818,14811,6,8,13,15,17,20,1,8,13,15,17,13,4,9,3,3,0,1,4,0,4,4,0,4,1,False,,,3,8,4,1,2,0.0,2,2,4,0,4,4,3,1,1.4600000000000002,1.268,0.7020000000000001,0.462,246.0,159.0,74,18,40,0.828,40,14,74,0.588,16,1,47.8,8,0,32.4,2024-02-04
163450,10725,13188,10725,6,13,15,17,20,22,7,13,15,17,22,13,8,5,11,7,4,1,5,2,7,7,2,5,1,False,,,9,7,5,3,0,1.0,4,0,3,2,4,2,8,4,1.1179999999999999,1.002,1.07,0.8859999999999999,192.2,179.0,81,38,74,0.718,74,36,81,0.694,15,2,45.8,15,2,33.6,2024-03-19
163451,10725,13188,13188,8,0,13,17,20,22,0,5,17,20,22,10,5,5,13,6,7,3,6,3,4,4,3,6,3,False,,,3,5,6,9,0,1.0,4,0,2,2,6,3,12,7,0.7040000000000001,1.084,1.0059999999999998,1.2879999999999998,185.6,224.4,69,40,89,0.714,89,46,70,0.792,10,1,36.8,18,1,41.4,2024-03-19
163452,10725,13188,13188,1,2,8,17,20,22,2,8,17,20,22,9,5,4,13,6,7,1,7,3,-2,-2,3,7,1,False,,,3,6,4,9,1,0.5,3,1,3,1,8,5,3,2,0.772,0.954,1.1380000000000001,1.314,175.4,213.2,62,31,81,0.648,81,49,62,0.808,11,1,35.4,18,0,41.4,2024-03-19
134234,12373,12097,12097,6,13,15,17,20,22,1,8,13,15,17,4,2,2,13,3,10,1,0,3,3,3,3,0,1,False,,,3,3,2,9,1,0.5,3,1,2,1,9,1,3,1,0.5900000000000001,0.9039999999999999,1.2280000000000002,1.4140000000000001,175.0,229.4,50,18,70,0.602,70,44,51,0.812,8,0,34.4,15,1,59.0,2023-06-23
134235,12373,12097,12373,0,11,12,13,15,21,11,12,13,15,21,13,11,2,5,4,1,0,3,0,9,9,0,3,0,False,,,9,3,3,3,1,0.5,2,1,3,1,4,2,3,2,1.568,0.8039999999999999,1.1360000000000001,0.42800000000000005,232.4,160.2,76,27,48,0.754,48,13,76,0.522,14,0,59.6,9,0,34.0,2023-06-23
134236,12373,12097,12373,4,3,9,17,20,22,0,1,11,13,21,13,8,5,4,0,4,3,1,3,5,5,3,1,3,False,,,5,4,1,7,2,0.0,2,2,4,0,4,4,3,1,0.978,1.3160000000000003,0.652,0.982,218.0,197.4,71,25,56,0.776,56,19,71,0.626,15,3,44.2,9,0,44.4,2023-06-23
151603,17,4733,4733,6,7,13,15,17,22,1,13,15,17,21,9,3,6,13,6,7,1,6,6,1,1,6,6,1,False,,,4,6,6,6,0,1.0,4,0,2,2,3,1,7,4,0.696,1.0299999999999998,0.9359999999999999,1.3439999999999999,198.8,216.4,75,24,84,0.674,84,34,75,0.746,21,1,45.0,17,1,43.4,2023-12-14
151604,17,4733,17,0,11,12,13,15,21,11,12,13,15,21,13,3,10,6,2,4,2,1,0,2,2,0,1,2,False,,,4,9,3,3,1,0.5,3,1,2,1,2,2,6,2,1.018,1.46,0.622,0.982,221.8,170.6,77,39,52,0.808,52,24,77,0.608,17,1,53.0,8,0,38.4,2023-12-14
151605,17,4733,17,4,11,13,15,20,22,0,1,7,13,17,14,3,9,12,3,9,4,4,2,1,1,2,4,4,True,2.0,0.0,5,9,4,8,1,0.5,2,1,3,1,7,3,5,1,0.804,1.342,0.6599999999999999,1.2939999999999998,200.8,195.0,93,40,85,0.768,85,46,93,0.708,19,1,39.6,17,1,37.4,2023-12-14
155341,1316,6538,6538,1,7,8,15,22,23,2,8,17,20,22,3,2,1,13,3,10,0,3,2,1,1,2,3,0,False,,,4,2,2,8,0,1.0,3,0,2,2,5,2,3,2,0.4820000000000001,0.6739999999999999,1.224,1.512,143.8,247.4,39,12,75,0.476,75,31,39,0.874,9,2,34.6,20,1,65.2,2024-03-10
122111,9508,7940,7940,4,0,1,5,11,21,1,7,11,13,15,12,8,4,14,8,4,2,8,1,2,2,1,8,2,True,0.0,2.0,6,8,5,7,2,0.0,2,2,4,0,6,3,1,1,1.138,0.8220000000000001,1.254,0.9280000000000002,183.8,201.0,82,37,91,0.66,91,46,82,0.738,18,2,39.6,17,1,48.6,2023-03-29
122112,9508,7940,9508,3,1,2,5,12,14,1,2,13,14,19,13,3,10,5,2,3,2,1,3,1,1,3,1,2,False,,,3,6,6,3,1,0.5,3,2,3,1,3,2,4,1,0.998,1.366,0.628,1.0379999999999998,226.6,168.4,74,36,51,0.834,51,17,74,0.634,13,3,51.4,9,1,40.4,2023-03-29
122113,9508,7940,9508,7,0,11,12,13,21,0,12,13,16,21,13,6,7,8,5,3,5,5,0,6,6,0,5,5,False,,,6,3,9,3,1,0.5,3,1,3,2,3,2,7,3,1.23,1.122,0.9260000000000002,0.8560000000000001,224.2,192.8,80,62,71,0.798,71,33,80,0.746,18,2,47.8,14,1,39.0,2023-03-29
134574,188,2359,188,6,0,13,17,20,22,7,13,15,17,22,13,8,5,7,3,4,1,3,2,7,7,2,3,1,False,,,3,4,4,9,2,0.0,2,2,4,0,6,4,10,4,0.9819999999999999,1.228,0.7799999999999999,1.0219999999999998,195.4,192.8,73,33,64,0.78,64,24,73,0.75,14,2,38.0,13,0,47.0,2023-07-22
134575,188,2359,188,7,9,11,13,20,22,9,11,13,20,22,13,6,7,9,3,6,4,4,1,7,7,1,4,4,False,,,3,7,3,9,1,0.5,3,1,3,1,6,4,7,5,0.8859999999999999,1.146,0.9,1.1720000000000002,202.2,222.0,77,37,84,0.728,84,43,77,0.8,20,5,39.8,12,0,44.0,2023-07-22
134576,188,2359,2359,8,0,1,5,17,20,0,11,17,20,22,11,6,5,13,7,6,0,2,2,1,1,2,2,0,False,,,2,6,6,10,1,0.5,3,1,3,1,6,4,4,2,0.7660000000000001,0.954,1.0899999999999999,1.174,182.8,207.8,75,22,87,0.702,87,39,75,0.76,17,3,40.4,18,1,48.0,2023-07-22
134577,188,2359,2359,4,1,11,13,15,21,0,1,11,13,21,10,9,1,13,10,3,0,9,0,8,8,0,9,0,False,,,8,3,8,4,0,1.0,4,1,3,2,3,1,7,1,1.152,0.5559999999999999,1.458,0.8019999999999999,182.4,218.6,73,31,93,0.636,93,29,73,0.81,15,2,35.6,12,0,41.4,2023-07-22
134578,188,2359,2359,1,0,5,17,20,22,2,3,9,17,20,7,2,5,13,7,6,3,5,2,-1,-1,2,5,3,False,,,2,6,6,6,0,1.0,5,0,2,2,6,2,5,3,0.5660000000000001,0.8899999999999999,1.1760000000000002,1.412,163.0,224.0,54,19,80,0.58,80,44,54,0.81,11,1,38.0,19,2,49.2,2023-07-22
167189,15021,15117,15117,2,5,11,12,21,22,5,11,12,21,22,12,6,6,14,6,6,1,4,1,3,3,1,4,1,True,0.0,2.0,6,10,3,7,2,0.0,3,2,4,1,6,2,4,2,1.024,1.1260000000000001,0.8560000000000001,1.016,204.8,182.0,94,31,80,0.73,80,40,94,0.646,21,1,44.6,21,1,35.6,2024-04-30
167190,15021,15117,15117,0,5,11,12,15,21,1,11,12,15,22,8,4,4,13,8,5,0,6,0,4,4,0,6,0,False,,,5,6,6,4,1,0.5,4,1,3,2,4,2,3,2,1.0020000000000002,0.8819999999999999,1.202,1.03,171.2,190.8,61,29,69,0.664,69,38,61,0.676,15,1,39.4,12,2,41.2,2024-04-30
127890,12183,11078,12183,3,1,2,5,7,17,1,2,13,17,20,13,7,6,9,4,5,1,5,2,5,5,2,5,1,False,,,6,5,5,6,0,1.0,3,0,3,2,6,5,6,2,1.19,1.2040000000000002,0.8019999999999999,0.8,225.8,197.8,89,43,75,0.782,75,20,89,0.638,19,2,50.8,16,3,40.6,2023-04-25
127891,12183,11078,12183,0,11,12,13,15,21,11,12,13,15,21,13,4,9,3,3,0,4,3,0,2,2,0,3,4,False,,,4,11,1,0,2,0.0,2,2,3,0,5,5,6,1,1.5340000000000003,1.362,0.696,0.34400000000000003,243.2,165.0,72,33,40,0.85,40,15,72,0.464,15,1,49.0,9,0,33.2,2023-04-25
142944,6779,4396,4396,4,1,3,11,15,21,1,11,13,15,21,7,3,4,13,8,5,2,7,3,2,2,3,7,2,False,,,3,9,3,5,0,1.0,3,0,2,2,3,0,6,4,0.7799999999999999,0.9179999999999999,1.0239999999999998,1.1960000000000002,196.2,212.4,67,22,78,0.7,78,29,67,0.71,9,2,37.0,16,3,42.0,2023-09-28
142945,6779,4396,4396,1,2,3,17,20,22,2,17,19,20,22,4,1,3,13,9,4,0,12,2,1,1,2,12,0,False,,,1,5,7,4,1,0.5,3,1,3,1,6,3,2,2,0.572,0.8480000000000001,1.172,1.3800000000000001,193.0,243.6,53,20,76,0.554,76,33,53,0.808,11,0,40.0,14,3,46.2,2023-09-28
164450,14469,13849,14469,1,2,7,8,17,22,2,6,17,20,23,13,7,6,6,6,0,3,4,0,7,7,0,4,3,False,,,5,9,3,2,1,0.5,3,2,3,1,4,2,7,1,1.576,1.024,0.952,0.4,237.8,177.4,82,32,57,0.756,57,27,82,0.56,22,3,48.0,11,3,36.2,2024-03-26
164451,14469,13849,14469,6,7,13,15,17,22,7,13,15,17,22,13,6,7,11,5,6,4,6,4,3,3,4,6,4,False,,,5,8,4,7,0,1.0,3,0,2,2,5,3,7,2,0.7699999999999999,1.11,0.8779999999999999,1.238,204.2,213.2,87,32,93,0.75,93,43,87,0.826,15,4,44.0,17,1,44.0,2024-03-26
147891,1470,2290,2290,1,2,3,17,20,22,2,3,17,20,22,11,1,10,13,2,11,1,2,4,1,1,4,2,1,False,,,2,10,2,10,1,0.5,2,1,3,1,6,3,5,1,0.558,1.4780000000000002,0.5199999999999999,1.4520000000000002,198.8,196.2,85,25,86,0.698,86,41,85,0.694,19,1,42.0,18,2,37.0,2023-10-31
122128,7397,10402,7397,8,0,5,17,19,20,0,1,11,17,20,13,3,10,2,2,0,1,2,0,3,3,0,2,1,False,,,3,8,4,0,2,0.0,2,2,3,0,4,4,5,1,1.454,1.344,0.7140000000000001,0.4720000000000001,239.4,162.2,68,33,39,0.878,39,24,68,0.624,14,3,50.4,4,0,25.8,2023-03-22
123111,9507,3136,3136,7,0,8,11,13,16,0,11,13,20,22,3,3,0,13,4,9,0,3,3,3,3,3,3,0,False,,,4,2,2,8,0,1.0,5,0,2,2,4,1,4,3,0.642,0.32999999999999996,1.684,1.3619999999999999,150.2,256.2,38,20,77,0.538,77,31,38,0.902,6,1,32.2,17,1,51.6,2023-04-13
123112,9507,3136,3136,4,1,11,13,15,21,1,11,13,15,21,5,3,2,13,4,9,0,4,3,1,1,3,4,0,False,,,4,3,3,8,1,0.5,3,1,3,1,3,1,3,2,0.696,0.702,1.304,1.292,170.4,239.6,53,18,79,0.622,79,38,53,0.79,12,1,37.6,12,3,49.0,2023-04-13
110809,6751,9077,9077,5,11,13,19,21,22,11,13,19,21,22,5,2,3,13,9,4,1,11,2,-1,-1,2,11,1,False,,,3,6,6,3,1,0.5,4,1,3,1,4,1,1,1,0.762,0.728,1.2639999999999998,1.284,154.4,230.2,45,18,75,0.522,75,29,45,0.864,10,0,34.6,17,1,55.6,2023-02-23
110810,6751,9077,6751,6,1,7,13,15,17,1,13,15,18,23,13,7,6,7,2,5,3,2,1,6,6,1,2,3,False,,,8,5,3,4,2,0.0,2,2,3,0,5,4,4,2,1.056,1.2959999999999998,0.6799999999999999,0.9700000000000001,219.0,186.4,79,34,63,0.73,63,21,79,0.64,18,1,43.8,13,0,46.2,2023-02-23
110811,6751,9077,6751,8,0,17,19,20,22,1,5,12,15,17,13,7,6,6,1,5,2,1,0,6,6,0,1,2,False,,,8,6,1,4,0,1.0,4,1,2,2,0,0,10,3,1.1440000000000001,1.574,0.47000000000000003,0.9019999999999999,219.6,169.2,75,40,54,0.83,54,20,75,0.612,15,2,48.8,12,0,33.2,2023-02-23
145952,6035,1458,1458,6,7,13,14,15,22,13,15,17,20,22,8,4,4,13,5,8,2,4,3,4,4,3,4,2,False,,,2,2,7,10,2,0.0,2,2,4,0,9,4,5,5,0.724,0.9480000000000001,1.012,1.24,176.2,215.6,64,17,80,0.618,80,26,64,0.752,8,1,31.2,24,0,49.2,2023-10-27
145953,6035,1458,6035,0,7,11,13,15,16,7,11,12,15,22,13,10,3,10,8,2,1,6,1,5,5,1,6,1,False,,,8,4,7,4,1,0.5,3,1,3,1,5,2,9,3,1.318,0.8160000000000001,1.236,0.624,214.6,179.2,88,31,71,0.748,71,34,88,0.634,17,0,45.4,12,0,36.6,2023-10-27
145954,6035,1458,6035,9,3,7,15,17,22,1,7,15,17,22,14,6,6,12,6,6,3,5,1,3,3,1,5,3,True,2.0,0.0,5,6,7,8,1,0.5,3,1,3,1,8,3,3,3,0.9,0.952,1.064,1.056,194.2,213.8,89,30,100,0.616,100,35,89,0.76,20,4,36.4,24,0,43.6,2023-10-27
155555,13368,8369,8369,6,13,15,17,20,22,6,13,15,17,20,8,7,1,13,8,5,0,8,2,3,3,2,8,0,False,,,6,4,5,6,1,0.5,3,1,4,1,7,3,2,2,1.234,0.7060000000000001,1.234,0.7580000000000001,200.0,200.4,72,33,73,0.752,73,23,72,0.676,13,0,43.2,15,3,41.6,2024-02-08
155556,13368,8369,13368,5,11,13,19,21,22,11,13,19,21,22,13,5,8,10,4,6,2,4,2,5,5,2,4,2,False,,,7,8,4,4,2,0.0,2,2,4,1,8,5,6,3,1.028,1.25,0.746,0.958,220.8,178.0,89,28,69,0.746,69,18,89,0.576,16,1,41.4,12,4,38.4,2024-02-08
155557,13368,8369,8369,8,11,15,17,20,22,0,11,17,20,22,3,0,3,13,9,4,1,9,0,0,0,0,9,1,False,,,0,4,8,4,0,1.0,4,0,2,2,5,1,4,4,0.434,0.8039999999999999,1.204,1.558,159.2,219.4,40,17,66,0.64,66,30,40,0.864,8,1,37.4,17,1,48.8,2024-02-08
169283,14523,12485,14523,2,5,11,21,22,23,0,5,21,22,23,13,4,9,8,3,5,2,3,1,2,2,1,3,2,False,,,7,8,4,2,0,1.0,4,1,3,2,3,2,8,3,0.884,1.3980000000000001,0.6379999999999999,1.05,205.4,158.4,79,26,57,0.734,57,24,79,0.56,16,0,53.4,11,1,31.4,2024-05-03
169284,14523,12485,14523,9,5,8,12,15,17,1,5,8,15,17,15,7,5,13,7,5,2,7,2,8,8,2,7,2,True,3.0,1.0,6,6,8,8,2,0.0,2,2,4,0,11,6,4,4,1.136,0.9800000000000001,1.018,0.9219999999999999,199.6,207.0,97,46,100,0.714,100,44,97,0.692,18,4,33.4,18,1,42.0,2024-05-03
162977,5832,14159,5832,6,7,13,15,17,22,7,13,15,17,22,13,6,7,9,5,4,3,5,1,6,6,1,5,3,False,,,6,5,7,4,1,0.5,4,1,3,2,2,1,9,4,1.0900000000000003,1.218,0.788,0.874,213.8,189.2,85,31,72,0.736,72,21,85,0.674,16,2,44.6,15,4,42.0,2024-03-08
162978,5832,14159,5832,5,11,13,18,21,22,11,12,13,21,22,13,7,6,5,0,5,1,-1,2,6,6,2,-1,1,False,,,6,6,0,6,2,0.0,2,2,3,0,5,3,5,1,1.044,1.5479999999999998,0.4159999999999999,0.9200000000000002,220.6,166.6,75,15,48,0.766,48,17,75,0.568,9,1,41.8,12,0,37.4,2024-03-08
147302,6985,13847,13847,4,5,12,15,17,21,0,1,11,13,20,11,8,3,13,9,4,1,8,2,7,7,2,8,1,False,,,10,4,8,2,2,0.0,2,2,4,0,7,3,2,1,1.176,0.8220000000000001,1.276,0.7719999999999999,190.0,193.6,79,43,79,0.726,79,35,79,0.67,19,0,39.0,15,1,38.0,2023-10-29
147303,6985,13847,6985,6,0,1,7,11,13,5,15,17,20,22,13,7,6,7,6,1,2,5,0,6,6,0,5,2,False,,,6,4,8,2,1,0.5,3,2,4,1,2,2,3,1,1.3279999999999998,1.116,0.95,0.736,222.2,192.4,79,45,63,0.75,63,30,79,0.66,18,4,51.6,14,1,37.0,2023-10-29
147304,6985,13847,6985,1,7,12,15,17,22,2,9,18,20,23,13,6,7,5,5,0,4,4,0,5,5,0,4,4,False,,,4,6,6,2,2,0.0,3,2,4,0,4,4,5,1,1.6420000000000001,1.1019999999999999,0.9599999999999997,0.354,234.4,193.6,78,39,61,0.788,61,32,78,0.676,17,4,58.8,5,1,33.2,2023-10-29
135798,8240,11678,8240,7,9,11,13,20,22,0,11,12,13,21,13,6,7,8,5,3,4,3,0,2,2,0,3,4,False,,,3,5,7,6,0,1.0,4,0,3,2,1,1,12,5,1.3080000000000003,1.056,0.978,0.6859999999999999,216.8,184.0,85,29,65,0.828,65,30,85,0.648,14,1,50.2,6,0,38.6,2023-07-30
135799,8240,11678,8240,4,0,1,11,13,21,11,13,15,20,22,13,5,8,11,4,7,2,2,3,3,3,3,2,2,False,,,5,10,2,7,1,0.5,3,1,3,1,3,2,11,6,0.974,1.256,0.776,1.012,211.6,198.2,92,38,81,0.768,81,34,92,0.716,17,1,42.6,15,3,39.2,2023-07-30
135800,8240,11678,8240,1,3,9,17,20,22,2,9,17,18,20,13,3,10,2,2,0,1,2,0,0,0,0,2,1,False,,,2,8,4,1,1,0.5,3,2,3,1,1,1,5,0,1.478,1.348,0.632,0.4779999999999999,246.2,149.8,70,23,37,0.8,37,17,70,0.534,15,2,65.4,8,0,33.8,2023-07-30
129040,11273,10188,10188,7,9,11,13,20,22,9,11,13,20,22,12,8,4,14,8,4,2,-1,2,10,10,2,-1,2,True,0,2,8,7,6,5,1,0.5,3,1,3,1,6,3,11,7,1.0939999999999999,0.9200000000000002,1.02,0.914,205.6,195.2,96,36,90,0.714,90,28,96,0.66,21,2,40.4,17,4,43.4,2023-05-15
160157,14773,14811,14773,6,7,13,15,17,22,13,15,17,18,20,13,8,5,8,4,4,1,0,0,10,10,0,0,1,False,,,9,4,5,3,0,1.0,4,0,2,2,3,2,6,2,1.2040000000000002,1.152,0.9,0.776,232.6,176.0,85,33,65,0.83,65,35,85,0.646,17,1,48.0,16,1,33.4,2024-02-29
160158,14773,14811,14773,2,0,5,21,22,23,9,14,21,22,23,13,3,10,2,2,0,2,1,0,2,2,0,1,2,False,,,1,9,3,2,2,0.0,2,2,4,0,3,3,3,1,1.318,1.4,0.624,0.558,246.0,153.6,69,28,37,0.84,37,16,69,0.546,16,1,55.2,5,0,28.8,2024-02-29
130222,8924,4538,8924,8,5,11,15,17,19,1,5,11,15,20,14,2,10,12,2,10,3,2,3,-1,-1,3,2,3,True,2,0,1,13,0,12,1,0.5,4,2,3,2,7,2,5,2,0.6519999999999999,1.472,0.5279999999999999,1.3199999999999998,207.4,193.0,95,43,90,0.738,90,27,95,0.6,22,1,43.4,22,3,41.8,2023-05-15
155234,4050,6665,4050,9,1,5,8,15,17,5,12,15,17,21,13,5,8,6,4,2,4,4,0,5,5,0,4,4,False,,,2,10,2,5,1,0.5,3,1,3,1,2,2,12,3,1.166,1.306,0.6679999999999999,0.7620000000000001,222.4,153.8,80,28,47,0.808,47,17,80,0.516,16,1,49.4,6,2,24.4,2024-02-04
155235,4050,6665,4050,6,13,15,17,21,22,3,7,15,17,22,13,10,3,3,1,2,2,1,0,4,4,0,1,2,False,,,9,2,2,3,1,0.5,3,2,2,1,3,2,6,1,1.2680000000000002,1.27,0.688,0.73,234.4,175.4,70,34,46,0.852,46,16,70,0.578,14,3,54.2,9,1,32.8,2024-02-04
164459,15208,15289,15289,8,5,11,15,17,20,0,1,5,17,20,3,0,3,13,9,4,1,8,1,0,0,1,8,1,False,,,1,3,9,3,0,1.0,4,0,2,2,7,1,4,4,0.336,0.76,1.2819999999999998,1.6239999999999999,165.0,249.6,41,17,74,0.576,74,32,41,0.888,3,1,31.0,17,0,61.8,2024-03-26
164460,15208,15289,15289,5,11,13,18,21,22,9,13,21,22,23,8,7,1,13,11,2,0,8,0,7,7,0,8,0,False,,,5,5,7,4,1,0.5,3,1,3,1,7,1,4,3,1.308,0.586,1.3379999999999999,0.6739999999999999,184.8,199.8,67,22,76,0.646,76,15,67,0.678,12,1,44.2,19,1,48.6,2024-03-26
166593,14958,7511,7511,9,1,5,7,15,17,1,5,7,15,17,10,3,7,13,5,8,3,7,3,3,3,3,7,3,False,,,3,7,5,8,1,0.5,3,1,3,1,6,4,4,4,0.7540000000000001,1.15,0.866,1.3119999999999998,193.4,215.8,77,36,87,0.672,87,46,77,0.758,10,1,38.8,16,1,37.4,2024-04-18
166594,14958,7511,7511,1,2,3,17,20,22,2,8,17,20,22,5,2,3,13,9,4,1,10,1,2,2,1,10,1,False,,,2,4,8,4,1,0.5,3,1,3,1,9,2,2,2,0.71,0.7739999999999999,1.192,1.25,170.4,229.4,52,17,76,0.624,76,25,52,0.82,10,0,40.0,15,2,54.0,2024-04-18
152308,14444,14448,14444,4,1,11,13,15,21,1,11,13,15,21,13,8,5,7,3,4,1,1,1,6,6,1,1,1,False,,,5,6,2,7,0,1.0,4,0,2,2,5,4,8,3,1.174,1.156,0.8260000000000002,0.85,208.0,179.0,76,43,65,0.76,65,22,76,0.69,15,3,52.6,13,1,42.4,2023-12-17
152309,14444,14448,14444,0,11,12,13,15,21,11,12,13,15,21,13,3,10,6,2,4,0,1,1,2,2,1,1,0,False,,,2,8,4,5,2,0.0,3,2,3,0,4,2,7,4,0.706,1.528,0.5399999999999999,1.174,217.0,165.8,76,34,54,0.766,54,21,76,0.58,18,2,53.8,10,0,40.8,2023-12-17
140208,13557,4611,4611,4,1,11,13,15,21,11,13,15,17,21,8,4,4,13,5,8,2,6,0,4,4,0,6,2,False,,,4,5,4,8,1,0.5,4,1,2,1,6,4,2,1,0.6719999999999999,0.834,1.154,1.314,158.0,220.8,55,17,84,0.57,84,28,55,0.8,10,2,35.6,17,0,45.0,2023-09-02
148131,2755,9814,2755,6,7,13,14,15,22,13,15,17,20,22,13,3,10,11,2,9,5,-1,4,4,4,4,-1,5,False,,,6,6,6,6,2,0.0,2,2,4,1,11,4,3,0,0.718,1.256,0.6880000000000001,1.276,212.0,200.0,89,26,88,0.718,88,31,90,0.668,15,1,38.0,20,0,41.8,2023-11-16
148132,2755,9814,2755,1,2,8,17,20,22,2,3,17,19,20,13,7,6,9,6,3,2,7,2,7,7,2,7,2,False,,,7,7,5,3,2,0.0,2,2,4,0,5,3,4,2,1.208,1.0779999999999998,0.9279999999999999,0.792,205.8,167.6,81,29,61,0.736,61,26,81,0.548,14,2,37.6,16,1,36.6,2023-11-16
138250,5038,12756,5038,3,1,2,11,13,17,1,2,11,13,17,13,8,5,11,7,4,3,1,1,9,9,1,1,3,False,,,6,5,7,6,0,1.0,4,0,2,2,2,1,11,5,1.026,0.876,1.142,0.9800000000000001,191.2,181.8,82,27,76,0.726,76,41,82,0.782,16,1,42.6,19,1,44.0,2023-08-06
138251,5038,12756,5038,1,2,3,17,20,22,2,5,17,20,22,13,3,10,6,2,4,5,1,1,3,3,1,1,5,False,,,4,5,7,3,2,0.0,2,2,2,0,6,2,11,3,0.9960000000000001,1.326,0.7240000000000001,0.9719999999999999,224.6,180.0,78,32,57,0.78,57,24,78,0.686,14,0,48.4,10,1,41.0,2023-08-06
143759,11836,11845,11836,8,0,11,17,20,22,0,5,11,17,20,15,3,9,13,3,9,3,0,2,5,5,2,0,3,True,3.0,1.0,4,10,4,10,1,0.5,3,1,3,1,7,3,5,3,0.6980000000000001,1.454,0.566,1.27,199.6,171.6,97,40,83,0.714,83,34,97,0.652,20,1,39.4,13,0,30.0,2023-10-12
143760,11836,11845,11836,0,11,12,13,15,21,11,12,13,15,21,13,3,10,11,2,9,4,3,1,2,2,1,3,4,False,,,3,10,2,9,2,0.0,2,2,4,0,11,4,2,1,0.6960000000000001,1.4439999999999997,0.6279999999999999,1.332,184.4,186.8,79,34,74,0.644,74,41,79,0.652,16,0,33.4,17,0,42.8,2023-10-12
160449,15121,10448,10448,5,11,13,18,21,22,11,13,18,21,22,11,2,9,13,3,10,4,4,2,3,3,2,4,4,False,,,6,9,3,6,1,0.5,3,1,3,1,8,5,4,1,0.5479999999999999,1.35,0.652,1.45,193.4,218.4,80,30,91,0.692,91,28,80,0.71,17,0,39.2,21,1,44.2,2024-02-17
160450,15121,10448,10448,0,11,12,13,15,21,11,13,15,19,21,7,5,2,13,6,7,0,1,1,3,3,1,1,0,False,,,4,2,6,8,0,1.0,4,0,2,2,3,0,7,5,0.9,0.8079999999999998,1.1800000000000002,1.14,185.6,214.8,62,34,78,0.66,78,35,62,0.83,11,1,42.6,17,0,44.6,2024-02-17
131117,7269,4094,7269,4,1,14,15,19,22,1,11,13,15,21,13,8,5,7,3,4,1,2,2,1,1,2,2,1,False,,,4,4,4,8,2,0.0,2,2,3,0,4,4,5,3,1.1300000000000001,1.242,0.776,0.9019999999999999,206.4,177.4,77,41,56,0.82,56,25,77,0.66,14,1,43.0,8,2,38.4,2023-06-09
131118,7269,4094,4094,8,13,15,17,20,22,0,8,17,20,22,5,3,2,13,10,3,2,7,1,-1,-1,1,7,2,False,,,1,3,9,5,0,1.0,3,0,2,2,4,0,5,4,1.03,0.6960000000000001,1.376,0.9700000000000001,171.0,225.2,50,22,71,0.634,71,38,50,0.81,9,0,41.0,12,0,44.2,2023-06-09
131119,7269,4094,7269,3,1,2,7,13,17,1,2,11,13,20,13,10,3,4,2,2,1,2,1,4,4,1,2,1,False,,,4,4,1,8,1,0.5,3,1,3,1,2,2,8,2,1.332,1.426,0.514,0.718,234.2,175.4,74,35,50,0.88,50,19,74,0.566,17,4,55.8,12,1,40.4,2023-06-09
131120,7269,4094,7269,6,13,15,17,20,22,8,15,17,20,22,13,7,6,6,1,5,1,1,3,5,5,3,1,1,False,,,6,6,1,6,1,0.5,3,2,4,1,4,3,7,1,1.08,1.5539999999999998,0.43,0.884,230.8,183.6,82,34,61,0.852,61,19,82,0.644,17,2,52.2,8,1,36.2,2023-06-09
168879,14278,14722,14278,1,2,8,17,20,22,3,4,17,20,22,13,6,7,9,3,6,1,3,5,-1,-1,5,3,1,False,,,5,5,5,7,0,1.0,3,0,3,2,2,1,6,2,1.116,1.356,0.718,0.9179999999999999,236.4,196.8,93,50,75,0.8,75,34,93,0.672,19,3,47.8,14,3,37.4,2024-04-26
168880,14278,14722,14278,6,7,13,15,17,22,1,8,13,15,17,13,6,7,6,0,6,0,2,4,6,6,4,2,0,False,,,5,6,1,7,2,0.0,2,2,4,0,4,3,6,2,0.9639999999999999,1.6279999999999997,0.386,1.02,217.8,172.4,75,36,53,0.82,53,13,75,0.548,15,1,43.8,11,1,40.0,2024-04-26
161506,14773,3351,14773,2,0,5,21,22,23,5,11,21,22,23,13,7,6,10,6,4,2,5,1,7,7,1,5,2,False,,,6,6,6,5,0,1.0,4,0,2,2,0,0,8,4,1.1620000000000001,0.958,0.9960000000000001,0.778,202.8,186.2,82,22,76,0.688,76,17,82,0.626,16,1,42.4,16,0,41.6,2024-03-17
161507,14773,3351,14773,0,11,12,13,15,21,5,11,12,15,21,13,9,4,3,0,3,1,1,1,8,8,1,1,1,False,,,5,4,0,7,2,0.0,2,2,3,0,4,4,3,1,1.252,1.6560000000000001,0.326,0.8160000000000001,256.0,172.8,74,40,44,0.852,44,24,74,0.576,19,2,49.2,9,0,37.0,2024-03-17
141513,7967,5719,7967,8,0,5,14,17,20,5,11,15,17,20,13,6,7,8,5,3,0,4,1,6,6,1,4,0,False,,,6,9,3,3,1,0.5,3,1,3,1,7,5,6,2,1.1860000000000002,1.246,0.738,0.8160000000000001,206.8,158.8,77,28,59,0.792,59,18,77,0.658,20,2,51.4,10,1,34.2,2023-09-21
153253,5310,4572,4572,2,5,11,12,21,22,5,11,12,21,22,6,4,2,13,5,8,1,5,0,2,2,0,5,1,False,,,6,4,3,6,1,0.5,3,1,3,1,9,3,4,3,0.7120000000000001,0.8240000000000001,1.16,1.316,159.4,231.0,52,24,80,0.568,80,36,52,0.82,6,2,29.0,16,2,54.4,2024-02-03
153254,5310,4572,5310,6,7,13,15,17,22,1,5,12,14,15,13,10,3,7,5,2,1,6,0,6,6,0,6,1,False,,,7,4,4,5,1,0.5,3,1,3,1,2,1,13,6,1.2419999999999998,1.1480000000000001,0.858,0.722,227.4,160.6,85,21,56,0.81,56,30,85,0.65,18,2,50.0,13,2,33.8,2024-02-03
153255,5310,4572,5310,1,0,7,17,20,22,2,12,17,20,22,13,9,4,7,4,3,1,5,1,7,7,1,5,1,False,,,9,6,2,3,2,0.0,2,2,3,0,5,3,6,3,1.288,0.966,1.042,0.6880000000000001,221.8,193.4,84,26,66,0.81,66,30,84,0.66,13,3,42.8,12,2,49.0,2024-02-03
169084,15300,10149,10149,1,1,2,5,8,17,2,5,17,20,22,10,6,4,13,8,5,3,7,3,6,6,3,7,3,False,,,6,5,7,5,0,1.0,4,1,3,2,1,1,3,2,1.0500000000000003,0.9180000000000001,1.1179999999999999,0.998,205.6,208.8,79,36,85,0.682,85,41,79,0.732,14,1,44.6,16,2,42.8,2024-04-06
169085,15300,10149,15300,6,1,8,13,15,17,7,13,15,17,22,13,8,5,10,6,4,2,7,1,8,8,1,7,2,False,,,7,6,5,5,2,0.0,3,2,4,0,5,3,6,4,1.0939999999999999,0.8300000000000001,1.13,0.9339999999999999,196.8,202.6,81,34,84,0.746,83,33,81,0.734,17,2,43.0,17,0,46.4,2024-04-06
169086,15300,10149,15300,0,1,5,11,15,21,11,12,13,15,21,13,10,3,4,2,2,1,2,0,10,10,0,2,1,False,,,6,3,2,6,1,0.5,3,1,3,1,2,2,4,2,1.38,1.162,0.874,0.626,226.6,162.2,71,37,43,0.766,43,13,71,0.554,17,1,55.4,9,1,37.8,2024-04-06
161452,14773,14809,14809,6,7,13,15,17,22,11,13,15,17,20,10,6,4,13,7,6,1,7,3,5,5,3,7,1,False,,,7,3,8,5,1,0.5,3,1,3,1,3,1,7,5,0.93,0.8699999999999999,1.2079999999999997,1.102,176.4,212.4,67,35,87,0.636,87,37,67,0.776,14,1,33.6,20,2,54.4,2024-03-02
161453,14773,14809,14773,2,0,5,21,22,23,5,11,21,22,23,13,2,11,11,1,10,1,1,2,2,2,2,1,1,False,,,0,9,3,12,1,0.5,3,1,3,1,4,2,5,2,0.6620000000000001,1.55,0.414,1.31,199.2,182.6,86,31,78,0.726,78,17,86,0.626,16,1,41.4,12,2,34.8,2024-03-02
161454,14773,14809,14773,0,11,12,13,15,21,11,13,15,17,21,13,9,4,9,6,3,1,5,0,9,9,0,5,1,False,,,8,4,6,4,1,0.5,3,1,3,1,4,3,9,3,1.2280000000000002,1.04,1.004,0.764,217.8,186.0,85,45,71,0.836,71,28,85,0.628,18,2,43.2,16,2,44.6,2024-03-02
157706,879,14805,14805,6,1,8,13,15,17,8,13,15,17,22,6,0,6,13,6,7,3,9,1,1,1,1,9,3,False,,,1,6,6,6,0,1.0,4,1,2,2,2,0,5,4,0.41600000000000004,0.8859999999999999,1.108,1.546,162.6,243.0,52,23,86,0.61,86,31,52,0.86,8,2,32.4,12,0,49.4,2024-02-02
167406,14529,15487,14529,5,9,11,13,21,22,11,13,19,21,22,13,7,6,7,6,1,3,6,0,6,6,0,6,3,False,,,4,7,5,4,2,0.0,2,2,4,1,5,3,6,2,1.1640000000000001,1.0859999999999999,0.922,0.738,220.2,197.6,81,27,67,0.75,67,17,81,0.66,14,2,50.2,14,1,40.2,2024-03-29
167407,14529,15487,14529,1,1,15,17,21,22,8,12,15,17,22,13,9,4,3,0,3,1,1,3,9,9,3,1,1,False,,,6,3,1,6,1,0.5,3,1,2,1,4,4,9,2,1.14,1.45,0.512,0.86,226.4,179.0,67,23,47,0.74,47,20,67,0.638,16,2,55.2,10,0,35.6,2024-03-29
145970,11856,1471,1471,4,1,3,11,15,21,1,11,13,15,21,4,1,3,13,2,11,1,2,3,2,2,3,2,1,False,,,2,3,2,10,0,1.0,2,0,2,2,5,2,4,3,0.48600000000000004,0.9559999999999998,0.942,1.51,173.0,242.6,51,12,77,0.542,77,31,51,0.82,11,0,34.0,17,1,57.2,2023-10-28
145971,11856,1471,1471,0,11,12,13,15,21,11,12,13,15,21,1,0,1,13,11,2,0,10,2,-2,-2,2,10,0,False,,,1,5,7,1,0,1.0,3,0,2,2,10,1,3,3,0.618,0.6380000000000001,1.3219999999999998,1.426,163.6,240.0,36,15,65,0.556,65,24,36,0.83,4,1,35.6,14,2,55.2,2023-10-28
148606,12743,13920,13920,8,5,15,17,20,22,0,1,5,17,20,9,2,7,13,5,8,0,4,1,2,2,1,4,0,False,,,5,7,5,5,2,0.0,2,2,4,0,11,4,3,2,0.626,1.106,0.96,1.372,195.0,217.6,75,28,83,0.71,83,45,75,0.854,14,0,38.0,19,3,49.6,2023-11-07
148607,12743,13920,12743,0,11,13,15,18,21,11,12,13,15,21,13,5,8,10,3,7,1,2,4,5,5,4,2,1,False,,,5,8,3,7,0,1.0,4,0,2,2,3,2,9,4,0.8700000000000001,1.24,0.794,1.152,210.0,198.8,86,33,80,0.818,80,43,86,0.732,18,3,45.0,16,3,42.4,2023-11-07
148608,12743,13920,12743,4,11,13,15,18,21,1,11,13,15,21,15,6,6,13,6,6,2,7,2,10,10,2,7,2,True,3.0,1.0,8,7,7,6,2,0.0,2,2,4,0,7,4,3,1,1.11,1.0420000000000003,1.0240000000000002,0.9219999999999999,211.0,199.0,101,56,97,0.752,97,34,101,0.704,19,2,34.0,15,0,35.4,2023-11-07
168116,14278,12255,14278,2,11,18,21,22,23,11,18,21,22,23,15,6,6,13,6,6,1,4,3,5,5,3,4,1,True,3.0,1.0,6,8,6,8,0,1.0,3,1,2,2,3,2,11,5,0.9780000000000001,0.984,1.012,0.9639999999999999,202.0,195.6,105,38,98,0.714,98,24,105,0.67,22,4,40.8,20,3,33.6,2024-04-20
168117,14278,12255,14278,0,4,11,16,18,21,5,11,15,16,18,13,5,8,7,0,7,1,0,0,3,3,0,0,1,False,,,5,5,3,7,1,0.5,3,1,3,1,5,4,11,2,0.758,1.608,0.4,1.214,198.2,189.6,73,23,64,0.73,64,18,73,0.63,15,3,54.8,12,0,42.8,2024-04-20
135642,4611,9650,4611,0,11,13,15,17,21,11,12,13,15,21,13,6,7,8,2,6,2,1,1,3,3,1,1,2,False,,,5,7,2,7,1,0.5,3,1,3,1,5,3,7,1,0.9139999999999999,1.34,0.6500000000000001,1.1320000000000001,193.8,190.0,74,18,67,0.666,67,34,74,0.666,17,2,48.4,11,1,41.0,2023-07-01
158245,8380,14479,14479,9,5,15,17,19,20,8,11,12,15,22,13,7,5,15,7,5,2,3,2,8,8,2,3,2,True,1.0,3.0,5,6,8,9,2,0.0,2,2,4,0,8,5,4,3,1.03,0.908,1.134,1.0419999999999998,204.8,215.6,100,48,104,0.744,103,61,100,0.744,22,1,34.2,22,1,40.8,2024-02-11
158246,8380,14479,14479,6,5,15,17,19,20,13,15,17,20,22,8,4,4,13,5,8,3,0,2,4,4,2,0,3,False,,,2,2,7,10,0,1.0,4,0,2,2,3,1,4,2,0.694,0.836,1.17,1.316,163.8,224.2,58,20,85,0.542,85,35,58,0.836,13,2,30.4,21,0,48.8,2024-02-11
141557,6422,11653,6422,0,11,13,15,19,21,11,12,13,15,21,13,5,8,4,4,0,3,4,0,5,5,0,4,3,False,,,5,9,3,0,2,0.0,3,3,4,0,4,3,5,0,1.634,1.282,0.746,0.358,239.0,171.6,76,36,46,0.868,46,16,76,0.59,15,0,50.2,6,0,33.4,2023-09-18
144297,1184,1001,1184,0,7,11,12,13,15,11,12,13,15,21,13,6,7,6,5,1,0,5,0,6,6,0,5,0,False,,,5,11,1,2,2,0.0,2,2,5,0,5,3,5,2,1.1919999999999997,1.354,0.6639999999999999,0.794,231.6,169.0,81,41,54,0.798,54,18,81,0.62,22,2,52.8,11,2,41.6,2023-10-14
140856,13390,4569,4569,1,2,11,17,20,22,0,11,12,20,22,8,2,6,13,6,7,1,8,1,1,1,1,8,1,False,,,4,6,6,5,0,1.0,4,0,2,2,4,2,7,4,0.724,1.1720000000000002,0.884,1.228,214.4,217.6,75,32,83,0.744,83,32,75,0.762,16,1,47.6,14,3,44.2,2023-09-09
118223,12075,8484,8484,4,0,13,16,18,21,1,11,13,15,21,5,0,5,13,7,6,2,7,0,2,2,0,7,2,False,,,2,6,6,4,1,0.5,3,1,2,1,10,4,3,2,0.346,1.018,0.9879999999999999,1.6320000000000001,185.6,247.8,55,11,75,0.578,75,36,55,0.766,9,1,39.8,14,4,52.4,2023-02-28
118224,12075,8484,8484,5,11,18,19,21,22,11,13,19,21,22,7,2,5,13,7,6,5,6,1,1,1,1,6,5,False,,,1,2,10,7,1,0.5,3,1,3,1,7,2,3,3,0.552,0.9279999999999999,1.0919999999999999,1.45,184.6,250.6,60,15,90,0.6,90,32,60,0.88,11,3,44.4,10,0,56.0,2023-02-28
122790,1316,6127,1316,5,9,11,13,21,22,11,13,19,21,22,13,6,7,6,5,1,3,0,1,6,6,1,0,3,False,,,6,3,9,1,2,0.0,3,2,4,1,3,1,3,1,1.5979999999999999,1.112,0.892,0.388,221.2,162.6,77,27,51,0.77,51,16,77,0.586,21,1,60.6,13,1,40.8,2023-04-16
163110,1110,466,1110,8,5,11,15,17,20,5,15,17,20,22,13,10,3,2,0,2,1,-1,0,3,3,0,-1,1,False,,,6,3,0,6,2,0.0,2,2,3,0,4,4,5,1,1.378,1.6640000000000001,0.26800000000000007,0.6599999999999999,239.6,156.6,69,27,34,0.866,34,14,69,0.56,15,1,52.8,5,0,37.4,2024-03-31
163111,1110,466,1110,0,12,13,15,17,21,11,12,13,15,21,13,7,6,9,6,3,1,2,0,4,4,0,2,1,False,,,5,5,7,5,2,0.0,2,2,4,0,5,4,4,2,1.1400000000000001,1.006,1.066,0.8959999999999999,202.0,204.0,77,38,73,0.756,73,37,77,0.746,14,1,37.6,17,0,40.6,2024-03-31
163112,1110,466,1110,9,1,5,8,15,17,3,15,17,21,22,13,8,5,5,1,4,2,0,2,9,9,2,0,2,False,,,6,5,1,5,2,0.0,2,2,4,0,4,4,7,5,1.042,1.3059999999999998,0.69,0.8880000000000001,202.6,174.4,68,20,52,0.832,52,16,68,0.678,13,1,45.8,9,1,39.4,2024-03-31
160319,2290,1470,1470,0,11,12,13,15,21,11,12,13,15,21,8,2,6,13,3,10,2,3,3,3,3,3,3,2,False,,,1,5,4,11,1,0.5,3,1,3,1,7,2,6,4,0.5780000000000001,1.1239999999999999,0.8880000000000001,1.472,179.8,221.0,65,27,84,0.628,84,46,65,0.808,14,1,39.6,17,1,40.4,2024-03-11
160320,2290,1470,1470,6,7,13,15,17,22,13,15,17,20,22,2,0,2,13,10,3,1,7,0,0,0,0,7,1,False,,,0,3,9,3,0,1.0,3,0,2,2,4,0,2,2,0.25,0.5599999999999999,1.446,1.8539999999999999,136.8,250.0,31,11,70,0.494,70,44,31,0.92,6,0,36.4,14,2,51.8,2024-03-11
155186,8925,14752,8925,1,2,5,17,18,20,2,13,17,18,20,13,5,8,10,4,6,0,4,2,6,6,2,4,0,False,,,4,11,1,7,1,0.5,2,1,3,1,4,2,7,5,1.048,1.326,0.698,0.9420000000000002,231.8,189.2,95,38,72,0.772,72,26,95,0.612,16,1,44.0,11,3,34.6,2024-01-27
155187,8925,14752,8925,6,13,15,17,20,22,1,13,15,17,20,15,9,3,13,9,3,1,12,1,11,11,1,12,1,True,3.0,1.0,6,5,9,8,1,0.5,4,1,3,1,3,2,6,3,1.3599999999999999,0.818,1.258,0.634,209.0,200.2,104,43,95,0.73,95,38,104,0.666,21,1,39.0,14,2,37.4,2024-01-27
139878,7397,7682,7397,0,11,12,13,15,21,11,12,13,15,21,13,4,9,9,3,6,1,3,1,3,3,1,3,1,False,,,4,9,3,6,0,1.0,4,1,2,2,1,0,5,3,0.8460000000000001,1.488,0.5459999999999999,1.178,200.4,163.0,78,46,62,0.766,62,24,78,0.654,16,0,47.8,12,1,34.4,2023-09-06
139879,7397,7682,7397,6,1,13,15,17,20,1,13,15,17,21,13,5,8,7,0,7,4,0,4,5,5,4,0,4,False,,,7,5,3,5,1,0.5,3,1,3,1,3,2,8,2,1.006,1.49,0.526,1.016,230.2,180.6,82,38,64,0.81,64,25,82,0.71,16,3,45.8,13,2,41.0,2023-09-06
128509,6192,12373,6192,3,1,2,7,13,17,1,2,5,9,23,13,4,9,3,3,0,5,1,0,3,3,0,1,5,False,,,3,8,4,1,2,0.0,2,2,2,0,4,3,9,1,1.6800000000000002,1.218,0.8300000000000001,0.336,232.2,180.8,71,36,46,0.84,46,27,71,0.64,17,2,45.8,8,1,39.8,2023-04-30
118493,3136,7031,3136,4,1,11,13,15,21,1,11,13,15,21,13,8,5,6,2,4,1,2,2,8,8,2,2,1,False,,,8,3,4,4,2,0.0,2,2,4,0,6,5,5,1,1.248,1.178,0.86,0.7819999999999999,213.6,180.2,75,46,59,0.852,59,24,75,0.692,12,4,39.8,9,0,42.8,2023-06-04
118494,3136,7031,7031,3,1,2,13,14,17,2,11,13,20,22,9,7,2,13,8,5,1,7,1,6,6,1,7,1,False,,,9,3,7,3,1,0.5,4,1,3,2,3,0,5,1,1.134,0.5880000000000001,1.436,0.9019999999999999,167.2,221.2,61,35,86,0.672,86,36,61,0.8,10,1,34.4,17,1,47.0,2023-06-04
118495,3136,7031,7031,7,0,11,13,16,20,0,11,13,20,22,7,2,5,13,7,6,2,8,2,-1,-1,2,8,2,False,,,3,3,9,5,0,1.0,4,0,2,2,4,2,8,5,0.8300000000000001,0.7939999999999999,1.206,1.1960000000000002,170.0,216.6,58,27,77,0.65,77,29,58,0.83,10,1,34.0,16,1,44.8,2023-06-04
118496,3136,7031,3136,1,2,12,17,20,22,2,5,17,20,22,13,6,7,8,2,6,3,2,3,6,6,3,2,3,False,,,7,8,1,5,1,0.5,3,1,3,1,4,3,7,2,1.098,1.466,0.594,0.9719999999999999,213.8,166.4,81,46,58,0.858,58,28,81,0.608,12,0,47.4,10,2,35.6,2023-06-04
118497,3136,7031,7031,6,1,11,13,15,20,13,15,17,20,22,10,4,6,13,6,7,2,6,2,6,6,2,6,2,False,,,6,4,8,5,1,0.5,3,1,3,1,6,3,7,5,1.05,1.0399999999999998,1.054,0.954,201.2,186.8,82,45,74,0.798,74,35,83,0.66,13,1,44.4,11,2,38.8,2023-06-04
153337,13558,9077,13558,5,9,11,13,20,22,8,11,13,21,22,13,9,4,3,0,3,2,0,2,2,2,2,0,2,False,,,9,1,3,3,2,0.0,2,2,4,0,4,4,6,1,1.222,1.3439999999999999,0.542,0.818,228.2,172.0,70,31,46,0.8,46,14,70,0.6,14,4,52.2,8,0,40.0,2024-03-10
153338,13558,9077,13558,6,1,13,15,17,21,1,5,8,15,17,14,4,8,12,4,8,3,4,3,2,2,3,4,3,True,2.0,0.0,5,9,4,8,2,0.0,4,2,4,1,5,1,7,4,0.726,1.216,0.772,1.3319999999999999,196.4,206.8,90,44,94,0.676,94,37,90,0.694,17,3,38.8,21,1,44.4,2024-03-10
140841,11863,3722,11863,8,5,11,15,17,20,0,1,5,17,20,13,6,7,10,5,5,1,5,2,7,7,2,5,1,False,,,5,8,4,6,1,0.5,3,1,3,1,5,1,3,2,0.986,1.332,0.696,1.0579999999999998,208.8,194.4,85,31,75,0.742,75,43,85,0.608,18,0,46.0,15,2,36.0,2023-09-09
153182,14532,14533,14533,8,5,15,17,20,22,5,11,15,17,20,8,2,6,13,6,7,3,7,1,3,3,1,7,3,False,,,4,5,7,5,1,0.5,3,1,3,2,8,5,3,2,0.7940000000000002,0.9099999999999999,1.0859999999999999,1.26,182.4,211.2,64,35,82,0.732,81,32,65,0.754,13,0,36.4,15,1,48.4,2024-01-13
147405,3531,12474,3531,6,0,13,17,20,22,13,15,17,20,22,13,9,4,9,8,1,1,3,0,5,5,0,3,1,False,,,6,4,8,4,2,0.0,2,2,4,0,7,2,5,0,1.3359999999999999,0.9,1.14,0.644,208.6,193.2,83,26,71,0.718,71,35,83,0.656,16,3,44.2,14,1,42.8,2023-11-10
147406,3531,12474,3531,1,2,5,17,20,22,2,5,17,20,22,13,7,6,7,6,1,2,4,1,3,3,1,4,2,False,,,1,7,5,7,2,0.0,2,2,4,0,3,3,3,0,1.3519999999999999,0.97,1.036,0.65,219.6,179.8,81,34,59,0.76,59,23,81,0.58,16,2,51.0,11,1,44.0,2023-11-10
147407,3531,12474,12474,8,5,11,15,17,19,5,15,17,19,20,11,2,9,13,3,10,1,3,2,2,2,2,3,1,False,,,2,8,4,10,1,0.5,3,1,3,1,6,4,5,4,0.528,1.246,0.766,1.486,196.4,208.6,80,31,87,0.718,87,33,80,0.782,12,0,36.6,15,2,45.8,2023-11-10
147408,3531,12474,12474,4,1,11,13,15,21,1,11,13,15,21,9,5,4,13,6,7,1,5,2,4,4,2,5,1,False,,,8,6,4,4,1,0.5,2,1,3,1,2,2,3,2,0.898,0.99,1.0379999999999998,1.096,197.8,195.2,74,26,76,0.628,76,32,74,0.674,15,1,39.8,14,4,43.0,2023-11-10
147409,3531,12474,3531,2,5,11,12,21,22,5,11,12,21,22,15,5,7,13,5,7,2,3,2,3,3,2,3,2,True,3.0,1.0,4,10,4,10,1,0.5,3,1,3,2,5,1,5,3,0.922,1.28,0.6619999999999999,1.108,204.8,194.4,102,40,97,0.714,97,31,102,0.7,20,0,36.8,19,3,33.4,2023-11-10
155431,12679,7403,12679,5,11,13,19,21,22,9,11,13,21,22,13,6,7,10,4,6,6,-4,2,6,6,2,-4,6,False,,,5,5,6,7,1,0.5,3,1,3,1,8,5,6,1,0.8380000000000001,1.3119999999999998,0.688,1.1540000000000001,199.4,192.4,81,40,78,0.716,78,23,81,0.706,17,1,49.0,15,1,43.4,2024-02-09
155432,12679,7403,12679,9,5,15,17,21,22,1,5,7,15,17,13,6,7,11,5,6,4,1,4,5,5,4,1,4,False,,,5,6,6,7,0,1.0,4,0,2,2,9,5,7,3,0.884,1.082,0.9240000000000002,1.108,209.8,214.6,89,39,93,0.742,93,39,89,0.726,12,2,43.6,16,1,38.0,2024-02-09
122711,4050,10408,4050,4,1,11,13,15,21,0,1,13,14,21,13,9,4,9,6,3,1,5,0,7,7,0,5,1,False,,,8,3,7,4,1,0.5,3,1,3,1,4,3,13,7,1.222,1.014,1.036,0.736,207.6,184.8,84,32,69,0.816,69,29,84,0.718,15,3,43.2,9,3,36.4,2023-04-06
122712,4050,10408,10408,5,9,11,13,21,22,11,13,19,21,22,10,5,5,13,7,6,4,7,3,4,4,3,7,4,False,,,3,8,4,8,1,0.5,3,1,3,1,6,3,8,3,0.9280000000000002,0.984,0.974,1.0919999999999999,199.8,208.2,81,23,86,0.704,85,35,81,0.742,11,4,39.4,14,2,41.4,2023-04-06
122713,4050,10408,10408,6,1,15,17,20,22,1,13,14,15,19,15,6,6,17,6,6,3,10,2,0,0,2,10,3,True,3.0,5.0,8,8,8,8,1,0.5,3,1,3,1,5,1,9,6,1.1680000000000001,0.9099999999999999,1.194,0.834,209.4,210.8,116,62,113,0.75,113,50,116,0.694,21,3,38.0,17,2,35.2,2023-04-06
149617,11836,13836,11836,2,5,11,20,21,22,5,11,12,21,22,13,2,11,1,1,0,1,1,0,1,1,0,1,1,False,,,2,9,3,0,2,0.0,2,2,3,0,3,3,5,0,1.6239999999999999,1.5379999999999998,0.45599999999999996,0.236,252.8,114.4,68,22,24,0.888,24,7,68,0.4,12,1,56.2,3,0,24.8,2023-11-15
150970,7055,8240,8240,4,11,13,15,20,22,0,1,11,13,21,9,5,4,13,6,7,1,2,4,5,5,4,2,1,False,,,4,5,5,8,1,0.5,3,1,3,1,10,6,4,4,0.876,0.8779999999999999,1.092,1.138,187.2,215.0,71,26,85,0.648,85,36,71,0.79,12,2,37.4,16,2,45.2,2023-12-02
150971,7055,8240,7055,1,2,3,17,20,22,2,3,17,20,22,13,7,6,7,2,5,3,-1,0,4,4,0,-1,3,False,,,4,6,2,8,1,0.5,3,1,3,1,3,3,3,2,1.06,1.3639999999999999,0.5940000000000001,0.9640000000000001,216.8,176.4,78,26,58,0.72,58,20,78,0.59,13,1,39.8,12,1,39.2,2023-12-02
150972,7055,8240,7055,0,11,12,13,15,21,11,12,13,15,21,13,8,5,10,6,4,2,4,1,8,8,1,4,2,False,,,6,4,7,6,0,1.0,3,1,3,2,5,3,6,2,1.156,0.986,0.99,0.9019999999999999,222.0,200.0,90,42,79,0.714,79,31,90,0.66,18,2,46.6,22,1,47.2,2023-12-02
155323,6127,9438,9438,0,5,11,12,15,21,1,5,15,17,21,6,4,2,13,5,8,1,4,1,4,4,1,4,1,False,,,2,3,4,10,1,0.5,3,1,3,1,6,2,3,3,0.748,0.8260000000000002,1.2080000000000002,1.3319999999999999,178.4,225.2,57,31,78,0.612,78,41,57,0.83,12,1,41.6,19,1,49.2,2024-02-18
138431,8303,3179,3179,7,9,11,13,20,22,9,11,13,20,22,8,5,3,13,9,4,1,9,0,5,5,0,9,1,False,,,3,7,5,6,1,0.5,2,1,3,1,6,1,3,3,0.99,0.7539999999999999,1.234,1.1019999999999999,178.2,224.6,63,29,82,0.628,82,32,63,0.722,11,0,40.0,21,0,49.4,2023-07-31
138432,8303,3179,3179,8,0,11,17,20,22,11,15,17,20,22,6,3,3,13,4,9,0,4,3,4,4,3,4,0,False,,,3,4,3,9,1,0.5,2,1,3,2,7,3,2,2,0.792,0.844,1.144,1.188,184.2,221.4,59,27,77,0.64,77,24,59,0.788,13,1,44.4,12,4,44.8,2023-07-31
130223,8924,11176,8924,1,2,11,17,20,22,2,17,19,20,21,13,3,10,7,2,5,2,2,2,2,2,2,2,2,False,,,5,10,2,3,1,0.5,2,1,3,1,5,4,4,1,1.0219999999999998,1.4140000000000001,0.6119999999999999,1.034,227.8,173.6,82,32,59,0.81,59,28,82,0.71,18,1,55.0,11,0,38.6,2023-05-16
152604,4616,8924,8924,5,13,15,19,21,22,9,11,13,21,22,8,2,6,13,6,7,5,1,2,2,2,2,1,5,False,,,3,4,8,6,0,1.0,4,0,2,2,4,0,5,4,0.45599999999999996,0.986,1.012,1.5099999999999998,156.8,221.0,53,19,85,0.59,85,21,53,0.762,9,4,37.6,17,0,41.0,2024-03-04
149735,12097,14282,12097,2,3,11,12,21,22,3,20,21,22,23,13,7,6,8,3,5,2,3,3,6,6,3,3,2,False,,,8,5,4,4,0,1.0,4,1,2,2,1,1,8,1,1.162,1.2280000000000002,0.768,0.79,225.8,179.8,87,25,64,0.76,64,21,87,0.572,17,0,49.0,10,2,38.0,2023-10-13
149736,12097,14282,12097,6,13,15,17,20,22,8,13,15,17,23,13,6,7,6,5,1,3,5,0,4,4,0,5,3,False,,,6,6,6,1,2,0.0,2,2,2,0,6,4,7,2,1.282,1.108,0.8800000000000001,0.672,226.4,198.4,77,34,64,0.778,64,21,77,0.684,15,1,42.2,16,0,42.2,2023-10-13
149737,12097,14282,14282,9,0,1,3,7,17,3,8,11,15,23,2,0,2,13,10,3,0,7,0,0,0,0,7,0,False,,,2,4,8,1,0,1.0,3,0,2,2,6,0,6,6,0.266,0.772,1.182,1.698,174.4,240.0,43,15,68,0.586,68,16,43,0.812,8,0,34.8,13,4,45.4,2023-10-13
149738,12097,14282,12097,4,0,1,11,13,21,1,11,15,21,23,13,8,5,4,0,4,1,0,0,8,8,0,0,1,False,,,6,4,1,6,2,0.0,2,2,3,1,5,4,6,1,1.284,1.552,0.48999999999999994,0.77,242.0,180.4,75,40,49,0.82,49,23,75,0.622,22,2,55.0,7,0,39.4,2023-10-13
137493,13363,13382,13382,6,0,7,13,17,22,8,13,14,15,20,11,5,6,13,6,7,2,-1,1,5,5,1,-1,2,False,,,5,5,7,7,0,1.0,4,0,2,2,8,4,8,4,0.8440000000000001,0.8480000000000001,1.186,1.186,206.6,217.8,81,27,95,0.652,94,52,81,0.766,18,5,45.8,18,0,57.2,2023-07-25
137494,13363,13382,13382,4,9,11,13,20,22,1,11,13,15,21,3,1,2,13,10,3,0,9,1,1,1,1,9,0,False,,,0,3,9,4,1,0.5,4,1,3,2,4,1,2,2,0.7819999999999999,0.592,1.384,1.246,162.6,229.0,44,13,68,0.604,68,33,44,0.878,8,0,36.4,15,1,67.6,2023-07-25
155237,623,14148,14148,1,2,6,17,20,22,2,5,17,20,22,9,3,6,13,4,9,2,3,0,5,5,0,3,2,False,,,3,7,3,9,1,0.5,3,1,3,1,7,1,3,3,0.662,1.0419999999999998,0.89,1.34,177.6,212.4,66,21,84,0.638,84,29,66,0.764,14,1,38.6,17,1,38.0,2024-02-04
155238,623,14148,623,6,1,5,14,15,21,8,13,15,17,22,15,8,4,13,8,4,1,9,2,8,8,2,9,1,True,3.0,1.0,6,7,7,8,1,0.5,4,1,2,1,3,0,5,1,1.1320000000000001,0.97,0.9960000000000001,0.876,215.8,205.8,108,39,100,0.678,100,33,108,0.702,23,2,42.0,19,4,35.4,2024-02-04
155239,623,14148,623,0,11,12,13,15,21,11,12,13,15,21,13,8,5,10,7,3,2,6,1,7,7,1,6,2,False,,,7,7,5,4,1,0.5,3,1,3,1,4,3,4,1,1.184,0.9940000000000001,1.076,0.76,216.6,192.6,85,33,76,0.74,76,43,85,0.704,18,2,44.4,15,1,38.6,2024-02-04
138318,1471,11856,1471,4,1,11,13,15,21,11,13,15,20,22,13,5,8,9,4,5,1,5,2,3,3,2,5,1,False,,,5,6,6,5,1,0.5,3,1,3,1,3,3,8,4,0.924,1.1720000000000002,0.732,1.064,210.8,197.6,83,27,75,0.682,75,19,83,0.664,16,0,36.0,20,1,43.0,2023-08-04
122879,1791,9011,9011,4,1,11,13,15,21,0,1,13,14,21,12,6,6,14,6,6,4,6,3,5,5,3,6,4,True,0,2,6,8,5,7,1,0.5,3,1,3,1,4,2,3,2,0.984,1.002,1.08,0.9780000000000001,194.8,201.4,88,37,90,0.732,90,36,88,0.724,16,2,41.6,16,2,35.6,2023-05-06
163337,8369,13368,13368,1,2,3,17,18,20,1,2,5,17,20,2,0,2,13,10,3,0,10,2,0,0,2,10,0,False,,,1,4,8,2,0,1.0,3,0,2,2,6,1,4,4,0.31799999999999995,0.6740000000000002,1.3379999999999999,1.6320000000000001,149.0,215.8,36,13,62,0.546,62,21,36,0.854,6,0,31.2,9,0,48.0,2024-03-15
163338,8369,13368,13368,0,11,12,13,15,21,11,13,15,21,22,11,6,5,13,7,6,1,7,2,5,5,2,7,1,False,,,4,4,8,8,2,0.0,2,2,4,0,9,5,2,2,0.914,1.0239999999999998,0.966,1.098,201.8,206.4,84,37,88,0.662,88,28,84,0.716,15,1,35.6,19,2,43.6,2024-03-15
148907,14144,13232,14144,0,11,12,13,15,21,3,15,17,19,21,13,4,9,6,3,3,0,2,2,4,4,2,2,0,False,,,5,6,6,2,1,0.5,3,2,4,2,2,1,4,3,1.2180000000000002,1.3400000000000003,0.654,0.79,249.6,177.8,86,37,57,0.798,57,22,86,0.714,19,0,52.6,9,3,39.6,2023-11-10
148908,14144,13232,13232,4,1,11,13,15,21,0,5,17,20,22,7,4,3,13,5,8,1,2,2,3,3,2,2,1,False,,,5,4,4,7,0,1.0,4,0,3,2,5,2,5,2,0.732,0.982,0.976,1.302,182.8,230.4,60,23,81,0.58,81,35,60,0.72,12,1,41.0,20,3,54.8,2023-11-10
148909,14144,13232,13232,1,2,9,17,18,20,2,3,17,20,22,8,5,3,13,6,7,0,3,1,4,4,1,3,0,False,,,3,6,3,9,1,0.5,3,1,3,1,5,3,2,1,0.8,0.842,1.16,1.234,162.0,225.8,58,24,85,0.6,85,34,58,0.798,7,1,33.6,19,0,56.2,2023-11-10
122849,11274,9011,9011,6,13,15,17,20,22,9,13,17,20,22,11,5,6,13,6,7,2,7,2,4,4,2,7,2,False,,,6,6,6,6,2,0.0,3,2,4,0,8,4,0,0,0.8299999999999998,1.166,0.8400000000000001,1.1960000000000002,180.2,202.0,76,39,87,0.702,87,36,76,0.768,8,0,30.0,13,1,43.8,2023-04-03
165243,7969,10431,7969,2,5,11,12,21,22,5,11,21,22,23,20,3,9,18,3,9,2,6,1,8,8,1,6,2,True,8.0,6.0,4,15,4,15,1,0.5,3,2,2,1,7,2,3,1,0.85,1.272,0.706,1.108,209.4,200.4,137,44,134,0.69,134,23,137,0.662,19,3,30.6,24,1,32.4,2024-04-05
165244,7969,10431,7969,8,1,5,15,17,20,5,15,17,19,20,13,6,7,11,5,6,3,4,1,6,6,1,4,3,False,,,2,8,4,10,1,0.5,3,1,3,1,4,1,6,3,1.0799999999999998,1.124,0.898,0.968,227.6,207.6,98,43,86,0.792,86,33,98,0.674,21,3,56.0,17,3,40.0,2024-04-05
168125,6530,12255,12255,0,5,11,15,16,17,5,11,15,16,18,9,5,4,13,6,7,3,5,2,5,5,2,5,3,False,,,4,5,5,8,1,0.5,3,1,3,1,6,2,5,4,0.8400000000000001,0.8160000000000001,1.2079999999999997,1.21,185.4,226.4,68,35,88,0.674,88,39,68,0.736,12,2,41.4,19,1,47.8,2024-04-20
168126,6530,12255,6530,2,5,11,18,22,23,11,18,21,22,23,13,8,5,9,5,4,1,5,1,7,7,1,5,1,False,,,7,6,4,5,2,0.0,2,2,4,0,5,3,5,1,1.136,1.018,0.9440000000000002,0.8460000000000001,195.6,173.6,78,24,66,0.754,66,15,78,0.592,14,1,38.4,14,0,38.4,2024-04-20
168127,6530,12255,6530,9,5,11,15,16,17,5,11,15,17,18,13,8,5,8,4,4,1,3,2,8,8,2,3,1,False,,,3,4,5,9,1,0.5,4,2,4,2,5,2,5,2,1.092,1.104,0.9099999999999999,0.9219999999999999,207.6,205.0,79,40,72,0.72,72,27,79,0.666,14,2,42.8,13,0,48.8,2024-04-20
161582,14278,6456,14278,6,7,13,15,17,22,5,8,15,17,20,13,4,9,4,3,1,4,4,0,4,4,0,4,4,False,,,4,10,2,1,1,0.5,3,1,3,1,3,2,4,1,1.122,1.396,0.5980000000000001,0.8300000000000001,230.8,153.4,72,34,43,0.88,43,20,72,0.588,11,2,49.2,5,1,27.8,2024-03-10
161583,14278,6456,14278,9,5,15,17,20,22,1,5,9,17,21,15,6,6,13,6,6,5,6,2,7,7,2,6,5,True,3.0,1.0,5,9,5,9,1,0.5,3,1,3,1,3,3,6,4,1.0180000000000002,1.136,0.866,1.0919999999999999,212.0,198.8,100,41,94,0.708,94,47,100,0.734,20,1,40.0,16,2,35.4,2024-03-10
161584,14278,6456,14278,5,9,11,13,21,22,11,12,13,21,22,13,7,6,10,6,4,3,5,1,6,6,1,5,3,False,,,6,7,5,5,1,0.5,5,1,3,2,2,0,5,2,1.094,1.052,0.932,0.86,211.0,188.4,84,23,76,0.688,76,30,84,0.644,17,2,46.0,14,2,38.2,2024-03-10
134864,2755,4669,4669,3,1,2,13,17,21,1,2,7,13,17,10,7,3,13,8,5,0,7,2,8,8,2,7,0,False,,,6,7,4,6,2,0.0,2,2,4,0,12,5,3,2,1.0339999999999998,0.9179999999999999,1.0859999999999999,0.9839999999999998,203.8,202.2,80,43,84,0.784,84,33,81,0.678,10,0,36.8,14,3,37.4,2023-07-01
134865,2755,4669,2755,6,1,14,15,21,22,13,15,17,20,22,13,7,6,10,5,5,5,5,1,7,7,1,5,5,False,,,4,4,7,8,1,0.5,3,1,4,2,5,2,7,3,1.084,1.0619999999999998,0.992,0.9,213.4,188.4,85,51,78,0.766,78,35,86,0.696,16,2,42.6,12,1,34.6,2023-07-01
134866,2755,4669,2755,4,1,11,13,15,21,1,11,13,15,21,13,8,5,5,1,4,4,0,0,8,8,0,0,4,False,,,7,4,2,5,1,0.5,3,1,2,1,5,4,5,1,1.058,1.512,0.6839999999999999,0.8939999999999999,218.8,187.2,72,44,57,0.79,57,26,72,0.734,15,3,42.0,10,0,39.0,2023-07-01
161180,4569,1458,1458,9,1,3,7,15,17,1,5,8,15,17,5,4,1,13,11,2,1,10,1,3,3,1,10,1,False,,,2,3,9,4,1,0.5,3,1,3,1,5,2,3,2,0.9780000000000001,0.45999999999999996,1.482,0.9319999999999998,174.8,231.8,54,12,76,0.602,76,23,55,0.856,8,0,39.2,13,1,48.2,2024-03-04
161181,4569,1458,4569,1,2,3,17,19,20,2,8,17,20,22,13,6,7,11,5,6,3,4,2,4,4,2,4,3,False,,,8,7,5,4,1,0.5,3,1,3,1,5,3,6,3,0.966,1.042,0.9640000000000001,1.1300000000000001,198.0,220.4,85,38,89,0.676,89,54,85,0.702,17,3,44.0,18,2,46.2,2024-03-04
161182,4569,1458,1458,5,11,13,18,21,22,11,13,19,21,22,12,6,6,14,6,6,2,8,3,5,5,3,8,2,True,0.0,2.0,5,7,6,8,1,0.5,3,1,3,1,6,2,4,2,0.942,1.034,0.9259999999999999,1.0499999999999998,203.6,215.8,93,32,99,0.668,99,31,93,0.732,15,2,37.2,19,2,35.6,2024-03-04
141918,10725,13509,10725,6,13,15,17,20,22,7,13,15,17,22,13,10,3,2,0,2,0,2,1,9,9,1,2,0,False,,,8,2,1,4,2,0.0,2,2,3,0,4,4,8,1,1.1540000000000001,1.5079999999999998,0.52,0.8320000000000001,234.2,186.6,66,34,46,0.88,46,22,66,0.666,17,2,45.4,8,0,42.6,2023-09-23
141919,10725,13509,10725,4,1,11,13,15,21,1,11,13,15,21,14,6,6,12,6,6,3,6,2,6,6,2,6,3,True,2.0,0.0,5,7,6,8,0,1.0,3,0,2,2,7,5,7,3,1.106,1.1380000000000003,0.9099999999999999,0.9359999999999999,201.4,172.4,90,42,78,0.754,78,34,90,0.654,19,1,39.8,13,1,35.8,2023-09-23
155534,4733,14819,4733,9,1,5,8,15,17,1,5,7,15,17,13,5,8,10,4,6,1,2,2,7,7,2,2,1,False,,,7,9,3,4,1,0.5,3,1,4,2,4,0,6,3,1.116,1.3539999999999999,0.6460000000000001,0.8920000000000001,224.0,165.6,94,45,65,0.792,65,27,94,0.53,19,0,47.4,14,4,34.2,2024-02-03
155535,4733,14819,4733,8,5,11,15,17,19,5,15,17,20,22,13,5,8,10,3,7,1,5,3,2,2,3,5,1,False,,,6,10,1,6,1,0.5,3,1,3,1,4,2,4,1,0.8640000000000001,1.2120000000000002,0.764,1.166,202.8,201.0,78,27,80,0.656,80,28,78,0.644,17,0,41.6,12,1,42.0,2024-02-03
153570,14568,14566,14566,0,11,13,15,20,22,11,12,13,15,21,4,2,2,13,10,3,1,7,1,0,0,1,7,1,False,,,0,5,7,5,1,0.5,3,1,3,1,8,2,3,3,0.658,0.696,1.342,1.3099999999999998,166.4,242.8,48,16,75,0.578,75,34,48,0.848,9,1,36.0,14,3,61.6,2024-01-17
129008,6149,4616,6149,3,1,2,5,12,17,1,2,5,12,17,13,7,6,5,0,5,2,-1,2,6,6,2,-1,2,False,,,3,4,2,9,2,0.0,2,2,3,0,3,3,7,2,1.144,1.4400000000000002,0.616,0.86,227.0,169.2,77,35,51,0.844,51,24,77,0.59,15,4,52.0,7,0,28.0,2023-05-09
167465,11975,14529,14529,5,3,13,15,21,22,9,11,13,21,22,10,2,8,13,4,9,6,4,5,1,1,5,4,6,False,,,2,8,4,9,1,0.5,3,1,3,2,4,2,7,4,0.5780000000000001,1.0799999999999998,0.874,1.424,178.6,205.8,71,16,86,0.608,86,31,71,0.734,13,2,44.0,14,1,41.0,2024-02-18
122726,4050,497,497,5,11,13,19,21,22,8,9,11,13,22,11,5,6,13,6,7,1,4,2,6,6,2,4,1,False,,,4,8,4,8,1,0.5,3,1,3,1,4,1,5,3,0.9440000000000002,1.202,0.7939999999999999,1.044,210.8,204.0,85,43,85,0.734,85,24,85,0.64,18,2,46.2,10,0,37.0,2023-04-20
122727,4050,497,4050,4,0,1,11,13,21,1,11,13,15,21,13,5,8,10,4,6,2,2,3,7,7,3,2,2,False,,,6,7,5,5,1,0.5,3,1,4,1,3,1,3,1,1.202,1.208,0.79,0.7939999999999999,231.0,178.0,97,33,69,0.81,69,31,97,0.646,19,0,47.6,13,2,34.4,2023-04-20
122728,4050,497,4050,0,11,12,13,15,21,11,12,13,15,21,13,6,7,8,2,6,1,2,1,6,6,1,2,1,False,,,5,6,3,7,0,1.0,4,0,2,2,1,1,6,4,1.036,1.46,0.568,1.064,210.0,189.6,76,52,66,0.76,66,21,76,0.696,22,1,48.8,15,1,43.0,2023-04-20
134365,7967,4538,4538,4,9,11,13,20,22,1,11,13,15,21,6,3,3,13,9,4,1,2,2,2,2,2,2,1,False,,,3,5,7,4,0,1.0,4,0,2,2,5,2,5,2,0.8919999999999998,0.7939999999999999,1.2440000000000002,1.064,178.8,206.4,57,22,74,0.736,74,38,58,0.776,6,0,40.0,18,1,46.2,2023-06-22
135657,5448,878,878,4,1,13,15,17,21,0,1,11,13,21,2,2,0,13,3,10,0,3,4,2,2,4,3,0,False,,,3,1,2,9,0,1.0,3,0,2,2,4,1,3,3,0.616,0.35,1.6479999999999997,1.41,137.2,239.2,34,14,68,0.546,68,36,34,0.892,4,0,31.2,17,2,53.8,2023-07-20
135658,5448,878,5448,8,0,11,17,20,22,11,15,17,20,22,13,6,7,8,5,3,4,6,1,6,6,1,6,4,False,,,5,9,3,4,1,0.5,2,1,3,1,4,4,10,4,1.19,1.1839999999999997,0.798,0.8440000000000001,214.4,180.2,82,32,63,0.788,63,28,83,0.646,18,1,47.8,15,3,41.0,2023-07-20
135659,5448,878,5448,0,5,12,15,17,21,11,12,13,15,21,21,4,8,19,4,8,2,6,2,11,11,2,6,2,True,9.0,7.0,9,13,7,11,1,0.5,3,1,3,1,4,2,13,6,0.99,1.004,1.1239999999999999,1.052,216.6,213.0,151,89,146,0.804,146,69,151,0.758,24,4,31.6,35,0,31.8,2023-07-20
152566,6149,4616,4616,4,9,11,13,20,22,1,11,13,15,21,10,6,4,13,7,6,2,6,3,5,5,3,6,2,False,,,8,5,6,4,1,0.5,3,1,3,1,8,3,5,3,1.052,0.8940000000000001,1.046,1.014,185.0,192.4,75,27,77,0.698,77,37,75,0.732,12,0,34.2,15,2,39.0,2024-01-15
143547,9814,756,9814,9,3,15,17,20,22,1,5,7,15,17,13,6,7,7,1,6,1,3,2,5,5,2,3,1,False,,,5,4,4,7,2,0.0,2,2,4,0,6,4,5,2,1.026,1.258,0.7659999999999999,0.946,217.4,185.0,81,34,63,0.79,63,26,81,0.71,17,2,42.0,13,2,37.6,2023-10-15
143548,9814,756,756,2,3,9,11,20,22,5,11,12,21,22,7,2,5,13,7,6,1,7,1,2,2,1,7,1,False,,,2,6,6,6,0,1.0,4,0,2,2,6,2,9,6,0.638,0.9719999999999999,0.9560000000000001,1.384,170.2,212.0,57,24,77,0.63,77,21,58,0.73,13,1,41.6,14,2,40.8,2023-10-15
143549,9814,756,756,6,13,15,17,20,22,1,13,14,15,21,11,5,6,13,6,7,2,6,3,3,3,3,6,2,False,,,5,6,6,7,1,0.5,3,2,3,1,5,2,7,3,0.7460000000000001,1.036,1.016,1.3039999999999998,185.4,228.2,78,45,96,0.694,96,51,78,0.816,16,3,31.6,19,1,44.0,2023-10-15
143550,9814,756,756,8,0,11,17,20,22,0,1,11,14,21,6,4,2,13,10,3,2,10,1,4,4,1,10,2,False,,,4,5,7,3,0,1.0,3,0,2,2,6,2,6,4,1.134,0.72,1.234,0.86,201.6,219.0,66,32,77,0.726,77,31,67,0.81,9,1,40.6,16,5,40.2,2023-10-15
134876,6538,3531,6538,4,1,11,13,15,21,1,11,13,15,21,14,3,9,12,3,9,3,5,2,6,6,2,5,3,True,2.0,0.0,8,9,4,5,1,0.5,3,1,2,1,5,4,8,3,0.866,1.394,0.5740000000000001,1.198,212.0,194.0,99,37,85,0.732,85,40,99,0.63,19,2,37.8,16,2,34.2,2023-07-02
134877,6538,3531,3531,3,1,2,7,13,17,0,1,7,11,13,5,2,3,13,9,4,2,6,2,1,1,2,6,2,False,,,3,6,6,3,1,0.5,3,1,3,1,5,2,3,3,0.806,0.7340000000000001,1.2559999999999998,1.21,162.4,213.6,48,27,73,0.578,73,25,48,0.8,9,0,32.0,14,0,56.0,2023-07-02
134878,6538,3531,6538,0,11,12,13,15,21,11,12,13,15,21,13,7,6,10,5,5,1,6,1,7,7,1,6,1,False,,,7,7,4,5,0,1.0,4,0,2,2,2,1,7,5,1.152,1.392,0.6559999999999999,0.914,221.8,172.8,91,55,68,0.8,68,26,91,0.664,19,0,41.6,7,3,35.2,2023-07-02
143559,11836,10725,11836,4,1,11,13,15,21,1,11,13,15,21,14,7,5,12,7,5,5,6,3,7,7,3,6,5,True,2.0,0.0,6,6,7,7,2,0.0,2,2,4,0,10,5,3,2,0.994,0.9039999999999999,1.084,1.0260000000000002,199.2,216.0,91,36,98,0.67,98,45,91,0.748,21,3,37.6,16,1,36.8,2023-11-04
143560,11836,10725,10725,2,5,11,20,21,22,5,11,12,21,22,6,4,2,13,5,8,1,4,4,2,2,4,4,1,False,,,4,5,2,8,1,0.5,3,1,3,1,10,4,8,5,0.796,0.766,1.1199999999999999,1.232,170.0,214.2,58,17,73,0.602,73,27,58,0.736,11,0,36.2,18,4,48.4,2023-11-04
143561,11836,10725,10725,1,2,3,17,20,22,2,8,17,20,22,4,3,1,13,4,9,0,0,2,4,4,2,0,0,False,,,4,2,3,8,0,1.0,2,0,2,2,7,1,6,6,0.684,0.72,1.2979999999999998,1.3379999999999999,158.4,230.4,45,24,71,0.636,71,28,45,0.834,7,0,33.2,11,1,50.0,2023-11-04
143053,4330,13941,4330,1,1,15,17,20,22,2,17,19,20,22,13,9,4,9,6,3,2,5,1,8,8,1,5,2,False,,,5,6,4,7,1,0.5,2,1,4,1,8,5,6,2,1.16,0.9580000000000002,1.058,0.818,213.4,204.0,83,42,77,0.764,77,27,83,0.684,19,3,40.4,13,3,46.4,2023-10-17
143054,4330,13941,4330,8,1,5,15,17,22,5,15,17,20,22,13,5,8,8,1,7,2,2,2,3,3,2,2,2,False,,,4,6,3,8,1,0.5,3,1,3,1,8,4,8,3,0.9259999999999999,1.6079999999999999,0.414,1.0479999999999998,226.4,174.0,85,38,65,0.77,65,27,85,0.61,19,2,51.6,16,1,36.0,2023-10-17
144300,6882,1184,1184,4,0,13,17,20,22,1,11,12,13,15,14,9,3,16,9,3,3,11,0,10,10,0,11,3,True,2,4,7,5,10,8,1,0.5,3,1,3,1,6,3,3,1,1.028,0.626,1.326,0.9480000000000001,177.8,213.2,96,27,115,0.608,115,43,96,0.78,19,6,31.2,26,1,40.4,2023-10-14
123235,2908,5310,2908,3,1,2,5,7,17,1,2,5,11,20,13,9,4,8,5,3,1,5,1,10,10,1,5,1,False,,,7,5,4,5,1,0.5,2,1,4,1,6,4,4,2,1.23,1.098,0.9359999999999999,0.706,209.8,161.8,77,38,58,0.78,58,24,77,0.668,15,2,40.0,7,1,33.6,2023-04-17
123236,2908,5310,2908,8,0,1,17,19,20,0,1,5,11,20,13,4,9,5,3,2,2,3,1,2,2,1,3,2,False,,,2,9,3,4,1,0.5,3,1,3,1,3,3,3,1,1.068,1.4060000000000001,0.7460000000000001,0.8800000000000001,238.0,176.4,75,47,52,0.768,52,32,75,0.58,20,2,48.2,10,1,33.4,2023-04-17
116042,10400,4330,4330,7,0,5,7,11,12,0,7,13,20,22,4,3,1,13,11,2,0,11,1,2,2,1,11,0,False,,,3,4,8,2,1,0.5,4,1,3,1,2,1,1,1,1.15,0.52,1.5740000000000003,0.8680000000000001,169.8,237.8,45,20,73,0.576,73,41,45,0.776,8,0,35.8,16,1,72.8,2023-02-19
116043,10400,4330,10400,4,1,11,13,15,21,1,5,7,15,17,13,5,8,8,4,4,1,4,2,3,3,2,4,1,False,,,3,9,3,6,1,0.5,4,2,5,1,2,1,7,3,1.2040000000000002,1.2420000000000002,0.728,0.8719999999999999,231.0,185.8,90,49,64,0.81,63,32,90,0.648,19,2,50.2,11,4,38.2,2023-02-19
116044,10400,4330,4330,5,12,13,19,21,22,12,13,15,21,22,7,2,5,13,7,6,1,7,2,1,1,2,7,1,False,,,1,6,6,7,1,0.5,4,1,3,2,3,0,1,1,0.678,0.826,1.218,1.374,157.4,222.4,50,23,80,0.59,80,33,50,0.82,7,0,32.6,17,0,52.0,2023-02-19
144058,11882,13516,11882,8,0,1,5,17,20,1,5,15,17,20,13,9,4,10,7,3,1,9,0,7,7,0,9,1,False,,,5,5,6,7,1,0.5,3,1,3,1,5,3,4,1,1.2600000000000002,0.89,1.098,0.776,216.6,194.8,87,35,79,0.74,79,37,87,0.73,17,2,44.2,7,2,33.6,2023-09-13
144059,11882,13516,11882,1,7,9,17,20,22,2,17,19,20,22,13,5,8,6,4,2,1,5,1,1,1,1,5,1,False,,,4,11,1,3,2,0.0,2,2,4,0,4,4,1,0,1.4060000000000001,1.3139999999999998,0.7440000000000001,0.6739999999999999,240.4,161.2,81,43,48,0.842,48,24,81,0.58,15,1,49.8,7,0,30.2,2023-09-13
137377,1184,14,1184,1,2,7,12,17,22,8,9,11,20,22,13,3,10,10,2,8,4,-1,3,2,2,3,-1,4,False,,,5,9,3,6,1,0.5,3,1,3,1,4,2,4,2,0.8860000000000001,1.478,0.61,1.1780000000000002,208.4,196.2,82,66,78,0.706,78,29,82,0.732,20,1,45.0,17,2,36.0,2023-08-12
137378,1184,14,1184,7,2,11,12,13,22,9,11,13,20,22,14,7,5,12,7,5,3,5,0,9,9,0,5,3,True,2.0,0.0,7,8,5,6,0,1.0,4,0,2,2,1,1,12,4,1.174,1.1260000000000001,0.9339999999999999,0.858,210.8,186.4,97,48,82,0.762,82,33,97,0.578,22,0,48.0,17,3,35.0,2023-08-12
150659,466,14196,466,8,11,15,17,20,22,5,11,15,17,20,14,6,6,12,6,6,2,6,4,5,5,4,6,2,True,2,0,5,11,2,8,1,0.5,3,1,3,1,7,2,5,3,1.06,1.07,0.954,0.952,222.6,195.4,102,39,86,0.786,86,42,103,0.732,18,1,42.4,21,3,40.8,2023-11-18
118777,6826,7511,7511,4,9,11,13,20,22,1,7,13,15,17,1,0,1,13,11,2,0,11,0,0,0,0,11,0,False,,,0,6,6,2,0,1.0,3,0,2,2,4,0,3,2,0.33599999999999997,0.554,1.4260000000000002,1.8939999999999997,135.6,249.2,30,14,64,0.528,64,37,31,0.944,8,0,33.4,10,1,47.6,2023-04-06
118778,6826,7511,7511,5,9,11,13,20,22,11,12,13,21,22,2,0,2,13,10,3,1,10,0,0,0,0,10,1,False,,,2,5,7,1,1,0.5,3,1,3,1,6,1,2,2,0.306,0.58,1.426,1.6620000000000001,114.2,231.0,28,9,63,0.44,63,26,28,0.88,5,1,26.2,11,1,58.0,2023-04-06
160232,11863,15120,15120,1,1,2,5,11,21,2,5,17,20,22,5,3,2,13,4,9,1,0,0,2,2,0,0,1,False,,,7,2,4,5,2,0.0,2,2,4,0,11,2,0,0,0.68,0.8220000000000001,1.144,1.328,157.6,224.0,50,20,73,0.656,73,32,50,0.768,8,1,27.6,13,1,49.6,2024-02-28
160233,11863,15120,15120,6,11,13,15,20,22,13,15,17,20,22,2,0,2,13,10,3,0,6,2,0,0,2,6,0,False,,,3,6,6,0,0,1.0,3,0,2,2,8,2,3,3,0.35,0.702,1.31,1.5859999999999999,123.4,226.6,28,10,62,0.48,62,21,28,0.826,6,0,33.8,13,0,44.6,2024-02-28
163158,14,624,624,6,3,7,15,17,22,5,11,15,17,20,10,2,8,13,4,9,5,3,3,1,1,3,3,5,False,,,2,7,5,9,1,0.5,3,1,3,1,8,3,8,4,0.546,1.262,0.738,1.432,195.0,216.6,78,27,89,0.682,89,35,78,0.74,17,3,42.2,16,1,43.4,2024-04-07
163159,14,624,624,1,8,9,17,20,22,2,9,17,18,20,12,6,6,14,6,6,2,6,2,-1,-1,2,6,2,True,0.0,2.0,7,4,9,6,0,1.0,4,0,2,2,5,3,8,4,0.95,0.9259999999999999,1.0859999999999999,1.09,186.6,209.8,86,39,97,0.762,97,41,86,0.848,8,4,36.2,18,2,39.2,2024-04-07
122873,7105,4671,7105,4,1,11,13,15,21,1,5,11,15,21,13,7,6,10,6,4,2,6,1,7,7,1,6,2,False,,,7,4,8,4,1,0.5,3,1,3,1,2,1,8,3,1.1620000000000001,1.072,1.026,0.898,208.4,185.8,85,56,73,0.74,73,37,85,0.69,17,0,40.6,13,1,40.8,2023-04-29
133817,7055,10755,10755,4,11,13,15,20,22,0,1,7,13,17,6,4,2,13,5,8,1,1,0,6,6,0,1,1,False,,,5,1,6,7,1,0.5,3,2,4,2,4,1,1,0,0.8200000000000001,0.7299999999999999,1.292,1.18,175.0,213.0,56,27,73,0.662,73,30,56,0.778,13,2,40.0,10,1,46.0,2023-06-07
123554,876,8946,876,4,1,11,13,15,21,0,1,11,13,21,13,8,5,7,3,4,4,3,1,7,7,1,3,4,False,,,8,7,1,4,2,0.0,3,2,3,0,5,3,11,4,1.114,1.26,0.8039999999999999,0.8560000000000001,225.4,194.6,85,29,66,0.87,66,35,85,0.68,17,4,43.2,14,3,45.2,2023-05-21
143620,6538,756,6538,2,5,14,20,21,22,5,12,17,21,22,13,9,4,4,1,3,2,1,1,8,8,1,1,2,False,,,7,5,0,5,2,0.0,2,2,4,0,4,3,7,3,1.1600000000000001,1.4140000000000001,0.524,0.7859999999999999,213.2,159.8,69,18,45,0.784,45,20,69,0.624,12,1,40.8,5,0,32.6,2023-10-10
143828,6538,756,6538,0,11,12,13,15,21,11,12,13,15,21,13,5,8,10,3,7,2,3,4,4,4,4,3,2,False,,,3,8,3,9,2,0.0,2,2,5,0,9,5,11,6,0.8300000000000001,1.34,0.6620000000000001,1.1920000000000002,211.2,185.4,89,33,76,0.78,76,45,89,0.724,16,1,41.6,17,4,38.4,2023-10-10
134386,581,11997,11997,3,1,2,7,13,17,1,2,13,17,20,3,3,0,13,4,9,0,3,2,3,3,2,3,0,False,,,3,0,4,9,1,0.5,3,1,3,1,9,2,2,2,0.696,0.266,1.732,1.284,119.8,202.0,30,12,60,0.49,60,21,31,0.812,4,0,24.0,14,1,46.8,2023-06-16
134387,581,11997,11997,4,1,11,13,15,21,1,11,13,15,21,10,5,5,13,7,6,1,7,1,6,6,1,7,1,False,,,5,8,4,6,2,0.0,2,2,4,1,7,3,3,2,0.8800000000000001,0.9480000000000001,1.0500000000000003,1.17,178.6,206.8,71,23,85,0.664,85,36,71,0.766,14,0,39.4,19,2,46.2,2023-06-16
158781,10727,10755,10755,5,1,13,16,21,22,11,13,19,21,22,6,2,4,13,8,5,2,8,2,1,1,2,8,2,False,,,6,5,7,1,1,0.5,3,1,3,1,6,2,5,3,0.776,0.97,0.9879999999999999,1.3039999999999998,188.0,209.6,60,27,69,0.684,69,24,60,0.702,10,0,39.8,18,4,54.2,2024-04-03
158782,10727,10755,10727,6,7,13,15,17,22,7,13,15,17,22,13,8,5,8,7,1,0,3,1,8,8,1,3,0,False,,,5,7,5,4,2,0.0,2,2,4,0,6,4,5,2,1.172,1.006,0.99,0.768,209.4,184.8,79,30,68,0.714,68,21,79,0.636,16,4,42.0,14,1,42.8,2024-04-03
158783,10727,10755,10755,1,2,17,19,20,22,2,3,17,20,22,9,4,5,13,5,8,1,6,3,2,2,3,6,1,False,,,4,5,5,8,2,0.0,2,2,4,0,8,3,4,2,0.79,1.0599999999999998,1.026,1.22,193.8,213.6,73,38,82,0.71,82,34,73,0.746,18,1,40.0,14,2,49.4,2024-04-03
154728,14547,13683,13683,8,1,5,15,17,20,0,5,17,20,22,14,3,9,16,3,9,8,5,5,-2,-2,5,5,8,True,2.0,4.0,7,12,3,8,1,0.5,2,1,3,1,8,3,8,4,0.748,1.2419999999999998,0.724,1.312,203.2,211.0,105,44,112,0.746,112,40,105,0.738,22,3,36.4,20,0,38.6,2024-01-26
154729,14547,13683,13683,1,2,3,17,20,22,2,5,17,20,22,6,2,4,13,8,5,2,8,3,0,0,3,8,2,False,,,2,4,8,5,0,1.0,4,0,2,2,5,0,4,3,0.5900000000000001,0.9279999999999999,1.104,1.406,173.6,222.2,55,24,75,0.59,75,40,55,0.79,12,0,34.8,14,1,45.0,2024-01-26
128105,11176,6149,6149,0,11,12,13,15,21,11,12,13,15,21,2,2,0,13,3,10,0,2,5,-1,-1,5,2,0,False,,,2,0,3,10,0,1.0,4,0,2,2,5,1,3,2,0.5879999999999999,0.394,1.532,1.422,135.8,237.2,32,14,69,0.56,69,27,32,0.87,2,0,28.6,11,1,56.4,2023-05-02
163781,14547,15299,14547,0,11,12,13,15,21,11,12,13,15,21,13,5,8,7,4,3,3,3,3,-1,-1,3,3,3,False,,,5,3,9,3,1,0.5,3,1,3,1,4,3,3,1,1.3319999999999999,1.15,0.8699999999999999,0.734,231.2,172.4,83,37,57,0.78,57,26,83,0.64,20,0,54.0,11,2,36.0,2024-03-15
151218,10416,9508,10416,0,11,12,13,15,21,1,7,11,12,15,13,3,10,2,2,0,2,1,0,3,3,0,1,2,False,,,2,8,4,1,1,0.5,2,1,2,1,1,1,8,1,1.6580000000000001,1.41,0.6220000000000001,0.33,248.6,139.0,69,31,33,0.932,33,18,69,0.428,13,2,53.0,7,0,28.2,2023-11-28
151219,10416,9508,10416,9,5,7,11,15,20,5,7,15,17,22,13,7,6,11,6,5,0,5,3,7,7,3,5,0,False,,,4,6,6,8,1,0.5,3,1,3,1,9,7,10,4,0.984,1.136,0.9339999999999999,0.974,211.4,193.0,90,41,81,0.766,81,31,90,0.684,18,3,48.0,14,3,36.6,2023-11-28
144746,8258,2499,8258,0,7,11,13,15,16,5,11,15,20,22,13,4,9,11,3,8,2,2,0,4,4,0,2,2,False,,,3,10,2,9,2,0.0,2,2,4,1,8,3,6,1,0.8400000000000001,1.404,0.5700000000000001,1.22,211.4,174.0,91,41,73,0.776,73,32,92,0.668,15,1,43.6,12,1,39.2,2023-10-17
130230,8924,6750,8924,8,5,11,15,17,19,15,17,19,20,22,13,10,3,4,2,2,0,2,0,1,1,0,2,0,False,,,6,3,2,6,1,0.5,3,1,3,1,5,4,7,1,1.3339999999999999,1.082,0.8780000000000001,0.6459999999999999,216.2,161.6,69,30,48,0.808,48,15,69,0.6,16,1,60.6,10,0,37.6,2023-05-21
151531,12486,12355,12486,6,11,13,15,17,20,13,15,17,20,21,13,9,4,3,0,3,2,0,2,9,9,2,0,2,False,,,8,2,2,4,2,0.0,2,2,4,1,4,3,3,0,1.258,1.4180000000000001,0.6000000000000001,0.738,241.6,186.2,74,29,49,0.788,49,20,74,0.638,18,2,51.8,13,1,42.4,2023-12-02
151532,12486,12355,12486,1,0,11,17,20,22,2,5,17,20,21,14,6,6,12,6,6,2,4,1,6,6,1,4,2,True,2.0,0.0,5,8,5,8,2,0.0,3,2,4,1,5,3,4,2,1.106,1.1,0.8240000000000001,0.93,209.0,179.8,95,31,81,0.692,81,29,95,0.624,21,0,44.8,17,1,36.0,2023-12-02
158742,15021,14470,14470,5,11,13,19,21,22,3,12,19,21,22,9,5,4,13,6,7,2,6,2,1,1,2,6,2,False,,,3,5,5,9,1,0.5,2,1,3,1,5,1,4,3,0.9000000000000001,1.01,1.02,1.144,206.2,237.6,76,30,91,0.646,91,44,76,0.818,20,2,49.6,19,1,44.6,2024-03-13
158743,15021,14470,14470,6,7,13,15,17,22,7,13,15,17,22,3,0,3,13,9,4,2,8,2,0,0,2,8,2,False,,,0,4,8,4,1,0.5,2,1,3,1,7,2,3,3,0.22000000000000003,0.718,1.274,1.7080000000000002,154.4,247.0,41,21,72,0.59,72,28,41,0.838,9,2,35.4,13,2,46.0,2024-03-13
143160,8380,12758,8380,1,1,2,3,17,20,2,3,16,17,20,13,10,3,5,3,2,0,2,0,10,10,0,2,0,False,,,5,4,2,7,1,0.5,3,1,3,1,3,2,6,1,1.278,1.1960000000000002,0.828,0.7040000000000001,228.4,177.8,75,31,53,0.8,53,13,75,0.544,17,2,52.0,8,0,32.6,2023-10-03
143161,8380,12758,8380,0,11,12,13,15,21,11,15,16,17,18,13,4,9,4,3,1,2,2,0,4,4,0,2,2,False,,,4,8,4,1,2,0.0,2,2,2,0,5,4,6,1,1.298,1.392,0.676,0.692,237.6,163.4,72,44,47,0.88,47,13,73,0.542,10,1,55.6,4,0,32.6,2023-10-03
138351,13398,6035,6035,0,11,12,13,15,21,11,12,13,15,21,7,4,3,13,9,4,0,3,0,3,3,0,3,0,False,,,4,3,9,4,2,0.0,2,2,4,0,7,2,2,2,1.032,0.6399999999999999,1.47,1.004,161.8,215.4,55,27,76,0.6,76,50,55,0.82,7,0,31.0,14,1,48.8,2023-08-16
142361,12566,6530,6530,8,1,5,11,15,17,1,5,15,17,20,4,1,3,13,9,4,2,8,2,2,2,2,8,2,False,,,4,6,6,1,1,0.5,5,1,2,1,5,1,4,2,0.704,0.7220000000000001,1.342,1.2520000000000002,175.8,238.6,50,22,75,0.614,75,43,50,0.788,11,2,37.2,19,1,56.6,2023-10-05
142362,12566,6530,12566,0,5,11,15,16,21,11,12,13,15,21,13,6,7,7,1,6,2,0,2,4,4,2,0,2,False,,,5,8,0,7,2,0.0,2,2,4,0,10,6,3,1,0.966,1.564,0.492,1.0779999999999998,212.6,168.2,76,45,57,0.82,57,32,76,0.67,12,2,42.8,12,1,43.0,2023-10-05
142363,12566,6530,6530,6,0,13,17,20,22,13,15,17,20,22,9,6,3,13,9,4,2,8,1,6,6,1,8,2,False,,,6,4,8,4,2,0.0,5,2,4,1,12,5,3,1,1.054,0.868,1.1039999999999999,0.9799999999999998,178.4,194.0,69,29,75,0.694,75,30,69,0.71,13,0,38.8,13,2,48.4,2023-10-05
145853,8826,11978,8826,2,5,14,15,21,22,0,11,18,21,22,13,7,6,6,1,5,0,0,3,7,7,3,0,0,False,,,6,4,3,6,2,0.0,2,2,4,0,5,5,7,2,1.082,1.342,0.618,0.8899999999999999,212.4,161.4,75,16,50,0.758,50,17,75,0.526,12,2,38.4,7,1,35.8,2023-10-24
145854,8826,11978,11978,0,11,12,15,21,22,11,13,15,16,21,7,1,6,13,6,7,2,4,4,2,2,4,4,2,False,,,2,9,3,6,1,0.5,3,1,3,2,8,2,4,3,0.748,1.008,1.0320000000000003,1.292,197.2,217.0,65,32,81,0.71,81,34,65,0.85,12,1,43.4,14,3,43.8,2023-10-24
145855,8826,11978,11978,8,0,5,11,17,20,0,11,17,20,22,5,0,5,13,7,6,1,6,2,0,0,2,6,1,False,,,1,3,9,5,1,0.5,3,1,3,2,4,0,5,4,0.536,1.05,0.9720000000000001,1.384,195.6,227.0,62,19,76,0.734,76,29,62,0.8,15,1,45.8,13,4,50.6,2023-10-24
141924,6985,6200,6985,8,1,5,15,17,20,5,11,15,17,20,13,11,2,3,2,1,0,1,0,10,10,0,1,0,False,,,7,1,3,5,2,0.0,3,2,3,0,2,1,7,3,1.374,1.154,0.844,0.6960000000000001,255.8,180.4,74,43,49,0.852,49,20,74,0.688,17,2,51.0,8,0,41.6,2023-09-23
141925,6985,6200,6985,6,1,13,15,17,20,13,15,17,20,22,13,6,7,5,5,0,2,5,0,6,6,0,5,2,False,,,5,7,5,1,1,0.5,3,2,4,1,1,1,2,0,1.4199999999999997,1.1179999999999999,0.9400000000000001,0.618,226.4,180.4,73,42,52,0.778,52,23,73,0.59,14,2,49.8,8,0,35.0,2023-09-23
128102,2499,8258,2499,6,8,13,14,15,20,0,7,13,17,22,13,4,9,11,3,8,4,2,2,0,0,2,2,4,False,,,5,5,7,7,1,0.5,3,1,2,1,4,4,12,7,0.792,1.266,0.792,1.188,187.6,191.6,82,36,77,0.65,77,30,82,0.718,13,0,38.0,16,2,42.0,2023-05-01
128129,6193,1471,1471,6,1,11,13,15,21,13,15,17,20,22,6,5,1,13,6,7,0,5,3,5,5,3,5,0,False,,,6,4,3,6,0,1.0,4,0,2,2,2,0,6,4,0.7540000000000001,0.738,1.33,1.202,169.8,205.4,55,20,73,0.548,73,36,55,0.78,9,1,30.0,17,2,46.8,2023-05-01
138114,12150,8904,8904,7,0,7,11,12,13,2,8,11,13,18,5,2,3,13,9,4,3,9,0,2,2,0,9,3,False,,,4,4,8,2,1,0.5,3,1,3,1,3,1,4,4,0.836,0.71,1.3140000000000003,1.114,166.6,229.8,49,20,74,0.546,74,29,49,0.756,10,1,37.4,13,0,44.4,2023-08-07
119199,7035,2304,2304,6,1,13,15,17,21,1,8,11,15,22,1,1,0,13,2,11,0,0,4,1,1,4,0,0,False,,,2,0,2,10,0,1.0,3,0,2,2,8,1,2,2,0.526,0.5039999999999999,1.4040000000000001,1.476,144.2,249.4,30,17,70,0.514,70,23,30,0.902,6,0,35.6,15,1,59.0,2023-04-07
119200,7035,2304,2304,0,7,11,12,13,15,11,12,15,21,22,11,4,7,13,5,8,2,4,0,4,4,0,4,2,False,,,3,9,3,9,1,0.5,2,1,4,3,12,5,5,1,0.6960000000000001,1.06,0.974,1.3439999999999999,178.8,214.4,73,44,94,0.668,94,42,73,0.792,19,3,41.0,18,0,45.8,2023-04-07
132214,11257,6235,11257,4,0,1,11,13,21,9,11,13,20,22,13,5,8,10,3,7,0,3,1,5,5,1,3,0,False,,,4,8,3,8,2,0.0,2,2,4,0,13,6,7,4,0.7859999999999999,1.3820000000000001,0.634,1.2420000000000002,210.0,190.8,85,43,79,0.738,79,33,85,0.698,16,2,44.8,18,0,37.8,2023-05-25
132215,11257,6235,11257,6,1,7,13,15,17,9,13,17,20,22,13,6,7,10,5,5,4,5,1,6,6,1,5,4,False,,,6,9,3,5,0,1.0,4,0,2,2,6,5,8,4,1.1700000000000002,1.226,0.788,0.8920000000000001,229.2,190.6,93,55,75,0.82,75,36,93,0.654,19,0,47.8,13,2,36.8,2023-05-25
