map_id,t1,t2,winner,map,date,round_wr_diff,retake_wr_diff,postplant_wr_diff,fk_percent_diff,pistol_wr_diff,acs_diff,kills_diff,kdr_diff,kadr_diff,kast_diff,rating_diff
146315,13905,2536,13905,4,2023-10-20,0.3248847926267281,0.2857142857142857,0.7678571428571429,-0.12142857142857144,-1.0,13.933333333333337,0.25944404846756974,0.14829192546583847,0.12014751552795033,-0.0013333333333332975,0.17533333333333345
119226,12185,12186,12186,0,2023-03-04,-0.25098039215686274,-0.050000000000000044,-0.08333333333333326,-0.25098039215686274,1.5,-12.400000000000006,-0.3125,-0.1805465191932335,-0.19160702667534157,-0.10599999999999998,-0.17800000000000016
122851,1791,9011,1791,5,2023-04-08,0.33333333333333337,0.045454545454545414,-0.25,0.3851351351351351,5.9,19.433333333333337,0.4231884057971014,0.2279130386556486,0.3112417503188951,0.08900000000000008,0.2250000000000001
155291,6127,1316,6127,0,2024-02-03,0.1659722222222222,0.038461538461538436,-0.09999999999999987,0.14031007751937974,-0.625,11.53333333333336,0.16843074091118293,0.08152958152958156,0.15635951350237054,0.08799999999999997,0.08358333333333334
122485,6387,12477,6387,5,2023-04-12,0.6837606837606839,-0.75,0.16666666666666663,1.6206896551724137,3.8333333333333335,44.30000000000001,0.9916666666666667,0.5061609343190828,0.611057537769206,0.16166666666666674,0.34150000000000014
122486,6387,12477,6387,7,2023-04-12,0.6837606837606839,-0.75,0.16666666666666663,1.6206896551724137,3.8333333333333335,44.30000000000001,0.9916666666666667,0.5061609343190828,0.611057537769206,0.16166666666666674,0.34150000000000014
117956,10597,3107,10597,6,2023-03-10,1.9405594405594406,0.0,0.0,0.3264705882352942,5.833333333333333,44.30000000000001,0.8918918918918921,0.5180627954903625,0.582676688083404,0.125,0.4644999999999999
117957,10597,3107,10597,4,2023-03-10,1.9405594405594406,0.0,0.0,0.3264705882352942,5.833333333333333,44.30000000000001,0.8918918918918921,0.5180627954903625,0.582676688083404,0.125,0.4644999999999999
169133,13112,15595,13112,9,2024-04-07,0.33566433566433573,0.17142857142857143,0.6666666666666667,0.6857142857142856,1.0,17.600000000000023,0.29166666666666696,0.17000294377391822,0.12363850456284964,-0.026000000000000023,0.137
143625,6538,8258,6538,8,2023-10-11,0.82,0.5209790209790209,2.430769230769231,0.2637195121951219,1.6904761904761905,33.71666666666667,0.6830759330759331,0.3703197197360305,0.6146254029958449,0.11455555555555552,0.30133333333333323
143626,6538,8258,6538,2,2023-10-11,2.57,1.6363636363636362,7.2,1.3512195121951218,-0.16666666666666674,34.04999999999998,0.9040616246498598,0.6558498896247241,0.7412803532008829,0.135,0.4139999999999999
119506,9913,12122,12122,7,2023-03-08,-4.102564102564102,-0.8,-5.5,-1.0666666666666669,-1.0,-62.400000000000006,-1.75,-0.9870740305522915,-1.2032902467685078,-0.264,-0.6839999999999999
152887,9762,7105,7105,9,2024-02-18,-0.8333333333333334,-0.39999999999999997,-11.333333333333334,-0.34096109839816935,1.0,-24.600000000000023,-0.5780730897009967,-0.3460227272727273,-0.6545454545454545,-0.09699999999999998,-0.25350000000000006
158395,8826,4173,8826,8,2024-02-17,-0.30769230769230765,-0.28787878787878785,-1.75,-0.4065934065934066,1.8333333333333333,19.599999999999994,0.48989898989899006,0.03734635991175539,0.01788528206744422,0.14800000000000002,-0.08649999999999991
158396,8826,4173,8826,6,2024-02-17,0.3276923076923077,-0.04278074866310161,-0.3214285714285714,0.3276923076923077,4.5,28.560000000000002,0.698919891989199,0.31651237584178815,0.43874269265623056,0.16160000000000008,0.14990000000000014
129268,10416,9508,9508,3,2023-05-10,-1.5743589743589745,-1.75,1.1666666666666667,-0.24444444444444446,0.0,-20.849999999999994,-0.5541490857946552,-0.4328644501278771,-0.6496163682864449,-0.09199999999999997,-0.12325000000000008
129269,10416,9508,9508,4,2023-05-10,0.16849816849816845,0.0,-0.5,-0.4111111111111112,1.0,21.94999999999999,0.4031158714703018,0.11701704093008447,0.19955406911928653,0.08199999999999996,0.07874999999999988
150982,8303,9916,8303,6,2023-11-21,0.07912087912087917,-0.15238095238095237,1.2000000000000002,0.4285714285714286,4.0,4.066666666666663,-0.0058651026392961825,0.05901277249591863,0.10290022087774897,0.014000000000000012,0.08166666666666655
151431,13368,13587,13368,4,2023-12-01,1.2762237762237763,0.3125,7.833333333333334,0.8285714285714285,2.857142857142857,61.32222222222225,1.3360389610389611,0.7242187711738082,1.1104154809334092,0.3087777777777778,0.6197777777777781
151432,13368,13587,13368,6,2023-12-01,1.2762237762237763,0.3125,7.833333333333334,0.8285714285714285,2.857142857142857,61.32222222222225,1.3360389610389611,0.7242187711738082,1.1104154809334092,0.3087777777777778,0.6197777777777781
162747,8380,7038,8380,6,2024-03-29,-0.2735042735042734,0.8846153846153846,-0.3999999999999999,-0.8253119429590017,-0.1,-31.933333333333337,-0.6792717086834736,-0.2766634522661523,-0.328254580520733,-0.10666666666666669,-0.17233333333333334
162748,8380,7038,7038,5,2024-03-29,0.31400966183574885,0.5161943319838056,5.0285714285714285,-0.22928075940124126,4.9,10.952380952380935,0.17066563467492246,0.0906967996740119,0.29903143904961915,0.07504761904761892,0.13180952380952393
162749,8380,7038,8380,0,2024-03-29,2.361111111111111,0.8846153846153846,-1.4,1.3393939393939394,0.9,41.866666666666646,0.7941176470588234,0.5728985001743984,1.2221834670387164,0.23133333333333328,0.40766666666666673
155564,8484,13368,13368,1,2024-02-09,-0.5980861244019139,-0.2125,-7.333333333333334,-0.15757575757575748,-2.607142857142857,-15.422222222222217,-0.3917310167310166,-0.31914765181697446,-0.44970119521912344,-0.10077777777777774,-0.2212777777777779
155565,8484,13368,13368,6,2024-02-09,-0.3651315789473685,-0.0111111111111111,-4.5,-0.22424242424242413,-5.75,-20.69999999999999,-0.4594594594594592,-0.30223285486443374,-0.4320175438596492,-0.119,-0.22949999999999982
153307,4669,5310,5310,9,2024-03-02,-0.3023504273504274,0.07977207977207976,-1.2840909090909092,-0.22557172557172556,-2.5238095238095237,-10.775000000000034,-0.17801257861635245,-0.12140023211249362,-0.11735175838708822,-0.03241666666666687,-0.13199999999999978
153308,4669,5310,4669,5,2024-03-02,-0.3023504273504274,0.07977207977207976,-1.2840909090909092,-0.22557172557172556,-2.5238095238095237,-10.775000000000034,-0.17801257861635245,-0.12140023211249362,-0.11735175838708822,-0.03241666666666687,-0.13199999999999978
153309,4669,5310,5310,0,2024-03-02,-0.3023504273504274,0.07977207977207976,-1.2840909090909092,-0.22557172557172556,-2.5238095238095237,-10.775000000000034,-0.17801257861635245,-0.12140023211249362,-0.11735175838708822,-0.03241666666666687,-0.13199999999999978
163314,13849,15210,15210,6,2024-03-12,0.5063829787234043,0.2647058823529412,0.8545454545454545,-0.3062169312169313,2.5,25.986666666666622,0.46951659451659467,0.21634045840844718,0.37289466907030633,0.12413333333333332,0.28800000000000014
163315,13849,15210,13849,8,2024-03-12,0.5063829787234043,0.2647058823529412,0.8545454545454545,-0.3062169312169313,2.5,25.986666666666622,0.46951659451659467,0.21634045840844718,0.37289466907030633,0.12413333333333332,0.28800000000000014
163316,13849,15210,13849,0,2024-03-12,0.5063829787234043,0.2647058823529412,0.8545454545454545,-0.3062169312169313,2.5,25.986666666666622,0.46951659451659467,0.21634045840844718,0.37289466907030633,0.12413333333333332,0.28800000000000014
154423,15058,15065,15058,2,2024-03-28,1.9405594405594406,1.4166666666666667,3.4,1.0341614906832297,5.833333333333333,67.0,1.5405405405405403,0.8947089947089948,1.2560846560846564,0.19899999999999995,0.5569999999999999
154424,15058,15065,15058,8,2024-03-28,1.9405594405594406,1.4166666666666667,3.4,1.0341614906832297,5.833333333333333,67.0,1.5405405405405403,0.8947089947089948,1.2560846560846564,0.19899999999999995,0.5569999999999999
156670,282,104,282,8,2024-02-10,-0.1560810810810811,0.17777777777777776,1.5,-0.8099579242636746,0.0,1.5333333333333314,0.03896103896103886,0.022347066167290874,0.02675821889305041,0.010666666666666713,0.06966666666666643
156671,282,104,104,5,2024-02-10,-0.1560810810810811,0.17777777777777776,1.5,-0.8099579242636746,0.0,1.5333333333333314,0.03896103896103886,0.022347066167290874,0.02675821889305041,0.010666666666666713,0.06966666666666643
156672,282,104,104,1,2024-02-10,-0.1560810810810811,0.17777777777777776,1.5,-0.8099579242636746,0.0,1.5333333333333314,0.03896103896103886,0.022347066167290874,0.02675821889305041,0.010666666666666713,0.06966666666666643
147362,2593,2934,2593,0,2023-11-03,0.5307692307692308,-0.1333333333333333,-2.0,-0.1742424242424242,1.5,40.20000000000002,0.652173913043478,0.39075630252100835,0.8672268907563025,0.08600000000000008,0.395
143059,13941,13939,13941,1,2023-10-18,0.30769230769230765,-0.20833333333333331,0.16666666666666652,0.4347826086956522,0.5,17.69999999999999,0.38888888888888884,0.22330832765022357,0.23414412366446924,0.02100000000000002,0.2124999999999999
143060,13941,13939,13941,6,2023-10-18,0.8098290598290598,0.0,-0.16666666666666696,0.7583120204603581,2.5,30.299999999999983,0.6990154711673697,0.3667718615009289,0.5576445309877123,0.09749999999999992,0.349
125982,9351,4519,4519,5,2023-04-11,-0.43040293040293043,0.12121212121212122,0.7999999999999998,-0.08514492753623182,1.5,-23.30000000000001,-0.5106382978723403,-0.2906756165183132,-0.31511746680286,0.008999999999999897,-0.09599999999999986
125983,9351,4519,4519,8,2023-04-11,-0.43040293040293043,0.12121212121212122,0.7999999999999998,-0.08514492753623182,1.5,-23.30000000000001,-0.5106382978723403,-0.2906756165183132,-0.31511746680286,0.008999999999999897,-0.09599999999999986
118476,5366,8375,8375,4,2023-05-26,-0.12132352941176472,-0.375,1.6666666666666665,-0.4920782851817336,3.75,0.26666666666670835,-0.015151515151515138,-0.008791251255893084,-0.015186645026663559,-0.012666666666666715,-0.09133333333333327
118477,5366,8375,5366,0,2023-05-26,-0.12132352941176472,-0.375,1.6666666666666665,-0.4920782851817336,3.75,0.26666666666670835,-0.015151515151515138,-0.008791251255893084,-0.015186645026663559,-0.012666666666666715,-0.09133333333333327
118478,5366,8375,8375,7,2023-05-26,-0.12132352941176472,-0.375,1.6666666666666665,-0.4920782851817336,3.75,0.26666666666670835,-0.015151515151515138,-0.008791251255893084,-0.015186645026663559,-0.012666666666666715,-0.09133333333333327
146372,13995,13910,13995,1,2023-10-21,1.0096153846153846,0.8333333333333334,6.0,0.19090909090909103,1.0,16.400000000000006,0.5238095238095237,0.278060413354531,0.3287758346581877,0.124,0.18100000000000005
133874,8342,11882,8342,1,2023-06-09,0.19117647058823528,5.590909090909091,-0.14285714285714302,-0.4517045454545454,-2.3333333333333335,1.6000000000000227,-0.022222222222222143,0.04900332225913617,-0.036307546274323865,-0.016999999999999904,0.0025000000000001688
133894,8342,11882,8342,6,2023-06-09,0.19117647058823528,5.590909090909091,-0.14285714285714302,-0.4517045454545454,-2.3333333333333335,1.6000000000000227,-0.022222222222222143,0.04900332225913617,-0.036307546274323865,-0.016999999999999904,0.0025000000000001688
141483,5832,13232,5832,1,2023-09-16,0.6990740740740741,0.15897435897435896,0.0,-0.07366849178695856,2.5833333333333335,11.390000000000015,0.27060439560439553,0.18641304347826093,0.26398953301127204,-0.0005999999999999339,0.17780000000000007
141484,5832,13232,5832,6,2023-09-16,0.6990740740740741,0.15897435897435896,0.0,-0.07366849178695856,2.5833333333333335,11.390000000000015,0.27060439560439553,0.18641304347826093,0.26398953301127204,-0.0005999999999999339,0.17780000000000007
151837,11836,12743,11836,4,2023-12-09,0.012820512820512997,0.5476190476190477,-2.6666666666666665,-0.29670329670329665,0.0,-11.800000000000011,-0.1071428571428572,-0.11266568483063333,-0.3226383336839891,-0.08199999999999996,-0.12700000000000022
151838,11836,12743,11836,6,2023-12-09,0.2665322580645161,0.7905982905982906,0.5153846153846153,0.2906683480453972,3.2750000000000004,-1.0749999999999886,0.04632990522282743,0.1169041884116151,0.1409072661581694,-0.02254999999999996,0.07742500000000008
123489,8946,5441,8946,6,2023-04-22,0.46153846153846156,0.4,0.75,0.2797202797202798,1.0,20.69999999999999,0.4500000000000002,0.20766319772942288,0.41067486597287917,0.08999999999999997,0.16549999999999987
145269,11491,11490,11490,2,2023-10-14,-1.6643356643356642,-0.8666666666666667,-0.5,-1.535294117647059,-4.5,-68.85999999999999,-1.3182795698924732,-0.6772478924077232,-1.0887784617666694,-0.27480000000000004,-0.6831999999999998
145270,11491,11490,11490,6,2023-10-14,-1.6643356643356642,-0.8666666666666667,-0.5,-1.535294117647059,-4.5,-68.85999999999999,-1.3182795698924732,-0.6772478924077232,-1.0887784617666694,-0.27480000000000004,-0.6831999999999998
128140,6159,1471,1471,0,2023-05-06,-1.4487179487179485,-0.4375,-4.8,-0.8522727272727273,-2.2,-33.21333333333337,-0.7286724273369996,-0.44345114345114356,-0.5724532224532226,-0.0942666666666665,-0.30253333333333343
160065,11002,15077,11002,1,2024-03-28,2.2153846153846155,1.7647058823529411,3.75,1.5,5.833333333333333,48.900000000000006,1.1388888888888888,0.6827804746494067,1.0318905070118662,0.22799999999999998,0.594
160066,11002,15077,11002,5,2024-03-28,2.2153846153846155,1.7647058823529411,3.75,1.5,5.833333333333333,48.900000000000006,1.1388888888888888,0.6827804746494067,1.0318905070118662,0.22799999999999998,0.594
161235,15156,1458,15156,2,2024-03-14,-0.6969147005444647,-0.3979166666666667,-2.3809523809523814,-0.03296703296703307,0.5,-28.0,-0.42727272727272725,-0.21032190903267145,-0.36991511851377323,-0.10888888888888892,-0.2436666666666666
161236,15156,1458,1458,6,2024-03-14,-1.0460526315789473,-0.6166666666666667,-0.6666666666666667,-3.107142857142857,1.0,-32.33333333333334,-0.5095238095238095,-0.36210762331838564,-0.5172365470852018,-0.128,-0.28933333333333333
161237,15156,1458,1458,5,2024-03-14,-0.5877192982456141,-0.4666666666666667,-2.666666666666667,-0.023809523809523947,0.5,-32.53333333333336,-0.5076923076923077,-0.17662375235064365,-0.2588360094507933,-0.10799999999999998,-0.15133333333333343
128635,11267,12489,11267,7,2023-04-29,-0.3003663003663005,-0.6277777777777778,-3.2142857142857144,-0.6093811588490343,-1.7999999999999998,-17.96666666666664,-0.3900432900432902,-0.17513044941928968,-0.24691971048645023,-0.035666666666666735,-0.17066666666666686
128636,11267,12489,12489,8,2023-04-29,-0.3003663003663005,-0.6277777777777778,-3.2142857142857144,-0.6093811588490343,-1.7999999999999998,-17.96666666666664,-0.3900432900432902,-0.17513044941928968,-0.24691971048645023,-0.035666666666666735,-0.17066666666666686
128637,11267,12489,12489,3,2023-04-29,-0.3003663003663005,-0.6277777777777778,-3.2142857142857144,-0.6093811588490343,-1.7999999999999998,-17.96666666666664,-0.3900432900432902,-0.17513044941928968,-0.24691971048645023,-0.035666666666666735,-0.17066666666666686
146374,13848,13867,13848,4,2023-10-19,1.6544117647058822,0.25,2.0,0.487012987012987,9.9,52.133333333333354,1.02,0.6157051282051282,0.9700854700854701,0.21466666666666667,0.62
146375,13848,13867,13867,2,2023-10-19,1.6544117647058822,0.25,2.0,0.487012987012987,9.9,52.133333333333354,1.02,0.6157051282051282,0.9700854700854701,0.21466666666666667,0.62
146376,13848,13867,13848,0,2023-10-19,1.6544117647058822,0.25,2.0,0.487012987012987,9.9,52.133333333333354,1.02,0.6157051282051282,0.9700854700854701,0.21466666666666667,0.62
147486,10407,14107,10407,6,2023-10-29,0.8755656108597284,-0.16666666666666669,-1.0,0.2804347826086956,5.833333333333333,30.799999999999983,0.581395348837209,0.31947261663286,0.38924949290060873,0.09999999999999998,0.27500000000000013
147487,10407,14107,10407,9,2023-10-29,0.8755656108597284,-0.16666666666666669,-1.0,0.2804347826086956,5.833333333333333,30.799999999999983,0.581395348837209,0.31947261663286,0.38924949290060873,0.09999999999999998,0.27500000000000013
162774,283,11490,283,0,2024-03-09,-0.9652406417112299,0.2761904761904761,-1.5,-0.8823529411764707,-4.1,-17.293333333333322,-0.34050179211469533,-0.19084265040414294,-0.38066889308358753,-0.15146666666666664,-0.3291999999999998
162775,283,11490,11490,1,2024-03-09,-0.9652406417112299,0.2761904761904761,-1.5,-0.8823529411764707,-4.1,-17.293333333333322,-0.34050179211469533,-0.19084265040414294,-0.38066889308358753,-0.15146666666666664,-0.3291999999999998
162776,283,11490,283,2,2024-03-09,-12.147058823529411,-0.8571428571428572,0.0,-5.147058823529412,-0.6,-55.93333333333334,-1.4841269841269842,-1.2070271088898983,-1.8449189762229292,-0.31266666666666654,-0.6629999999999997
131374,466,1110,466,6,2023-06-03,-0.3447640966628309,-0.6842105263157895,-3.0,0.24112978524743245,-1.0833333333333335,1.809523809523796,0.0038768276473195584,-0.012215863011794115,-0.00430984544801527,-0.009809523809523713,-0.12721428571428572
131375,466,1110,466,8,2023-06-03,-0.3447640966628309,-0.6842105263157895,-3.0,0.24112978524743245,-1.0833333333333335,1.809523809523796,0.0038768276473195584,-0.012215863011794115,-0.00430984544801527,-0.009809523809523713,-0.12721428571428572
131376,466,1110,466,0,2023-06-03,-0.3447640966628309,-0.6842105263157895,-3.0,0.24112978524743245,-1.0833333333333335,1.809523809523796,0.0038768276473195584,-0.012215863011794115,-0.00430984544801527,-0.009809523809523713,-0.12721428571428572
118024,363,361,361,3,2023-03-16,-0.49875,-0.6058823529411765,-2.2888888888888888,-0.07019704433497542,0.0,-8.133333333333326,-0.26315789473684204,-0.14908992255709563,-0.26744931682533424,-0.06933333333333325,-0.013000000000000123
118025,363,361,363,5,2023-03-16,-0.49875,-0.6058823529411765,-2.2888888888888888,-0.07019704433497542,0.0,-8.133333333333326,-0.26315789473684204,-0.14908992255709563,-0.26744931682533424,-0.06933333333333325,-0.013000000000000123
118026,363,361,361,4,2023-03-16,-0.49875,-0.6058823529411765,-2.2888888888888888,-0.07019704433497542,0.0,-8.133333333333326,-0.26315789473684204,-0.14908992255709563,-0.26744931682533424,-0.06933333333333325,-0.013000000000000123
141097,12053,12485,12053,0,2023-09-10,0.15357142857142847,-0.07293127629733523,-0.16666666666666652,-0.048294195835179354,0.25,10.426666666666677,0.12687793427230076,0.03818631277647677,0.1463700234192038,0.0869333333333333,0.061133333333333484
141098,12053,12485,12485,1,2023-09-10,0.15357142857142847,-0.07293127629733523,-0.16666666666666652,-0.048294195835179354,0.25,10.426666666666677,0.12687793427230076,0.03818631277647677,0.1463700234192038,0.0869333333333333,0.061133333333333484
141099,12053,12485,12053,6,2023-09-10,0.15357142857142847,-0.07293127629733523,-0.16666666666666652,-0.048294195835179354,0.25,10.426666666666677,0.12687793427230076,0.03818631277647677,0.1463700234192038,0.0869333333333333,0.061133333333333484
134858,3531,5214,3531,6,2023-07-01,-0.2602201257861634,0.07407407407407407,-0.5833333333333335,-0.3898236092265944,1.5555555555555556,-13.472727272727269,-0.2481097356975579,-0.13189574500040435,-0.17621625056321277,-0.0651515151515153,-0.09630303030303033
134859,3531,5214,5214,1,2023-07-01,-0.2602201257861634,0.07407407407407407,-0.5833333333333335,-0.3898236092265944,1.5555555555555556,-13.472727272727269,-0.2481097356975579,-0.13189574500040435,-0.17621625056321277,-0.0651515151515153,-0.09630303030303033
134860,3531,5214,3531,8,2023-07-01,-0.2602201257861634,0.07407407407407407,-0.5833333333333335,-0.3898236092265944,1.5555555555555556,-13.472727272727269,-0.2481097356975579,-0.13189574500040435,-0.17621625056321277,-0.0651515151515153,-0.09630303030303033
124249,11176,4616,4616,3,2023-04-18,-0.40512820512820513,-0.3970588235294118,-1.3928571428571428,-0.40512820512820513,-0.20833333333333334,-15.483333333333348,-0.2894736842105261,-0.16314926189174406,-0.22821213778020777,-0.015833333333333255,-0.18633333333333335
134363,9762,9077,9762,0,2023-06-22,0.05927230046948351,-0.27619047619047615,-0.02564102564102555,0.1846337105419893,1.75,-1.5666666666666345,-0.0949139723955379,-0.05979308390022675,0.007482993197278853,-0.02633333333333332,-0.0034999999999999476
148067,9613,10482,9613,1,2023-11-27,1.1564102564102565,0.26363636363636367,7.25,1.4100529100529102,5.833333333333333,31.099999999999994,0.5853658536585367,0.3310032117891556,0.6201587001700359,0.08699999999999997,0.38449999999999995
148068,9613,10482,9613,4,2023-11-27,1.1564102564102565,0.26363636363636367,7.25,1.4100529100529102,5.833333333333333,31.099999999999994,0.5853658536585367,0.3310032117891556,0.6201587001700359,0.08699999999999997,0.38449999999999995
122593,11517,12421,12421,6,2023-03-25,-1.9405594405594406,-0.7,-2.3333333333333335,-0.3264705882352942,1.5,-75.30000000000001,-1.378378378378378,-0.8448197760952566,-1.2863521646282279,-0.2749999999999999,-0.6505
122594,11517,12421,12421,4,2023-03-25,-1.9405594405594406,-0.7,-2.3333333333333335,-0.3264705882352942,1.5,-75.30000000000001,-1.378378378378378,-0.8448197760952566,-1.2863521646282279,-0.2749999999999999,-0.6505
164072,4686,4762,4686,6,2024-04-14,0.3766140602582496,0.4610389610389611,1.5777777777777775,-0.16025641025641013,1.5,22.46666666666664,0.4133333333333331,0.25355655505580554,0.3933200066633351,0.05800000000000016,0.17733333333333312
164073,4686,4762,4686,1,2024-04-14,0.3766140602582496,0.4610389610389611,1.5777777777777775,-0.16025641025641013,1.5,22.46666666666664,0.4133333333333331,0.25355655505580554,0.3933200066633351,0.05800000000000016,0.17733333333333312
164074,4686,4762,4686,8,2024-04-14,0.3766140602582496,0.4610389610389611,1.5777777777777775,-0.16025641025641013,1.5,22.46666666666664,0.4133333333333331,0.25355655505580554,0.3933200066633351,0.05800000000000016,0.17733333333333312
116069,10400,11276,10400,6,2023-02-26,0.950281425891182,0.08119658119658121,1.1666666666666667,-0.04534313725490191,1.5,22.200000000000017,0.5877455877455877,0.36159272480027194,0.5639554648988613,0.13959999999999995,0.3979999999999999
116070,10400,11276,10400,4,2023-02-26,1.3557692307692308,0.1388888888888889,0.16666666666666674,0.392156862745098,1.5,43.60000000000002,1.225108225108225,0.7238175675675675,1.232685810810811,0.20800000000000007,0.5420000000000003
142220,5214,11250,11250,6,2023-09-30,0.19047619047619047,0.06818181818181818,-2.1,0.03896103896103886,0.4,23.46666666666667,0.5269230769230773,0.17335516127604977,0.24401575151541954,0.08533333333333326,0.09099999999999997
142221,5214,11250,5214,8,2023-09-30,-0.05128205128205121,0.018181818181818188,-2.1,0.28181818181818186,-0.1,13.066666666666691,0.14047619047619087,-0.03259873655784351,-0.03433476394849788,0.011333333333333306,-0.13100000000000012
142222,5214,11250,5214,4,2023-09-30,0.6352201257861635,0.18855218855218853,0.6499999999999999,0.4,1.2333333333333332,38.26666666666668,0.7368852459016395,0.35815663111375506,0.537447414269324,0.15066666666666673,0.2376666666666668
147713,13920,14027,13920,6,2023-11-02,0.4349650349650349,0.21264367816091953,2.0,-0.11290322580645162,0.7222222222222222,-1.0600000000000023,-0.035159285159285236,0.020656749120682605,-0.05281669837974978,0.024799999999999933,0.07039999999999991
147714,13920,14027,13920,4,2023-11-02,0.4349650349650349,0.21264367816091953,2.0,-0.11290322580645162,0.7222222222222222,-1.0600000000000023,-0.035159285159285236,0.020656749120682605,-0.05281669837974978,0.024799999999999933,0.07039999999999991
155135,14,5448,5448,0,2024-02-19,-0.0668016194331984,0.12380952380952381,-5.033333333333333,-0.30655957161981273,-1.0,-16.1142857142857,-0.2781446540880501,-0.03424657534246567,-0.2661377747117373,-0.07057142857142862,0.007428571428571451
155136,14,5448,14,6,2024-02-19,0.2592407592407593,-0.04285714285714287,-2.1487179487179486,0.012884872824631799,0.0,14.985714285714295,0.15378965248129273,0.10019646365422397,0.03192181029243413,0.0694285714285715,0.13142857142857156
155137,14,5448,14,9,2024-02-19,0.2592407592407593,-0.04285714285714287,-2.1487179487179486,0.012884872824631799,0.0,14.985714285714295,0.15378965248129273,0.10019646365422397,0.03192181029243413,0.0694285714285715,0.13142857142857156
160277,1470,6159,1470,8,2024-03-05,0.8186366479049406,0.2875,-0.4727272727272729,1.3661616161616161,1.0,31.81333333333336,0.6577210103329509,0.41692307692307706,0.6053846153846154,0.12106666666666654,0.33313333333333317
160278,1470,6159,1470,0,2024-03-05,0.7673545966228893,0.475,-0.2727272727272727,1.3555555555555556,-0.19999999999999996,27.28000000000003,0.5363712374581939,0.3521645796064402,0.5335599284436494,0.11639999999999995,0.2757999999999998
142134,2536,11997,11997,6,2023-09-25,-0.934065934065934,-0.2523809523809524,-4.476190476190476,0.1387096774193548,0.9,-10.46666666666664,-0.29785853341985735,-0.352657004830918,-0.3943236714975846,-0.010000000000000009,-0.33166666666666667
132889,13041,8240,8240,0,2023-06-01,-1.4294871794871793,-0.45833333333333337,-1.6,-0.956043956043956,-0.43333333333333346,-74.17499999999998,-1.6086021505376342,-0.7489121722203138,-0.9506755983052789,-0.24249999999999994,-0.6218750000000001
132890,13041,8240,8240,8,2023-06-01,-1.4294871794871793,-0.45833333333333337,-1.6,-0.956043956043956,-0.43333333333333346,-74.17499999999998,-1.6086021505376342,-0.7489121722203138,-0.9506755983052789,-0.24249999999999994,-0.6218750000000001
132492,10149,7099,7099,3,2023-06-02,-1.1958525345622122,-0.4380952380952381,-0.375,-0.6929824561403509,0.375,-38.78000000000003,-0.7808252427184468,-0.5038678835289004,-0.8143850499782703,-0.11419999999999997,-0.3446999999999998
132493,10149,7099,7099,4,2023-06-02,-1.1958525345622122,-0.4380952380952381,-0.375,-0.6929824561403509,0.375,-38.78000000000003,-0.7808252427184468,-0.5038678835289004,-0.8143850499782703,-0.11419999999999997,-0.3446999999999998
157738,879,14809,879,2,2024-02-03,0.20408163265306123,0.11231884057971014,-0.5333333333333337,-0.19523809523809532,-0.8333333333333334,4.799999999999983,0.06100478468899517,-0.054927956347514795,0.025556313411203124,0.03300000000000003,0.06300000000000006
144781,13633,13905,13633,6,2023-10-13,0.5616698292220113,0.8999999999999999,3.375,-0.5247252747252747,1.0,3.866666666666646,0.19252764010674772,0.09398496240601517,0.14215225563909772,-0.03166666666666673,-0.04283333333333328
144798,13633,13905,13633,0,2023-10-13,0.5616698292220113,0.8999999999999999,3.375,-0.5247252747252747,1.0,3.866666666666646,0.19252764010674772,0.09398496240601517,0.14215225563909772,-0.03166666666666673,-0.04283333333333328
132430,7448,10417,7448,6,2023-05-23,-0.31947261663286,-0.5789473684210527,-1.375,0.063508064516129,0.0,-22.73333333333332,-0.4761904761904763,-0.2654763761110246,-0.40893497583034466,-0.12199999999999989,-0.28800000000000003
132431,7448,10417,10417,0,2023-05-23,-0.31947261663286,-0.5789473684210527,-1.375,0.063508064516129,0.0,-22.73333333333332,-0.4761904761904763,-0.2654763761110246,-0.40893497583034466,-0.12199999999999989,-0.28800000000000003
132432,7448,10417,7448,7,2023-05-23,-0.31947261663286,-0.5789473684210527,-1.375,0.063508064516129,0.0,-22.73333333333332,-0.4761904761904763,-0.2654763761110246,-0.40893497583034466,-0.12199999999999989,-0.28800000000000003
124724,10421,12373,12373,4,2023-05-17,-0.5414781297134239,0.45238095238095244,-0.16666666666666652,0.20344827586206904,5.25,-16.033333333333303,-0.3813852813852816,-0.20453093047034776,-0.3161266615541922,-0.053333333333333344,-0.08999999999999997
124725,10421,12373,12373,7,2023-05-17,-0.5414781297134239,0.45238095238095244,-0.16666666666666652,0.20344827586206904,5.25,-16.033333333333303,-0.3813852813852816,-0.20453093047034776,-0.3161266615541922,-0.053333333333333344,-0.08999999999999997
164405,15118,14695,15118,8,2024-03-17,1.2444444444444445,0.5952380952380953,0.8928571428571429,0.19090909090909103,5.833333333333333,30.099999999999966,0.5,0.2731060606060606,0.32260101010101017,0.10099999999999998,0.2430000000000001
164406,15118,14695,15118,1,2024-03-17,1.2444444444444445,0.5952380952380953,0.8928571428571429,0.19090909090909103,5.833333333333333,30.099999999999966,0.5,0.2731060606060606,0.32260101010101017,0.10099999999999998,0.2430000000000001
154357,14709,9727,9727,2,2024-01-19,-5.007692307692308,-1.5,-0.33333333333333337,-1.6238095238095238,-1.0,-73.9,-1.806451612903226,-1.0057838660578386,-1.4592085235920855,-0.23099999999999987,-0.7690000000000001
154358,14709,9727,9727,0,2024-01-19,-5.007692307692308,-1.5,-0.33333333333333337,-1.6238095238095238,-1.0,-73.9,-1.806451612903226,-1.0057838660578386,-1.4592085235920855,-0.23099999999999987,-0.7690000000000001
167166,10755,10727,10755,6,2024-04-12,-1.0096153846153846,0.125,-7.0,-0.5833333333333333,-1.0,-24.599999999999994,-0.5238095238095237,-0.3010052122114669,-0.47635889798957565,-0.07799999999999996,-0.20999999999999996
167167,10755,10727,10755,5,2024-04-12,1.7051282051282048,1.75,3.5,-0.6477272727272727,-1.5,21.599999999999994,0.47368421052631593,0.2804347826086956,0.2891304347826087,0.017999999999999905,0.2729999999999999
152311,14424,13254,13254,2,2023-12-17,-2.9423076923076925,-0.1090909090909091,-6.0,-1.2878787878787878,-1.0,-59.29999999999998,-1.5,-0.9109911827303132,-1.2897537245363333,-0.2590000000000001,-0.7879999999999999
152312,14424,13254,13254,9,2023-12-17,-2.9423076923076925,-0.1090909090909091,-6.0,-1.2878787878787878,-1.0,-59.29999999999998,-1.5,-0.9109911827303132,-1.2897537245363333,-0.2590000000000001,-0.7879999999999999
151206,6387,4915,4915,0,2023-12-02,-0.6349206349206349,-0.5,-0.33333333333333337,1.1818181818181817,3.5,-3.0,0.016666666666666607,0.16143637782982045,0.007416081186573109,0.022666666666666724,0.0050000000000001155
153444,14642,14558,14558,4,2024-01-21,-5.007692307692308,-1.1666666666666667,-0.1428571428571429,-2.0353535353535355,-1.0,-106.1,-2.0967741935483866,-1.3460042776589538,-1.8679758895586236,-0.33100000000000007,-0.8985000000000001
153445,14642,14558,14558,1,2024-01-21,-5.007692307692308,-1.1666666666666667,-0.1428571428571429,-2.0353535353535355,-1.0,-106.1,-2.0967741935483866,-1.3460042776589538,-1.8679758895586236,-0.33100000000000007,-0.8985000000000001
119187,2059,1184,1184,6,2023-04-05,-0.9258241758241758,-0.3057142857142857,-3.666666666666667,-0.509090909090909,-0.761904761904762,-33.133333333333354,-0.8728260869565219,-0.47494172494172493,-0.7412587412587412,-0.1243333333333333,-0.38416666666666677
119188,2059,1184,1184,4,2023-04-05,-0.9258241758241758,-0.3057142857142857,-3.666666666666667,-0.509090909090909,-0.761904761904762,-33.133333333333354,-0.8728260869565219,-0.47494172494172493,-0.7412587412587412,-0.1243333333333333,-0.38416666666666677
166757,12489,14467,12489,5,2024-04-14,0.028571428571428692,0.6499999999999999,3.7142857142857144,0.17062146892655372,2.6999999999999997,-11.433333333333394,-0.19843597262952128,-0.07095082779406314,-0.15772470170513175,-0.05166666666666664,-0.02633333333333332
166758,12489,14467,14467,6,2024-04-14,0.028571428571428692,0.6499999999999999,3.7142857142857144,0.17062146892655372,2.6999999999999997,-11.433333333333394,-0.19843597262952128,-0.07095082779406314,-0.15772470170513175,-0.05166666666666664,-0.02633333333333332
166759,12489,14467,14467,8,2024-04-14,0.2333333333333334,0.4666666666666666,0.0,0.8083333333333333,0.9,-12.000000000000028,-0.1654978962131839,0.06524049960138179,0.08165027903268673,0.03333333333333344,0.08566666666666656
163742,11257,9621,9621,5,2024-03-10,0.1776591688905832,0.65,5.7,0.45461479786422576,0.33333333333333326,19.586666666666673,0.28827838827838814,0.1392083199706784,0.284212214230082,0.08039999999999992,0.16886666666666683
163743,11257,9621,11257,8,2024-03-10,0.1776591688905832,0.65,5.7,0.45461479786422576,0.33333333333333326,19.586666666666673,0.28827838827838814,0.1392083199706784,0.284212214230082,0.08039999999999992,0.16886666666666683
163744,11257,9621,11257,9,2024-03-10,0.1776591688905832,0.65,5.7,0.45461479786422576,0.33333333333333326,19.586666666666673,0.28827838827838814,0.1392083199706784,0.284212214230082,0.08039999999999992,0.16886666666666683
155338,6538,6127,6538,1,2024-03-09,0.6777777777777778,0.34615384615384615,2.1307692307692307,0.40552325581395354,2.232142857142857,24.666666666666657,0.5939353988134473,0.34304125868273505,0.4937532130602682,0.06755555555555559,0.2230833333333333
131817,12097,13075,12097,6,2023-05-29,0.40663390663390675,0.020833333333333315,1.0555555555555558,0.0014179369018079147,1.0357142857142858,11.700000000000074,0.29654255319148914,0.16451458632233384,0.1859802082183717,0.05180000000000007,0.13063333333333305
131818,12097,13075,13075,1,2023-05-29,0.40663390663390675,0.020833333333333315,1.0555555555555558,0.0014179369018079147,1.0357142857142858,11.700000000000074,0.29654255319148914,0.16451458632233384,0.1859802082183717,0.05180000000000007,0.13063333333333305
131819,12097,13075,12097,4,2023-05-29,0.40663390663390675,0.020833333333333315,1.0555555555555558,0.0014179369018079147,1.0357142857142858,11.700000000000074,0.29654255319148914,0.16451458632233384,0.1859802082183717,0.05180000000000007,0.13063333333333305
144649,13815,9427,9427,8,2023-10-13,0.7455555555555555,0.055555555555555525,0.6000000000000001,0.4651416122004358,1.5,18.666666666666657,0.3770491803278686,0.20729533762709107,0.23453639567383622,0.043333333333333335,0.2473333333333333
144650,13815,9427,13815,4,2023-10-13,0.7455555555555555,0.055555555555555525,0.6000000000000001,0.4651416122004358,1.5,18.666666666666657,0.3770491803278686,0.20729533762709107,0.23453639567383622,0.043333333333333335,0.2473333333333333
144651,13815,9427,13815,1,2023-10-13,0.7455555555555555,0.055555555555555525,0.6000000000000001,0.4651416122004358,1.5,18.666666666666657,0.3770491803278686,0.20729533762709107,0.23453639567383622,0.043333333333333335,0.2473333333333333
157745,14811,14818,14811,6,2024-02-04,0.5623342175066313,0.0625,-2.333333333333333,0.40259740259740256,1.5,32.866666666666674,0.8846153846153846,0.36667595430482025,0.5331568682084146,0.08533333333333337,0.349
163450,10725,13188,10725,6,2024-03-19,5.34375,-0.8888888888888888,5.4,0.9090909090909092,-1.5,28.666666666666686,0.8637681159420292,0.2892427025923656,0.4133496631965705,0.11533333333333329,0.2140000000000002
163451,10725,13188,13188,8,2024-03-19,0.13708333333333322,-0.45299145299145294,-1.6,0.006651884700665356,-1.8076923076923077,0.6416666666666799,0.010279743849005651,-0.060130653434247394,-0.16803668989023124,-0.010666666666666824,-0.014624999999999888
163452,10725,13188,13188,1,2024-03-19,2.09375,-0.38888888888888884,-2.6,0.7424242424242424,-1.5,24.866666666666703,0.6402387041773232,0.43223787167449124,0.43943661971830994,0.06933333333333325,0.2010000000000003
134234,12373,12097,12097,6,2023-06-23,-2.0931372549019605,-0.08571428571428574,0.33333333333333326,-0.9367816091954022,-0.25,-27.466666666666697,-0.544385026737968,-0.3827083333333332,-0.7782291666666665,-0.1086666666666668,-0.36499999999999966
134235,12373,12097,12373,0,2023-06-23,0.02049910873440286,0.2767857142857143,-1.5000000000000002,-0.16938234179613487,-0.5357142857142858,-5.366666666666731,-0.04313346228239823,-0.0015318627450979783,-0.04160774886877827,-0.01446666666666685,-0.0762999999999997
134236,12373,12097,12373,4,2023-06-23,0.14444444444444438,1.0,-1.8333333333333335,-0.10000000000000009,-2.0,-22.400000000000006,-0.32608695652173925,-0.1601754385964913,-0.4975438596491226,-0.07399999999999995,-0.09999999999999987
151603,17,4733,4733,6,2023-12-14,0.14343317972350245,-0.2727272727272727,-1.1666666666666667,0.01764705882352957,-0.33333333333333326,5.373333333333335,0.17884031171575776,0.1009049773755657,0.11568627450980395,0.04800000000000004,0.01993333333333336
151604,17,4733,17,0,2023-12-14,0.14343317972350245,-0.2727272727272727,-1.1666666666666667,0.01764705882352957,-0.33333333333333326,5.373333333333335,0.17884031171575776,0.1009049773755657,0.11568627450980395,0.04800000000000004,0.01993333333333336
151605,17,4733,17,4,2023-12-14,0.14343317972350245,-0.2727272727272727,-1.1666666666666667,0.01764705882352957,-0.33333333333333326,5.373333333333335,0.17884031171575776,0.1009049773755657,0.11568627450980395,0.04800000000000004,0.01993333333333336
155341,1316,6538,6538,1,2024-03-10,-0.5104166666666667,-2.0,-0.1333333333333333,-0.09047619047619038,-0.75,-30.73333333333335,-0.4629898403483308,-0.24653511862814181,-0.42482969227155265,-0.07800000000000007,-0.19533333333333336
122111,9508,7940,7940,4,2023-03-29,0.4387274155538099,0.21180555555555558,1.5694444444444444,0.11800373134328357,0.95,14.371428571428538,0.27863247863247853,0.1338948740822068,0.2777225005146504,0.015428571428571458,0.09052380952380945
122112,9508,7940,9508,3,2023-03-29,0.4387274155538099,0.21180555555555558,1.5694444444444444,0.11800373134328357,0.95,14.371428571428538,0.27863247863247853,0.1338948740822068,0.2777225005146504,0.015428571428571458,0.09052380952380945
122113,9508,7940,9508,7,2023-03-29,0.4387274155538099,0.21180555555555558,1.5694444444444444,0.11800373134328357,0.95,14.371428571428538,0.27863247863247853,0.1338948740822068,0.2777225005146504,0.015428571428571458,0.09052380952380945
134574,188,2359,188,6,2023-07-22,-0.03670033670033679,0.029644268774703553,0.2678571428571428,-0.8003496503496503,0.5833333333333333,-27.879999999999995,-0.5137614678899083,-0.29634581105169344,-0.45682932263814635,-0.1008,-0.18600000000000028
134575,188,2359,188,7,2023-07-22,-0.03670033670033679,0.029644268774703553,0.2678571428571428,-0.8003496503496503,0.5833333333333333,-27.879999999999995,-0.5137614678899083,-0.29634581105169344,-0.45682932263814635,-0.1008,-0.18600000000000028
134576,188,2359,2359,8,2023-07-22,-0.03670033670033679,0.029644268774703553,0.2678571428571428,-0.8003496503496503,0.5833333333333333,-27.879999999999995,-0.5137614678899083,-0.29634581105169344,-0.45682932263814635,-0.1008,-0.18600000000000028
134577,188,2359,2359,4,2023-07-22,-0.03670033670033679,0.029644268774703553,0.2678571428571428,-0.8003496503496503,0.5833333333333333,-27.879999999999995,-0.5137614678899083,-0.29634581105169344,-0.45682932263814635,-0.1008,-0.18600000000000028
134578,188,2359,2359,1,2023-07-22,-0.03670033670033679,0.029644268774703553,0.2678571428571428,-0.8003496503496503,0.5833333333333333,-27.879999999999995,-0.5137614678899083,-0.29634581105169344,-0.45682932263814635,-0.1008,-0.18600000000000028
167189,15021,15117,15117,2,2024-04-30,-0.7462264150943397,0.0654761904761905,-8.4,0.10708534621578103,3.166666666666667,-2.25,0.029787234042553568,-0.08949545078577337,-0.2369520264681555,-0.0035000000000000586,-0.16575000000000006
167190,15021,15117,15117,0,2024-04-30,-0.7462264150943397,0.0654761904761905,-8.4,0.10708534621578103,3.166666666666667,-2.25,0.029787234042553568,-0.08949545078577337,-0.2369520264681555,-0.0035000000000000586,-0.16575000000000006
127890,12183,11078,12183,3,2023-04-25,1.7051282051282048,0.3392857142857143,1.9,1.7051282051282048,1.5,53.099999999999994,1.2105263157894735,0.6857142857142856,1.129192546583851,0.265,0.6620000000000003
127891,12183,11078,12183,0,2023-04-25,1.7051282051282048,0.3392857142857143,1.9,1.7051282051282048,1.5,53.099999999999994,1.2105263157894735,0.6857142857142856,1.129192546583851,0.265,0.6620000000000003
142944,6779,4396,4396,4,2023-09-28,-1.9405594405594406,-1.5614035087719298,-8.9,-0.10818713450292405,-0.8333333333333334,-33.400000000000006,-0.9189189189189189,-0.5041125541125542,-0.7480519480519481,-0.132,-0.4135000000000001
142945,6779,4396,4396,1,2023-09-28,-1.9405594405594406,-1.5614035087719298,-8.9,-0.10818713450292405,-0.8333333333333334,-33.400000000000006,-0.9189189189189189,-0.5041125541125542,-0.7480519480519481,-0.132,-0.4135000000000001
164450,14469,13849,14469,1,2024-03-26,0.42302878598247795,0.19999999999999996,0.045454545454545414,0.9196428571428571,-2.0833333333333335,9.28000000000003,0.1928588207657973,0.07850802644003774,0.012256846081208694,-0.0038000000000000256,0.04600000000000004
164451,14469,13849,14469,6,2024-03-26,0.83710407239819,0.12857142857142856,1.5,0.9951923076923077,0.6666666666666666,22.19999999999999,0.6120507399577164,0.2971212121212121,0.3601515151515151,0.051000000000000045,0.2290000000000002
147891,1470,2290,2290,1,2023-10-31,0.914963744232037,-0.036363636363636376,0.4772727272727273,1.3504273504273505,1.2000000000000002,51.54666666666671,0.937820512820513,0.5092629546186033,0.7787190215642099,0.1830666666666667,0.4824666666666665
122128,7397,10402,7397,8,2023-03-22,2.0128205128205128,1.2,0.20000000000000018,1.3506493506493507,2.0,61.133333333333354,1.4,0.808288770053476,1.1644385026737967,0.19400000000000006,0.6783333333333333
123111,9507,3136,3136,7,2023-04-13,-0.9709962168978563,-0.5172413793103449,-2.5333333333333337,-0.5528273809523809,-1.1904761904761907,-48.49999999999997,-1.0141768937790947,-0.5694756554307115,-0.928133102852204,-0.20885714285714285,-0.5552142857142854
123112,9507,3136,3136,4,2023-04-13,-0.9709962168978563,-0.5172413793103449,-2.5333333333333337,-0.5528273809523809,-1.1904761904761907,-48.49999999999997,-1.0141768937790947,-0.5694756554307115,-0.928133102852204,-0.20885714285714285,-0.5552142857142854
110809,6751,9077,9077,5,2023-02-23,0.45991332611050917,-0.047619047619047616,1.9743589743589742,1.0293542074363993,1.75,4.100000000000023,0.11724433033804038,0.09541524943310653,0.2231079931972788,0.0006666666666665932,0.17433333333333334
110810,6751,9077,6751,6,2023-02-23,0.45991332611050917,-0.047619047619047616,1.9743589743589742,1.0293542074363993,1.75,4.100000000000023,0.11724433033804038,0.09541524943310653,0.2231079931972788,0.0006666666666665932,0.17433333333333334
110811,6751,9077,6751,8,2023-02-23,0.45991332611050917,-0.047619047619047616,1.9743589743589742,1.0293542074363993,1.75,4.100000000000023,0.11724433033804038,0.09541524943310653,0.2231079931972788,0.0006666666666665932,0.17433333333333334
145952,6035,1458,1458,6,2023-10-27,-0.13300492610837455,-0.19791666666666669,-0.7142857142857144,-0.3758241758241758,0.8333333333333333,-11.166666666666657,-0.20505050505050493,-0.06226657329598506,-0.05468020541549956,-0.03238888888888891,-0.06383333333333319
145953,6035,1458,6035,0,2023-10-27,0.5812807881773399,-0.53125,-2.7142857142857144,0.6813186813186813,-0.5,4.133333333333354,0.07272727272727275,0.283603896103896,0.7819805194805196,0.08711111111111103,0.15666666666666695
145954,6035,1458,6035,9,2023-10-27,-0.13300492610837455,-0.19791666666666669,-0.7142857142857144,-0.3758241758241758,0.8333333333333333,-11.166666666666657,-0.20505050505050493,-0.06226657329598506,-0.05468020541549956,-0.03238888888888891,-0.06383333333333319
155555,13368,8369,8369,6,2024-02-08,3.353333333333333,0.8,-2.7142857142857144,2.2,0.125,51.28,1.2493686868686869,0.8460148704051144,1.1842123549440622,0.19919999999999993,0.5072000000000002
155556,13368,8369,13368,5,2024-02-08,0.5654545454545454,0.11249999999999999,5.6190476190476195,0.5999999999999999,1.9821428571428572,25.50222222222223,0.5380591630591631,0.35437168704100974,0.5454989160168442,0.12497777777777774,0.2609777777777781
155557,13368,8369,8369,8,2024-02-08,0.5654545454545454,0.11249999999999999,5.6190476190476195,0.5999999999999999,1.9821428571428572,25.50222222222223,0.5380591630591631,0.35437168704100974,0.5454989160168442,0.12497777777777774,0.2609777777777781
169283,14523,12485,14523,2,2024-05-03,0.45833333333333326,0.10967741935483871,-0.33333333333333304,0.26005961251862897,1.25,8.460000000000008,0.18350340136054433,0.16317367502498548,0.22598785781410835,0.05359999999999987,0.13729999999999998
169284,14523,12485,14523,9,2024-05-03,0.45833333333333326,0.10967741935483871,-0.33333333333333304,0.26005961251862897,1.25,8.460000000000008,0.18350340136054433,0.16317367502498548,0.22598785781410835,0.05359999999999987,0.13729999999999998
162977,5832,14159,5832,6,2024-03-08,0.905982905982906,0.25,3.0,0.26086956521739135,0.8333333333333334,43.900000000000034,0.8636363636363638,0.3833333333333333,0.7591666666666665,0.133,0.38149999999999995
162978,5832,14159,5832,5,2024-03-08,1.0865384615384617,0.21666666666666667,3.5,0.30965005302226944,3.166666666666667,38.45000000000002,0.8571428571428572,0.44999999999999996,0.6976851851851851,0.11599999999999999,0.4105000000000001
147302,6985,13847,13847,4,2023-10-29,1.2334152334152335,0.28019323671497587,14.571428571428571,0.46218487394957997,7.9,32.56000000000003,0.7153897849462365,0.39969892952720787,0.686050401427297,0.1101333333333333,0.38386666666666647
147303,6985,13847,6985,6,2023-10-29,1.9243243243243244,0.2888888888888889,-1.4285714285714284,1.1764705882352942,1.9,33.19999999999999,0.7813620071684584,0.54367666232073,0.9403520208604956,0.10933333333333328,0.42766666666666653
147304,6985,13847,6985,1,2023-10-29,1.2334152334152335,0.28019323671497587,14.571428571428571,0.46218487394957997,7.9,32.56000000000003,0.7153897849462365,0.39969892952720787,0.686050401427297,0.1101333333333333,0.38386666666666647
135798,8240,11678,8240,7,2023-07-30,1.0448717948717947,0.025000000000000022,0.6000000000000001,0.5664335664335663,0.10000000000000009,44.741666666666646,0.8919354838709679,0.5009792304400777,0.6283285606135414,0.14083333333333337,0.41704166666666687
135799,8240,11678,8240,4,2023-07-30,1.0448717948717947,0.025000000000000022,0.6000000000000001,0.5664335664335663,0.10000000000000009,44.741666666666646,0.8919354838709679,0.5009792304400777,0.6283285606135414,0.14083333333333337,0.41704166666666687
135800,8240,11678,8240,1,2023-07-30,1.0448717948717947,0.025000000000000022,0.6000000000000001,0.5664335664335663,0.10000000000000009,44.741666666666646,0.8919354838709679,0.5009792304400777,0.6283285606135414,0.14083333333333337,0.41704166666666687
129040,11273,10188,10188,7,2023-05-15,-0.30952380952380965,0.8,5.5,0.6303030303030303,1.5,10.400000000000006,0.23076923076923084,0.12916666666666665,0.23749999999999982,0.05399999999999994,0.040000000000000036
160157,14773,14811,14773,6,2024-02-29,-2.761904761904762,0.2,5.142857142857143,-1.1130434782608698,1.0,-27.31428571428569,-0.8194444444444446,-0.6534934497816596,-0.5925764192139735,-0.055428571428571494,-0.19385714285714317
160158,14773,14811,14773,2,2024-02-29,0.7783251231527093,0.3875,4.476190476190476,0.22981366459627328,0.5,26.819047619047637,0.4209401709401708,0.2892900553729797,0.444536982847882,0.09923809523809513,0.23914285714285688
130222,8924,4538,8924,8,2023-05-15,0.45967741935483875,-4.125,-0.7,0.5795454545454546,1.1666666666666665,18.400000000000034,0.2960317460317463,0.2521045751633988,0.3312679738562092,0.09150000000000003,0.14824999999999977
155234,4050,6665,4050,9,2024-02-04,0.9323271665043816,0.5142857142857142,2.712121212121212,0.6469355683603982,1.0555555555555556,51.07499999999999,1.170634920634921,0.5658864027538727,0.8742857142857142,0.23225000000000007,0.43100000000000005
155235,4050,6665,4050,6,2024-02-04,0.5361990950226244,0.3,-0.8333333333333334,0.4782608695652174,1.5,44.79999999999998,0.967857142857143,0.4065486725663717,0.7352212389380531,0.20300000000000007,0.32699999999999996
164459,15208,15289,15289,8,2024-03-26,-1.9405594405594406,-0.08035714285714285,-9.0,-1.0341614906832297,-0.8333333333333334,-49.79999999999998,-1.1351351351351355,-0.6688888888888889,-0.8440740740740742,-0.17200000000000004,-0.482
164460,15208,15289,15289,5,2024-03-26,-1.9405594405594406,-0.08035714285714285,-9.0,-1.0341614906832297,-0.8333333333333334,-49.79999999999998,-1.1351351351351355,-0.6688888888888889,-0.8440740740740742,-0.17200000000000004,-0.482
166593,14958,7511,7511,9,2024-04-18,-2.3119658119658117,-0.5647058823529412,-6.35,-0.7737931034482758,1.1666666666666665,-49.45000000000002,-0.996515679442509,-0.7511421485445765,-1.138754731758256,-0.2024999999999999,-0.5314999999999999
166594,14958,7511,7511,1,2024-04-18,-2.3119658119658117,-0.5647058823529412,-6.35,-0.7737931034482758,1.1666666666666665,-49.45000000000002,-0.996515679442509,-0.7511421485445765,-1.138754731758256,-0.2024999999999999,-0.5314999999999999
152308,14444,14448,14444,4,2023-12-17,1.5,0.25,2.0,0.30952380952380965,1.5,40.099999999999994,0.8461538461538463,0.4944161875276425,0.8585802742149491,0.128,0.2935
152309,14444,14448,14444,0,2023-12-17,1.5,0.25,2.0,0.30952380952380965,1.5,40.099999999999994,0.8461538461538463,0.4944161875276425,0.8585802742149491,0.128,0.2935
140208,13557,4611,4611,4,2023-09-02,-1.0096153846153846,-0.06666666666666671,-2.0,-0.5833333333333333,1.0,-49.30000000000001,-1.1428571428571428,-0.6403200624512101,-0.8149882903981266,-0.16300000000000014,-0.4275
148131,2755,9814,2755,6,2023-11-16,0.4538461538461539,0.6666666666666667,6.0,-0.3128205128205128,0.0,28.0,0.44565217391304346,0.27724358974358965,0.4623397435897436,0.07200000000000006,0.18199999999999994
148132,2755,9814,2755,1,2023-11-16,0.5000000000000001,0.5645645645645645,2.349206349206349,0.3237179487179488,7.538461538461538,20.393333333333317,0.35891472868217056,0.21548239310097017,0.3432446999640675,0.08279999999999998,0.1583000000000001
138250,5038,12756,5038,3,2023-08-06,0.8755656108597284,3.8333333333333335,5.75,-0.2804347826086956,1.5,26.99999999999997,0.6279069767441858,0.37175751879699237,0.4091165413533835,0.019000000000000017,0.10150000000000003
138251,5038,12756,5038,1,2023-08-06,0.8755656108597284,3.8333333333333335,5.75,-0.2804347826086956,1.5,26.99999999999997,0.6279069767441858,0.37175751879699237,0.4091165413533835,0.019000000000000017,0.10150000000000003
143759,11836,11845,11836,8,2023-10-12,0.28035714285714286,0.5158730158730158,2.186813186813187,0.26638176638176636,4.233333333333333,19.325000000000017,0.5012370670265409,0.17533043197936804,0.17649903288201174,0.058250000000000024,0.09362500000000007
143760,11836,11845,11836,0,2023-10-12,0.28035714285714286,0.5158730158730158,2.186813186813187,0.26638176638176636,4.233333333333333,19.325000000000017,0.5012370670265409,0.17533043197936804,0.17649903288201174,0.058250000000000024,0.09362500000000007
160449,15121,10448,10448,5,2024-02-17,-0.7521367521367521,0.30000000000000004,0.75,-0.18219461697722583,-0.8333333333333334,-27.100000000000023,-0.6136363636363638,-0.34990415867989,-0.41486790565880494,-0.09400000000000008,-0.20400000000000018
160450,15121,10448,10448,0,2024-02-17,-0.7521367521367521,0.30000000000000004,0.75,-0.18219461697722583,-0.8333333333333334,-27.100000000000023,-0.6136363636363638,-0.34990415867989,-0.41486790565880494,-0.09400000000000008,-0.20400000000000018
131117,7269,4094,7269,4,2023-06-09,0.7848484848484848,-0.3611111111111111,-1.114285714285714,-0.5505952380952381,1.5,20.19999999999996,0.6081081081081079,0.34808623095881464,0.5458176203343528,0.12649999999999995,0.36499999999999977
131118,7269,4094,4094,8,2023-06-09,0.7848484848484848,-0.3611111111111111,-1.114285714285714,-0.5505952380952381,1.5,20.19999999999996,0.6081081081081079,0.34808623095881464,0.5458176203343528,0.12649999999999995,0.36499999999999977
131119,7269,4094,7269,3,2023-06-09,0.7848484848484848,-0.3611111111111111,-1.114285714285714,-0.5505952380952381,1.5,20.19999999999996,0.6081081081081079,0.34808623095881464,0.5458176203343528,0.12649999999999995,0.36499999999999977
131120,7269,4094,7269,6,2023-06-09,0.7848484848484848,-0.3611111111111111,-1.114285714285714,-0.5505952380952381,1.5,20.19999999999996,0.6081081081081079,0.34808623095881464,0.5458176203343528,0.12649999999999995,0.36499999999999977
168879,14278,14722,14278,1,2024-04-26,0.9553349875930521,-1.175,-3.0,0.25888665325285043,1.0,30.857142857142833,0.7124436849464035,0.43491432358231563,0.6422299536116634,0.1528571428571427,0.39735714285714285
168880,14278,14722,14278,6,2024-04-26,2.6730769230769234,-0.8,-4.0,3.7142857142857144,1.5,46.19999999999999,1.1133428981348636,0.912513842746401,1.4234496124031006,0.2699999999999999,0.49849999999999983
161506,14773,3351,14773,2,2024-03-17,1.5,1.3666666666666667,0.0,0.09285714285714286,5.5,43.099999999999994,0.8974358974358974,0.5785953177257525,0.8288182831661091,0.18199999999999994,0.5035000000000001
161507,14773,3351,14773,0,2024-03-17,0.9444444444444444,0.06666666666666668,-1.0,0.34285714285714286,1.5,38.30000000000001,0.7867132867132867,0.42795232936078,0.7989346334416756,0.235,0.405
141513,7967,5719,7967,8,2023-09-21,0.28937728937728935,0.0,1.6666666666666665,0.9529411764705883,0.16666666666666663,34.0,0.5404761904761908,0.241285030758715,0.3834586466165413,0.10599999999999998,0.25250000000000006
153253,5310,4572,4572,2,2024-02-03,0.19471153846153855,0.11282051282051282,-1.958333333333333,0.5097597597597598,2.4166666666666665,3.1750000000000114,0.09828376505703007,0.09863107852683439,0.04398877369837906,0.01275000000000015,0.05266666666666664
153254,5310,4572,5310,6,2024-02-03,0.19471153846153855,0.11282051282051282,-1.958333333333333,0.5097597597597598,2.4166666666666665,3.1750000000000114,0.09828376505703007,0.09863107852683439,0.04398877369837906,0.01275000000000015,0.05266666666666664
153255,5310,4572,5310,1,2024-02-03,0.19471153846153855,0.11282051282051282,-1.958333333333333,0.5097597597597598,2.4166666666666665,3.1750000000000114,0.09828376505703007,0.09863107852683439,0.04398877369837906,0.01275000000000015,0.05266666666666664
169084,15300,10149,10149,1,2024-04-06,0.6720430107526881,0.14642857142857144,3.625,0.292982456140351,1.125,27.346666666666664,0.4724919093851132,0.2460328979196903,0.3917755200774069,0.06453333333333322,0.18853333333333344
169085,15300,10149,15300,6,2024-04-06,0.6720430107526881,0.14642857142857144,3.625,0.292982456140351,1.125,27.346666666666664,0.4724919093851132,0.2460328979196903,0.3917755200774069,0.06453333333333322,0.18853333333333344
169086,15300,10149,15300,0,2024-04-06,0.6720430107526881,0.14642857142857144,3.625,0.292982456140351,1.125,27.346666666666664,0.4724919093851132,0.2460328979196903,0.3917755200774069,0.06453333333333322,0.18853333333333344
161452,14773,14809,14809,6,2024-03-02,0.8290816326530612,0.6956521739130435,-2.2,0.5297619047619047,-0.8333333333333334,40.69999999999999,0.6612554112554112,0.3676292162096578,0.5504003882552779,0.16199999999999992,0.272
161453,14773,14809,14773,2,2024-03-02,6.038461538461538,1.7142857142857144,-0.5,1.2727272727272727,0.0,59.400000000000006,1.3368421052631576,1.0800547382825865,1.5709887102292164,0.19799999999999995,0.6359999999999999
161454,14773,14809,14773,0,2024-03-02,0.7755102040816326,0.14565217391304347,2.942857142857143,-0.008281573498964967,1.1666666666666665,26.785714285714306,0.4191919191919191,0.25644345873569063,0.44243935365668885,0.10457142857142843,0.264142857142857
157706,879,14805,14805,6,2024-02-02,-1.1666666666666665,-0.5833333333333333,-0.3333333333333335,-0.8142857142857142,-1.0,-46.30000000000001,-1.0789473684210527,-0.7687110187110187,-0.9594594594594594,-0.15899999999999992,-0.358
167406,14529,15487,14529,5,2024-03-29,0.9153846153846155,4.8,-1.0833333333333335,0.5,0.33333333333333337,17.5,0.5724637681159424,0.44099733536353247,0.6276170536733918,0.08499999999999996,0.391
167407,14529,15487,14529,1,2024-03-29,1.5653846153846154,0.925,0.36111111111111116,0.4692307692307691,2.166666666666667,29.166666666666686,0.7994350282485878,0.49459459459459454,0.6824324324324325,0.09233333333333338,0.43166666666666664
145970,11856,1471,1471,4,2023-10-28,-0.7521367521367521,0.4666666666666666,3.5,0.0,-1.5,-13.200000000000017,-0.36363636363636376,-0.20305220883534136,-0.33413654618473876,-0.018000000000000016,-0.15000000000000002
145971,11856,1471,1471,0,2023-10-28,-0.941025641025641,-0.3,-7.166666666666667,-1.1653225806451613,-0.33333333333333337,-42.5333333333333,-0.682526661197703,-0.3686075949367089,-0.6958087201125176,-0.10866666666666658,-0.3330000000000001
148606,12743,13920,13920,8,2023-11-07,-0.25630498533724333,-0.22546419098143233,-2.9,0.014542570068746707,0.23611111111111116,-7.640000000000015,-0.14979369289714128,-0.05189236808064579,-0.08121459476337023,-0.019999999999999907,-0.07619999999999982
148607,12743,13920,12743,0,2023-11-07,-0.25630498533724333,-0.22546419098143233,-2.9,0.014542570068746707,0.23611111111111116,-7.640000000000015,-0.14979369289714128,-0.05189236808064579,-0.08121459476337023,-0.019999999999999907,-0.07619999999999982
148608,12743,13920,12743,4,2023-11-07,-0.5734767025089605,-0.24615384615384617,1.1,-0.29836065573770487,0.125,-16.80000000000001,-0.3894984326018811,-0.09891101793617518,-0.11536221756347542,-0.031200000000000006,-0.1028
168116,14278,12255,14278,2,2024-04-20,0.7386072708653354,0.3392857142857143,-0.4285714285714284,0.07919213393568958,1.0,17.417142857142835,0.40076658587452796,0.2340399291595341,0.41590654583664266,0.10405714285714274,0.19485714285714306
168117,14278,12255,14278,0,2024-04-20,0.7386072708653354,0.3392857142857143,-0.4285714285714284,0.07919213393568958,1.0,17.417142857142835,0.40076658587452796,0.2340399291595341,0.41590654583664266,0.10405714285714274,0.19485714285714306
135642,4611,9650,4611,0,2023-07-01,1.0096153846153846,0.06666666666666671,2.5,0.5833333333333333,0.5,17.30000000000001,0.5714285714285712,0.3896765618077095,0.3072662826761188,0.06700000000000006,0.28949999999999987
158245,8380,14479,14479,9,2024-02-11,-0.13043478260869557,0.2982456140350877,6.828571428571429,-1.4353413654618472,4.5,-13.214285714285694,-0.22489258861439287,-0.1401602246048841,-0.2525352760364983,-0.06628571428571439,-0.09635714285714259
158246,8380,14479,14479,6,2024-02-11,-0.13043478260869557,0.2982456140350877,6.828571428571429,-1.4353413654618472,4.5,-13.214285714285694,-0.22489258861439287,-0.1401602246048841,-0.2525352760364983,-0.06628571428571439,-0.09635714285714259
141557,6422,11653,6422,0,2023-09-18,2.9423076923076925,0.75,-0.33333333333333326,4.4523809523809526,1.0,67.4,1.7647058823529411,1.0469107551487413,1.6189931350114417,0.278,0.9059999999999999
144297,1184,1001,1184,0,2023-10-14,1.0027472527472527,0.52,3.666666666666667,1.321590909090909,1.4285714285714286,46.03333333333333,1.0057208237986273,0.5710955710955711,0.9805749805749806,0.15333333333333332,0.4666666666666667
140856,13390,4569,4569,1,2023-09-09,-0.3193979933110368,-0.17934782608695654,-1.8571428571428572,-0.025691699604743157,-2.6666666666666665,15.900000000000006,0.03210272873194242,-0.025589081991683527,0.023669900842307356,0.06699999999999995,0.006249999999999978
118223,12075,8484,8484,4,2023-02-28,-0.48582995951416996,0.43846153846153846,1.0,-0.835016835016835,1.75,-14.700000000000017,-0.4331436699857756,-0.2727272727272727,-0.5204545454545455,-0.10000000000000009,-0.26750000000000007
118224,12075,8484,8484,5,2023-02-28,-0.48582995951416996,0.43846153846153846,1.0,-0.835016835016835,1.75,-14.700000000000017,-0.4331436699857756,-0.2727272727272727,-0.5204545454545455,-0.10000000000000009,-0.26750000000000007
122790,1316,6127,1316,5,2023-04-16,-0.1659722222222222,-0.038461538461538436,0.09999999999999987,-0.14031007751937974,0.625,-11.53333333333336,-0.16843074091118293,-0.08152958152958156,-0.15635951350237054,-0.08799999999999997,-0.08358333333333334
163110,1110,466,1110,8,2024-03-31,-0.458041958041958,0.6363636363636364,1.8333333333333335,-1.4448529411764706,-6.0,-22.700000000000017,-0.4401064773735581,-0.2677376171352075,-0.45475234270415,-0.09900000000000009,-0.18999999999999995
163111,1110,466,1110,0,2024-03-31,-0.5307692307692308,0.25,1.8333333333333333,-0.9126984126984127,-1.5,-40.80000000000001,-0.7826086956521738,-0.4443775402679513,-0.5199458076170405,-0.18799999999999994,-0.14200000000000002
163112,1110,466,1110,9,2024-03-31,0.3447640966628309,0.6842105263157895,3.0,-0.24112978524743245,1.0833333333333335,-1.809523809523796,-0.0038768276473195584,0.012215863011794115,0.00430984544801527,0.009809523809523713,0.12721428571428572
160319,2290,1470,1470,0,2024-03-11,-1.2355212355212357,0.13636363636363635,0.25,-1.3186813186813189,-1.4,-59.06666666666669,-1.166666666666667,-0.5509937238493724,-0.9079497907949792,-0.18466666666666676,-0.44866666666666666
160320,2290,1470,1470,6,2024-03-11,-0.914963744232037,0.036363636363636376,-0.4772727272727273,-1.3504273504273505,-1.2000000000000002,-51.54666666666671,-0.937820512820513,-0.5092629546186033,-0.7787190215642099,-0.1830666666666667,-0.4824666666666665
155186,8925,14752,8925,1,2024-01-27,0.39596273291925477,-0.11397058823529413,-10.333333333333332,0.07846153846153847,1.5,25.700000000000017,0.6274509803921569,0.35242078656756837,0.5158426864863237,0.11199999999999999,0.2550000000000001
155187,8925,14752,8925,6,2024-01-27,0.39596273291925477,-0.11397058823529413,-10.333333333333332,0.07846153846153847,1.5,25.700000000000017,0.6274509803921569,0.35242078656756837,0.5158426864863237,0.11199999999999999,0.2550000000000001
139878,7397,7682,7397,0,2023-09-06,1.551282051282051,0.575,1.6,1.0342857142857143,0.5,51.53333333333333,1.0,0.5943181818181819,0.9971590909090908,0.13600000000000012,0.4548333333333334
139879,7397,7682,7397,6,2023-09-06,1.551282051282051,0.575,1.6,1.0342857142857143,0.5,51.53333333333333,1.0,0.5943181818181819,0.9971590909090908,0.13600000000000012,0.4548333333333334
128509,6192,12373,6192,3,2023-04-30,3.1764705882352935,4.285714285714286,-0.33333333333333326,1.3034482758620691,0.25,25.666666666666686,0.7465909090909091,0.48618659420289845,0.844316123188406,0.14066666666666672,0.469
118493,3136,7031,3136,4,2023-06-04,1.580769230769231,2.6,-1.7777777777777777,0.626984126984127,0.0,45.359999999999985,1.0174603174603178,0.5017392220933908,0.7941393485822708,0.07199999999999995,0.3024000000000001
118494,3136,7031,7031,3,2023-06-04,0.25945775535939486,0.11724137931034484,0.4222222222222225,0.22743055555555558,1.3571428571428572,14.559999999999974,0.3192189105858172,0.1639821731215868,0.34164835854623066,0.07085714285714284,0.15211428571428554
118495,3136,7031,7031,7,2023-06-04,3.314102564102564,0.6,-1.7777777777777777,0.7222222222222223,0.5,61.95999999999998,1.4410714285714286,1.037488973831226,1.4286974419288445,0.18399999999999994,0.5274000000000002
118496,3136,7031,3136,1,2023-06-04,0.25945775535939486,0.11724137931034484,0.4222222222222225,0.22743055555555558,1.3571428571428572,14.559999999999974,0.3192189105858172,0.1639821731215868,0.34164835854623066,0.07085714285714284,0.15211428571428554
118497,3136,7031,7031,6,2023-06-04,0.25945775535939486,0.11724137931034484,0.4222222222222225,0.22743055555555558,1.3571428571428572,14.559999999999974,0.3192189105858172,0.1639821731215868,0.34164835854623066,0.07085714285714284,0.15211428571428554
153337,13558,9077,13558,5,2024-03-10,-0.8,0.25,-10.2,0.33333333333333326,0.5,-17.899999999999977,-0.35714285714285765,-0.523809523809524,-0.6325396825396823,-0.126,-0.14700000000000002
153338,13558,9077,13558,6,2024-03-10,1.2615384615384615,1.0833333333333333,0.13333333333333341,0.7948717948717948,1.0,25.900000000000006,0.6595238095238094,0.345388788426763,0.6152802893309224,0.09799999999999998,0.30200000000000005
140841,11863,3722,11863,8,2023-09-09,-0.2136752136752137,-0.10389610389610388,-2.75,0.4707692307692307,1.5,-31.133333333333354,-0.35015527950310554,-0.10616246498599435,-0.32156862745098036,0.018000000000000016,-0.06499999999999995
153182,14532,14533,14533,8,2024-01-13,-1.0096153846153846,0.09523809523809523,0.6666666666666665,-0.5833333333333333,1.5,-28.799999999999983,-0.8095238095238098,-0.46566604127579736,-0.5311444652908068,-0.02200000000000002,-0.32099999999999995
147405,3531,12474,3531,6,2023-11-10,0.26502732240437166,1.5882352941176472,1.4285714285714284,0.09523809523809534,1.7857142857142858,23.360000000000014,0.3687002652519893,0.1144393241167434,0.11336405529953919,0.013600000000000056,0.06740000000000035
147406,3531,12474,3531,1,2023-11-10,-0.7477931904161412,-0.4117647058823529,-2.0714285714285716,-0.7077922077922078,1.7857142857142858,-52.839999999999975,-1.028735632183908,-0.42132505175983437,-0.6720496894409939,-0.13039999999999985,-0.5176
147407,3531,12474,12474,8,2023-11-10,0.7233606557377049,1.5882352941176472,2.4285714285714284,-0.16233766233766234,0.7857142857142857,44.96000000000001,0.8760262725779966,0.39978678038379534,0.6152096659559345,0.0636000000000001,0.3304
147408,3531,12474,12474,4,2023-11-10,-0.04449648711943799,-0.0784313725490196,-0.9047619047619049,-0.542016806722689,0.2857142857142857,-0.23999999999998067,-0.09283819628647239,-0.06998556998557004,-0.03261183261183276,-0.04839999999999989,-0.07659999999999989
147409,3531,12474,3531,2,2023-11-10,0.14002732240437166,0.0326797385620915,0.0952380952380949,-0.24307036247334757,2.6746031746031744,6.28727272727275,0.17670654468683988,0.08309718286381051,0.10032783241651377,0.013781818181818228,0.026763636363636545
155431,12679,7403,12679,5,2024-02-09,0.43040293040293043,0.4545454545454546,2.1333333333333333,-0.43040293040293043,-0.8333333333333334,1.1000000000000227,-0.02127659574468055,-0.011730306157550774,0.0855521155830754,0.013000000000000012,0.06049999999999989
155432,12679,7403,12679,9,2024-02-09,0.43040293040293043,0.4545454545454546,2.1333333333333333,-0.43040293040293043,-0.8333333333333334,1.1000000000000227,-0.02127659574468055,-0.011730306157550774,0.0855521155830754,0.013000000000000012,0.06049999999999989
122711,4050,10408,4050,4,2023-04-06,0.2521652231845435,0.059740259740259705,0.7954545454545454,0.14235890932149653,1.0555555555555556,14.40833333333336,0.36024531024531026,0.23570846681081215,0.3584138281647178,0.06125000000000003,0.16533333333333344
122712,4050,10408,10408,5,2023-04-06,0.2521652231845435,0.059740259740259705,0.7954545454545454,0.14235890932149653,1.0555555555555556,14.40833333333336,0.36024531024531026,0.23570846681081215,0.3584138281647178,0.06125000000000003,0.16533333333333344
122713,4050,10408,10408,6,2023-04-06,0.2521652231845435,0.059740259740259705,0.7954545454545454,0.14235890932149653,1.0555555555555556,14.40833333333336,0.36024531024531026,0.23570846681081215,0.3584138281647178,0.06125000000000003,0.16533333333333344
149617,11836,13836,11836,2,2023-11-15,0.38461538461538464,0.25,-0.5,0.6272727272727273,2.0,55.599999999999994,1.3383458646616544,0.4415793714746172,0.5715149073327963,0.20199999999999996,0.43500000000000005
150970,7055,8240,8240,4,2023-12-02,-0.7202797202797203,0.0,0.0,-1.2051282051282053,0.0,-36.599999999999994,-0.8859649122807021,-0.36867918146456957,-0.4679519702350752,-0.10599999999999998,-0.3400000000000001
150971,7055,8240,7055,1,2023-12-02,-5.546511627906977,0.6666666666666667,3.5999999999999996,-1.2857142857142856,-0.8,-45.94999999999999,-1.154761904761905,-0.8918918918918919,-1.10334402198809,-0.1140000000000001,-0.42925000000000013
150972,7055,8240,7055,0,2023-12-02,-3.37984496124031,0.16666666666666674,-0.40000000000000036,-0.2857142857142857,0.7,-55.349999999999994,-1.1755952380952381,-0.9230769230769231,-1.1795740982181662,-0.16400000000000003,-0.34325000000000006
155323,6127,9438,9438,0,2024-02-18,0.43333333333333357,0.75,1.0,-1.5499999999999998,1.5,-5.599999999999994,-0.10526315789473717,0.16349384098544228,0.14632325494587528,0.026000000000000023,0.1279999999999999
138431,8303,3179,3179,7,2023-07-31,-1.0857142857142859,-0.19999999999999998,-9.8,-0.3529411764705883,3.5,-27.333333333333343,-0.5717741935483871,-0.40156928681518844,-0.5357993554714866,-0.09299999999999997,-0.2313333333333335
138432,8303,3179,3179,8,2023-07-31,-1.0857142857142859,-0.19999999999999998,-9.8,-0.3529411764705883,3.5,-27.333333333333343,-0.5717741935483871,-0.40156928681518844,-0.5357993554714866,-0.09299999999999997,-0.2313333333333335
130223,8924,11176,8924,1,2023-05-16,1.2481389578163773,0.625,-0.45,1.1634615384615383,2.5,50.633333333333354,1.0632832080200503,0.6290847457627119,0.8110508474576272,0.12883333333333336,0.46358333333333335
152604,4616,8924,8924,5,2024-03-04,-0.843010752688172,-0.2279411764705882,1.8428571428571427,-0.7583333333333333,-2.2916666666666665,-35.150000000000006,-0.7738095238095242,-0.46593548387096784,-0.5828387096774195,-0.1130000000000001,-0.27725
149735,12097,14282,12097,2,2023-10-13,0.3802660753880267,0.27083333333333337,0.3333333333333335,0.30983650495845616,0.7857142857142858,12.250000000000028,0.33126477541371147,0.19002920317063,0.3673502134077853,0.041300000000000114,0.1500499999999998
149736,12097,14282,12097,6,2023-10-13,2.4939024390243905,0.7083333333333334,-1.5,1.0772357723577235,2.0,32.04999999999998,0.7736928104575167,0.5371462678182711,1.0914963836809215,0.13750000000000007,0.42674999999999996
149737,12097,14282,14282,9,2023-10-13,0.3802660753880267,0.27083333333333337,0.3333333333333335,0.30983650495845616,0.7857142857142858,12.250000000000028,0.33126477541371147,0.19002920317063,0.3673502134077853,0.041300000000000114,0.1500499999999998
149738,12097,14282,12097,4,2023-10-13,-0.016967126193001114,0.28787878787878785,-1.1666666666666667,0.3491655969191272,-0.09999999999999998,8.849999999999994,0.1972222222222224,0.11750704362187891,0.28917711065772855,0.014500000000000068,0.06724999999999992
137493,13363,13382,13382,6,2023-07-25,-1.3186813186813189,-0.08333333333333331,-1.0,-1.5954415954415957,-0.8333333333333334,-38.80000000000001,-0.9249999999999998,-0.5291288343558282,-0.9637300613496933,-0.19400000000000006,-0.484
137494,13363,13382,13382,4,2023-07-25,-1.3186813186813189,-0.08333333333333331,-1.0,-1.5954415954415957,-0.8333333333333334,-38.80000000000001,-0.9249999999999998,-0.5291288343558282,-0.9637300613496933,-0.19400000000000006,-0.484
155237,623,14148,14148,1,2024-02-04,0.05480480480480465,0.1277777777777778,3.066666666666667,0.05480480480480465,1.5,-0.26666666666667993,-0.013698630136986356,-0.007707157707157686,-0.055420255420255415,-0.03799999999999992,0.007666666666666377
155238,623,14148,623,6,2024-02-04,0.05480480480480465,0.1277777777777778,3.066666666666667,0.05480480480480465,1.5,-0.26666666666667993,-0.013698630136986356,-0.007707157707157686,-0.055420255420255415,-0.03799999999999992,0.007666666666666377
155239,623,14148,623,0,2024-02-04,0.05480480480480465,0.1277777777777778,3.066666666666667,0.05480480480480465,1.5,-0.26666666666667993,-0.013698630136986356,-0.007707157707157686,-0.055420255420255415,-0.03799999999999992,0.007666666666666377
138318,1471,11856,1471,4,2023-08-04,1.8076923076923075,0.55,6.166666666666667,0.6653225806451613,2.8333333333333335,45.81333333333333,0.985501489572989,0.5772972972972974,0.9133933933933935,0.17426666666666657,0.45020000000000004
122879,1791,9011,9011,4,2023-05-06,0.33333333333333337,0.045454545454545414,-0.25,0.3851351351351351,5.9,19.433333333333337,0.4231884057971014,0.2279130386556486,0.3112417503188951,0.08900000000000008,0.2250000000000001
163337,8369,13368,13368,1,2024-03-15,-0.8771428571428572,-0.1333333333333333,-3.2857142857142856,-0.19999999999999996,-0.125,-33.879999999999995,-0.6868686868686869,-0.3558496461722268,-0.7530557853138498,-0.12519999999999998,-0.34419999999999995
163338,8369,13368,13368,0,2024-03-15,-0.5654545454545454,-0.11249999999999999,-5.6190476190476195,-0.5999999999999999,-1.9821428571428572,-25.50222222222223,-0.5380591630591631,-0.35437168704100974,-0.5454989160168442,-0.12497777777777774,-0.2609777777777781
148907,14144,13232,14144,0,2023-11-10,-0.05092592592592593,-0.16483516483516486,-2.3,-0.18696510862409477,0.25,-6.826666666666654,-0.18653846153846176,-0.09878875024371214,-0.12971583154611044,-0.07826666666666648,0.003466666666666507
148908,14144,13232,13232,4,2023-11-10,-0.05092592592592593,-0.16483516483516486,-2.3,-0.18696510862409477,0.25,-6.826666666666654,-0.18653846153846176,-0.09878875024371214,-0.12971583154611044,-0.07826666666666648,0.003466666666666507
148909,14144,13232,13232,1,2023-11-10,0.1826923076923077,0.0,1.2000000000000002,-0.5089605734767025,0.0,7.73333333333332,-0.00909090909090926,-0.03456888232956801,0.00034058012147353267,-0.058666666666666534,0.04266666666666652
122849,11274,9011,9011,6,2023-04-03,-0.07051282051282048,-0.2142857142857143,-0.25,0.1351351351351351,0.9,-13.26666666666668,-0.21014492753623193,-0.06975661966587554,0.030341104751268055,-0.005999999999999894,0.09099999999999986
165243,7969,10431,7969,2,2024-04-05,0.2591431556948799,0.35714285714285715,5.0,-0.2591431556948799,1.5,14.5,0.24193548387096797,0.13201160541586066,0.2891682785299807,0.07299999999999995,0.16149999999999987
165244,7969,10431,7969,8,2024-04-05,0.2591431556948799,0.35714285714285715,5.0,-0.2591431556948799,1.5,14.5,0.24193548387096797,0.13201160541586066,0.2891682785299807,0.07299999999999995,0.16149999999999987
168125,6530,12255,12255,0,2024-04-20,-0.25518925518925517,0.2142857142857143,-2.4285714285714284,-0.5936139332365747,-0.5,-29.840000000000032,-0.5836283185840707,-0.2127791563275434,-0.09693744286274009,0.011199999999999988,-0.17799999999999994
168126,6530,12255,6530,2,2024-04-20,0.4206349206349206,0.11428571428571432,0.8441558441558445,-0.3349740224227509,0.25,0.19333333333332803,0.050242649157864694,0.06334910970571084,0.24269876166282556,0.06053333333333322,0.05816666666666692
168127,6530,12255,6530,9,2024-04-20,0.4206349206349206,0.11428571428571432,0.8441558441558445,-0.3349740224227509,0.25,0.19333333333332803,0.050242649157864694,0.06334910970571084,0.24269876166282556,0.06053333333333322,0.05816666666666692
161582,14278,6456,14278,6,2024-03-10,0.8737214791502753,0.44852941176470584,0.75,0.5527310202679491,1.0,35.25714285714284,0.7020419632821282,0.3647878354870775,0.4729591202783301,0.10752380952380935,0.29485714285714293
161583,14278,6456,14278,9,2024-03-10,0.8737214791502753,0.44852941176470584,0.75,0.5527310202679491,1.0,35.25714285714284,0.7020419632821282,0.3647878354870775,0.4729591202783301,0.10752380952380935,0.29485714285714293
161584,14278,6456,14278,5,2024-03-10,0.8737214791502753,0.44852941176470584,0.75,0.5527310202679491,1.0,35.25714285714284,0.7020419632821282,0.3647878354870775,0.4729591202783301,0.10752380952380935,0.29485714285714293
134864,2755,4669,4669,3,2023-07-01,0.5555555555555556,0.6296296296296295,1.6868686868686869,0.1923076923076923,7.857142857142857,23.360000000000014,0.3560000000000003,0.21472026513395748,0.35538147770464446,0.06846666666666679,0.20779999999999987
134865,2755,4669,2755,6,2023-07-01,0.5555555555555556,0.6296296296296295,1.6868686868686869,0.1923076923076923,7.857142857142857,23.360000000000014,0.3560000000000003,0.21472026513395748,0.35538147770464446,0.06846666666666679,0.20779999999999987
134866,2755,4669,2755,4,2023-07-01,0.5555555555555556,0.6296296296296295,1.6868686868686869,0.1923076923076923,7.857142857142857,23.360000000000014,0.3560000000000003,0.21472026513395748,0.35538147770464446,0.06846666666666679,0.20779999999999987
161180,4569,1458,1458,9,2024-03-04,0.07763975155279512,-0.028985507246376774,1.1904761904761905,-0.4288537549407113,2.1666666666666665,-15.300000000000011,-0.30682800345721706,-0.19439196579496876,-0.2513672069205528,-0.08299999999999996,-0.11824999999999997
161181,4569,1458,4569,1,2024-03-04,0.34913793103448265,0.46875,4.285714285714286,-0.07582417582417578,0.5,6.333333333333343,0.22510822510822548,0.008452380952380878,0.02440476190476204,0.029111111111111088,-0.024333333333333096
161182,4569,1458,1458,5,2024-03-04,-0.34107946026986513,-0.22690217391304346,-0.8571428571428572,-0.24104156712852365,2.1666666666666665,-12.766666666666652,-0.18794688457609787,-0.16901074589127696,-0.24344184576485461,-0.05588888888888888,-0.13858333333333306
141918,10725,13509,10725,6,2023-09-23,0.7748148148148147,0.2358974358974359,-0.6666666666666665,0.23392461197339254,0.1923076923076923,26.674999999999983,0.5221213840045378,0.29053745779724427,0.43868053654530526,0.09399999999999986,0.3028749999999998
141919,10725,13509,10725,4,2023-09-23,0.7748148148148147,0.2358974358974359,-0.6666666666666665,0.23392461197339254,0.1923076923076923,26.674999999999983,0.5221213840045378,0.29053745779724427,0.43868053654530526,0.09399999999999986,0.3028749999999998
155534,4733,14819,4733,9,2024-02-03,0.24862637362637352,0.3535353535353535,-1.8333333333333333,0.7781862745098038,0.8333333333333333,18.460000000000008,0.32570219315121207,0.16466905187835412,0.2961836612999402,0.11499999999999999,0.1714
155535,4733,14819,4733,8,2024-02-03,0.24862637362637352,0.3535353535353535,-1.8333333333333333,0.7781862745098038,0.8333333333333333,18.460000000000008,0.32570219315121207,0.16466905187835412,0.2961836612999402,0.11499999999999999,0.1714
153570,14568,14566,14566,0,2024-01-17,-2.9423076923076925,-0.8571428571428572,-7.0,-1.9833333333333332,1.5,-76.4,-1.5882352941176472,-0.9225,-1.4175,-0.27,-0.649
129008,6149,4616,6149,3,2023-05-09,0.3555555555555556,2.05,-5.4,0.4347826086956521,7.0,3.0,0.08279220779220786,0.21686643835616448,0.22517123287671237,0.04999999999999993,0.0963333333333336
167465,11975,14529,14529,5,2024-02-18,-1.1807692307692306,0.375,-1.9111111111111112,-0.4999999999999999,-0.3333333333333335,-38.8666666666667,-0.879145173176124,-0.4392834695160276,-0.6910747957259584,-0.13333333333333341,-0.3606666666666667
122726,4050,497,497,5,2023-04-20,-0.06860706860706856,0.2556390977443609,-0.6666666666666667,0.02777777777777779,1.0,9.26666666666668,0.28644501278772383,0.08914728682170547,0.06201550387596888,0.043333333333333335,0.1136666666666667
122727,4050,497,4050,4,2023-04-20,0.6066066066066066,-0.1157894736842105,-1.0,0.11111111111111116,1.0,17.066666666666663,0.5828877005347595,0.36467812605325256,0.5338725985844286,0.15533333333333332,0.2756666666666665
122728,4050,497,4050,0,2023-04-20,0.44064317482038995,0.19849624060150373,1.5454545454545454,0.279785809906292,0.5555555555555556,25.14166666666668,0.5924836601307191,0.3331732244592991,0.5669988925802878,0.11858333333333337,0.30066666666666664
134365,7967,4538,4538,4,2023-06-22,-0.34523809523809523,-4.833333333333333,1.6666666666666665,0.3074866310160429,-0.8333333333333334,-6.899999999999977,-0.2944444444444443,-0.06437662784412002,-0.11327337952724958,0.07600000000000007,-0.009500000000000064
135657,5448,878,878,4,2023-07-20,-0.3318903318903319,0.13157894736842107,0.11538461538461542,0.002777777777777768,0.0,-25.299999999999983,-0.3016711486746062,-0.1337785532064627,-0.18407471483447213,-0.1013333333333335,-0.273
135658,5448,878,5448,8,2023-07-20,-0.3318903318903319,0.13157894736842107,0.11538461538461542,0.002777777777777768,0.0,-25.299999999999983,-0.3016711486746062,-0.1337785532064627,-0.18407471483447213,-0.1013333333333335,-0.273
135659,5448,878,5448,0,2023-07-20,-0.3318903318903319,0.13157894736842107,0.11538461538461542,0.002777777777777768,0.0,-25.299999999999983,-0.3016711486746062,-0.1337785532064627,-0.18407471483447213,-0.1013333333333335,-0.273
152566,6149,4616,4616,4,2024-01-15,0.9333333333333333,1.6029411764705883,0.4571428571428573,0.5681159420289854,7.625,33.44999999999999,0.7797619047619051,0.5231854838709679,0.6923387096774194,0.13750000000000007,0.3373333333333335
143547,9814,756,9814,9,2023-10-15,-0.1607142857142857,-0.13721413721413722,-1.5714285714285714,-0.2583333333333334,0.10439560439560441,-7.866666666666674,-0.1873700132350158,-0.09140458472009272,-0.13362439699338102,-0.059666666666666535,-0.034666666666666734
143548,9814,756,756,2,2023-10-15,0.4839743589743589,0.19932432432432434,0.9285714285714286,0.37499999999999994,0.46153846153846156,30.566666666666663,0.6940264477884179,0.23832195472511675,0.34516109713738174,0.052000000000000046,0.27949999999999986
143549,9814,756,756,6,2023-10-15,-0.1607142857142857,-0.13721413721413722,-1.5714285714285714,-0.2583333333333334,0.10439560439560441,-7.866666666666674,-0.1873700132350158,-0.09140458472009272,-0.13362439699338102,-0.059666666666666535,-0.034666666666666734
143550,9814,756,756,8,2023-10-15,-0.1607142857142857,-0.13721413721413722,-1.5714285714285714,-0.2583333333333334,0.10439560439560441,-7.866666666666674,-0.1873700132350158,-0.09140458472009272,-0.13362439699338102,-0.059666666666666535,-0.034666666666666734
134876,6538,3531,6538,4,2023-07-02,0.45833333333333326,0.44017094017094016,0.5641025641025643,0.48414179104477617,-0.03174603174603163,12.339393939393943,0.2990623276337563,0.2361345520094007,0.41111245547368624,0.07137373737373742,0.18496969696969678
134877,6538,3531,3531,3,2023-07-02,0.45833333333333326,0.44017094017094016,0.5641025641025643,0.48414179104477617,-0.03174603174603163,12.339393939393943,0.2990623276337563,0.2361345520094007,0.41111245547368624,0.07137373737373742,0.18496969696969678
134878,6538,3531,6538,0,2023-07-02,0.45833333333333326,0.44017094017094016,0.5641025641025643,0.48414179104477617,-0.03174603174603163,12.339393939393943,0.2990623276337563,0.2361345520094007,0.41111245547368624,0.07137373737373742,0.18496969696969678
143559,11836,10725,11836,4,2023-11-04,-0.029166666666666785,0.4444444444444444,-0.3846153846153846,0.3351648351648352,4.4,-2.875,0.058929374718848404,-0.08647026732133112,-0.19762684124386243,-0.043749999999999956,-0.0793750000000002
143560,11836,10725,10725,2,2023-11-04,-0.15583333333333327,0.5085470085470085,0.6153846153846154,0.0947467166979361,3.707692307692308,-7.649999999999977,-0.026043791649666748,-0.018033366144216467,-0.09784583932762914,-0.043749999999999845,-0.05974999999999975
143561,11836,10725,10725,1,2023-11-04,-0.15583333333333327,0.5085470085470085,0.6153846153846154,0.0947467166979361,3.707692307692308,-7.649999999999977,-0.026043791649666748,-0.018033366144216467,-0.09784583932762914,-0.043749999999999845,-0.05974999999999975
143053,4330,13941,4330,1,2023-10-17,0.268970189701897,0.358974358974359,4.433333333333334,-0.2193627450980391,-1.625,0.5600000000000307,-0.008146384258679085,0.10313754938130537,0.1666068105390317,-0.004899999999999904,0.05410000000000004
143054,4330,13941,4330,8,2023-10-17,0.268970189701897,0.358974358974359,4.433333333333334,-0.2193627450980391,-1.625,0.5600000000000307,-0.008146384258679085,0.10313754938130537,0.1666068105390317,-0.004899999999999904,0.05410000000000004
144300,6882,1184,1184,4,2023-10-14,-0.42500000000000004,-0.32727272727272727,-1.0,-0.4242424242424242,1.5,-21.19999999999999,-0.4086956521739129,-0.36811594202898557,-0.7130434782608694,-0.18600000000000005,-0.3210000000000002
123235,2908,5310,2908,3,2023-04-17,0.9615384615384615,0.1955128205128205,2.625,0.2888513513513513,-0.6666666666666665,25.724999999999994,0.37542331881954505,0.3691599539700805,0.7621403912543154,0.05124999999999991,0.1835
123236,2908,5310,2908,8,2023-04-17,0.9615384615384615,0.1955128205128205,2.625,0.2888513513513513,-0.6666666666666665,25.724999999999994,0.37542331881954505,0.3691599539700805,0.7621403912543154,0.05124999999999991,0.1835
116042,10400,4330,4330,7,2023-02-19,-0.24390243902439024,-0.5,-4.1,-0.20833333333333337,1.125,-7.560000000000031,-0.15362854966815354,-0.13028676937280026,-0.23997461196699543,-0.014000000000000123,-0.04960000000000009
116043,10400,4330,10400,4,2023-02-19,-0.24390243902439024,-0.5,-4.1,-0.20833333333333337,1.125,-7.560000000000031,-0.15362854966815354,-0.13028676937280026,-0.23997461196699543,-0.014000000000000123,-0.04960000000000009
116044,10400,4330,4330,5,2023-02-19,-0.24390243902439024,-0.5,-4.1,-0.20833333333333337,1.125,-7.560000000000031,-0.15362854966815354,-0.13028676937280026,-0.23997461196699543,-0.014000000000000123,-0.04960000000000009
144058,11882,13516,11882,8,2023-09-13,0.4434389140271493,0.2840909090909091,-5.714285714285714,0.6154545454545454,2.8333333333333335,34.19999999999999,0.44285714285714306,0.3021871539313401,0.42746400885935776,0.07499999999999996,0.26
144059,11882,13516,11882,1,2023-09-13,0.0,0.125,-7.0,0.06999999999999995,0.33333333333333337,7.400000000000006,0.023809523809523725,0.03417107583774248,0.05379188712522054,-0.017000000000000015,0.040000000000000036
137377,1184,14,1184,1,2023-08-12,0.42582417582417564,0.06285714285714289,4.2,0.5934282584884994,0.4285714285714286,14.547619047619037,0.35097074104457215,0.2377622377622377,0.49176602773725064,0.03990476190476189,0.1912380952380952
137378,1184,14,1184,7,2023-08-12,0.42582417582417564,0.06285714285714289,4.2,0.5934282584884994,0.4285714285714286,14.547619047619037,0.35097074104457215,0.2377622377622377,0.49176602773725064,0.03990476190476189,0.1912380952380952
150659,466,14196,466,8,2023-11-18,0.44285714285714295,-0.4,-3.5,1.6607142857142856,0.5,26.599999999999994,0.6053511705685621,0.2900485436893204,0.38228155339805836,0.06000000000000005,0.14800000000000002
118777,6826,7511,7511,4,2023-04-06,-2.7735042735042734,-0.7523809523809524,-6.6,-0.6012931034482758,-0.16666666666666674,-106.45000000000002,-2.1428571428571432,-1.085860278103535,-1.617523873345619,-0.36649999999999994,-0.9344999999999999
118778,6826,7511,7511,5,2023-04-06,-2.7735042735042734,-0.7523809523809524,-6.6,-0.6012931034482758,-0.16666666666666674,-106.45000000000002,-2.1428571428571432,-1.085860278103535,-1.617523873345619,-0.36649999999999994,-0.9344999999999999
160232,11863,15120,15120,1,2024-02-28,-3.158730158730159,-0.8181818181818181,-3.75,0.4066666666666666,1.5,-62.03333333333336,-1.1801948051948052,-0.9545787545787546,-1.3435897435897435,-0.17099999999999993,-0.5300000000000001
160233,11863,15120,15120,6,2024-02-28,-3.158730158730159,-0.8181818181818181,-3.75,0.4066666666666666,1.5,-62.03333333333336,-1.1801948051948052,-0.9545787545787546,-1.3435897435897435,-0.17099999999999993,-0.5300000000000001
163158,14,624,624,6,2024-04-07,2.0227272727272725,-0.75,-0.2857142857142858,3.216666666666667,0.5,26.0,0.5570228091236489,0.6277584204413473,0.759581881533101,0.10999999999999999,0.26649999999999996
163159,14,624,624,1,2024-04-07,-0.458041958041958,0.5,-1.5357142857142858,-0.807142857142857,-1.0,-17.0,-0.4046140195208521,-0.18292682926829262,-0.29268292682926833,-0.062000000000000055,-0.1924999999999999
122873,7105,4671,7105,4,2023-04-29,0.8557692307692307,0.45714285714285713,10.0,0.11961722488038284,0.5,30.80000000000001,0.6832298136645965,0.36844919786096264,0.660427807486631,0.07400000000000007,0.20700000000000007
133817,7055,10755,10755,4,2023-06-07,-0.5065116279069767,0.7083333333333335,0.2666666666666666,-0.443609022556391,0.7714285714285714,-5.583333333333343,-0.1303716608594656,-0.06666666666666665,-0.05649717514124286,-0.030666666666666842,-0.09991666666666665
123554,876,8946,876,4,2023-05-21,0.8571428571428572,0.9333333333333332,5.25,2.1818181818181817,0.0,16.700000000000017,0.5,0.29450130443507927,0.2570740517760386,0.13,0.1905000000000001
143620,6538,756,6538,2,2023-10-10,0.5476190476190477,0.423076923076923,0.23076923076923084,0.26249999999999996,2.5,14.633333333333326,0.3093825532849923,0.2659027109559521,0.3858639034902862,0.027888888888888963,0.2051666666666666
143828,6538,756,6538,0,2023-10-10,0.3476190476190477,-0.29487179487179493,4.0,0.5055555555555555,-0.35714285714285715,23.566666666666663,0.4280664545775892,0.35633484162895923,0.7262443438914026,0.06433333333333346,0.3028333333333332
134386,581,11997,11997,3,2023-06-16,-1.0769230769230769,-0.3666666666666667,-2.333333333333333,-0.4656381486676018,5.9,-60.06666666666666,-1.1863758132414848,-0.5256704980842913,-0.7335665500583043,-0.17300000000000004,-0.5141666666666667
134387,581,11997,11997,4,2023-06-16,-1.0769230769230769,-0.3666666666666667,-2.333333333333333,-0.4656381486676018,5.9,-60.06666666666666,-1.1863758132414848,-0.5256704980842913,-0.7335665500583043,-0.17300000000000004,-0.5141666666666667
158781,10727,10755,10755,5,2024-04-03,-0.7266666666666667,-0.2583333333333333,-2.6969696969696964,-0.19563058589870908,1.9714285714285713,-4.793333333333322,-0.14227642276422747,-0.09599999999999997,-0.10666666666666647,-0.011466666666666847,-0.13686666666666658
158782,10727,10755,10727,6,2024-04-03,-0.7266666666666667,-0.2583333333333333,-2.6969696969696964,-0.19563058589870908,1.9714285714285713,-4.793333333333322,-0.14227642276422747,-0.09599999999999997,-0.10666666666666647,-0.011466666666666847,-0.13686666666666658
158783,10727,10755,10755,1,2024-04-03,-0.7266666666666667,-0.2583333333333333,-2.6969696969696964,-0.19563058589870908,1.9714285714285713,-4.793333333333322,-0.14227642276422747,-0.09599999999999997,-0.10666666666666647,-0.011466666666666847,-0.13686666666666658
154728,14547,13683,13683,8,2024-01-26,-0.5333333333333333,-0.1875,-1.5727272727272728,-0.043333333333333335,-0.5,-13.933333333333337,-0.2945874001774622,-0.1728483606557376,-0.24252049180327861,-0.058666666666666756,-0.13816666666666666
154729,14547,13683,13683,1,2024-01-26,-0.5333333333333333,-0.1875,-1.5727272727272728,-0.043333333333333335,-0.5,-13.933333333333337,-0.2945874001774622,-0.1728483606557376,-0.24252049180327861,-0.058666666666666756,-0.13816666666666666
128105,11176,6149,6149,0,2023-05-02,-1.3384615384615386,-2.0,-1.85,-0.9732441471571905,-7.833333333333333,-48.93333333333334,-1.0692355889724312,-0.6863347457627119,-0.9205508474576272,-0.15333333333333332,-0.5236666666666668
163781,14547,15299,14547,0,2024-03-15,0.3782051282051282,-0.1875,-1.2727272727272727,-0.5833333333333334,0.5,30.26666666666665,0.6717391304347826,0.3091546513924551,0.42622950819672134,0.06533333333333324,0.19633333333333347
151218,10416,9508,10416,0,2023-11-28,-0.12361270570225802,-0.40625,-1.625,-0.39369817578772803,0.8,3.978571428571456,0.0014064697609001975,-0.018321304934577176,-0.07979815760136133,0.020571428571428574,0.029892857142856943
151219,10416,9508,10416,9,2023-11-28,-0.12361270570225802,-0.40625,-1.625,-0.39369817578772803,0.8,3.978571428571456,0.0014064697609001975,-0.018321304934577176,-0.07979815760136133,0.020571428571428574,0.029892857142856943
144746,8258,2499,8258,0,2023-10-17,-0.31999999999999995,-0.303030303030303,0.30000000000000004,0.2710027100271003,0.7666666666666667,-1.6500000000000057,-0.07440476190476186,-0.039676319605000177,-0.12747364708648456,-0.010000000000000009,-0.08899999999999997
130230,8924,6750,8924,8,2023-05-21,0.858974358974359,1.5,-1.3333333333333333,0.2777777777777779,1.5,45.80000000000001,0.8303167420814477,0.3599033816425121,0.6202898550724639,0.138,0.2999999999999998
151531,12486,12355,12486,6,2023-12-02,1.2444444444444445,0.8,4.0,0.38443935926773454,1.0,42.30000000000001,0.9285714285714284,0.5307692307692308,0.7023668639053253,0.10899999999999999,0.4474999999999998
151532,12486,12355,12486,1,2023-12-02,1.2444444444444445,0.8,4.0,0.38443935926773454,1.0,42.30000000000001,0.9285714285714284,0.5307692307692308,0.7023668639053253,0.10899999999999999,0.4474999999999998
158742,15021,14470,14470,5,2024-03-13,-1.5628930817610063,-3.7916666666666665,-1.9,-1.3188405797101448,2.8333333333333335,-58.150000000000006,-1.0894736842105264,-0.5213675213675213,-0.7809829059829059,-0.17049999999999998,-0.42625000000000024
158743,15021,14470,14470,6,2024-03-13,-1.5628930817610063,-3.7916666666666665,-1.9,-1.3188405797101448,2.8333333333333335,-58.150000000000006,-1.0894736842105264,-0.5213675213675213,-0.7809829059829059,-0.17049999999999998,-0.42625000000000024
143160,8380,12758,8380,1,2023-10-03,0.8567447045707915,0.631578947368421,5.428571428571429,0.16465863453815266,4.833333333333333,36.08571428571426,0.7546992481203008,0.37403751744095914,0.6935817270425302,0.1807142857142856,0.3441428571428572
143161,8380,12758,8380,0,2023-10-03,0.8567447045707915,0.631578947368421,5.428571428571429,0.16465863453815266,4.833333333333333,36.08571428571426,0.7546992481203008,0.37403751744095914,0.6935817270425302,0.1807142857142856,0.3441428571428572
138351,13398,6035,6035,0,2023-08-16,-0.6043956043956044,-0.3333333333333333,-2.0,-0.2615384615384616,-0.33333333333333326,-38.29999999999998,-0.7722222222222221,-0.31226350189198493,-0.3753009975920192,-0.10050000000000003,-0.1805
142361,12566,6530,6530,8,2023-10-05,-0.42640692640692635,-0.025000000000000022,-0.872727272727273,0.47212931995540686,9.25,-9.30000000000004,-0.17878622197922356,-0.0840992805260079,-0.1048917346552376,-0.009999999999999898,-0.04150000000000009
142362,12566,6530,12566,0,2023-10-05,-0.42640692640692635,-0.025000000000000022,-0.872727272727273,0.47212931995540686,9.25,-9.30000000000004,-0.17878622197922356,-0.0840992805260079,-0.1048917346552376,-0.009999999999999898,-0.04150000000000009
142363,12566,6530,6530,6,2023-10-05,-0.42640692640692635,-0.025000000000000022,-0.872727272727273,0.47212931995540686,9.25,-9.30000000000004,-0.17878622197922356,-0.0840992805260079,-0.1048917346552376,-0.009999999999999898,-0.04150000000000009
145853,8826,11978,8826,2,2023-10-24,-0.26,-0.5882352941176471,-1.9047619047619049,-0.26,4.416666666666667,2.7600000000000193,0.021886399166232362,0.0702030143667185,0.06585480506507624,0.022266666666666657,-0.0019333333333333425
145854,8826,11978,11978,0,2023-10-24,-0.26,-0.5882352941176471,-1.9047619047619049,-0.26,4.416666666666667,2.7600000000000193,0.021886399166232362,0.0702030143667185,0.06585480506507624,0.022266666666666657,-0.0019333333333333425
145855,8826,11978,11978,8,2023-10-24,-0.26,-0.5882352941176471,-1.9047619047619049,-0.26,4.416666666666667,2.7600000000000193,0.021886399166232362,0.0702030143667185,0.06585480506507624,0.022266666666666657,-0.0019333333333333425
141924,6985,6200,6985,8,2023-09-23,1.6013986013986015,0.391304347826087,14.0,0.5857142857142859,7.833333333333333,45.36000000000004,1.0189950980392157,0.5727935911206589,0.9776450053705692,0.13980000000000004,0.4506999999999999
141925,6985,6200,6985,6,2023-09-23,1.6013986013986015,0.391304347826087,14.0,0.5857142857142859,7.833333333333333,45.36000000000004,1.0189950980392157,0.5727935911206589,0.9776450053705692,0.13980000000000004,0.4506999999999999
128102,2499,8258,2499,6,2023-05-01,0.31999999999999995,0.303030303030303,-0.30000000000000004,-0.2710027100271003,-0.7666666666666667,1.6500000000000057,0.07440476190476186,0.039676319605000177,0.12747364708648456,0.010000000000000009,0.08899999999999997
128129,6193,1471,1471,6,2023-05-01,-1.7051282051282048,-0.75,-5.333333333333333,-0.26388888888888884,-3.0,-54.08000000000001,-1.1473684210526316,-0.5438726397630508,-0.8104405775638652,-0.2135999999999999,-0.45320000000000005
138114,12150,8904,8904,7,2023-08-07,-2.2153846153846155,0.3333333333333333,-2.0,-0.44999999999999996,1.5,-63.20000000000002,-1.3888888888888884,-0.8480419194704908,-1.169608383894098,-0.20999999999999996,-0.4410000000000005
119199,7035,2304,2304,6,2023-04-07,-1.7051282051282048,-0.30000000000000004,-0.75,-1.130952380952381,-0.8333333333333334,-70.4,-1.6052631578947367,-0.9641842292209329,-1.2233009708737863,-0.256,-0.6030000000000001
119200,7035,2304,2304,0,2023-04-07,-1.7051282051282048,-0.30000000000000004,-0.75,-1.130952380952381,-0.8333333333333334,-70.4,-1.6052631578947367,-0.9641842292209329,-1.2233009708737863,-0.256,-0.6030000000000001
132214,11257,6235,11257,4,2023-05-25,0.3619167717528372,0.6181818181818182,4.2,0.5769980506822612,0.8333333333333333,19.819999999999993,0.3214046822742471,0.22387255656456817,0.31568416192088655,0.06040000000000001,0.21020000000000005
132215,11257,6235,11257,6,2023-05-25,0.3619167717528372,0.6181818181818182,4.2,0.5769980506822612,0.8333333333333333,19.819999999999993,0.3214046822742471,0.22387255656456817,0.31568416192088655,0.06040000000000001,0.21020000000000005
