match_id,t1,t2,t1_ban1,t1_ban2,t2_ban1,t2_ban2,t1_pick,t2_pick,remaining,winner,t1_mapwins,t2_mapwins,net_h2h,t1_past,t2_past,best_odds,worst_odds,date
318917,397,12694,6,2,1,8,0,9,5,False,0,2,,0,4,0.4444444444444444,0.4252873563218391,2024-04-05
235365,4915,7035,4,3,1,7,6,8,0,False,0,2,-2.0,-5,-2,0.7727272727272727,0.75669099756691,2023-07-20
167370,6199,4915,4,8,0,6,7,5,3,False,0,2,,2,8,0.2957746478873239,0.180327868852459,2023-02-25
247093,2593,5448,1,0,7,8,3,4,6,True,2,0,-1.0,6,2,0.9803921568627452,0.970873786407767,2023-08-08
67326,17,14,0,2,3,1,8,5,4,False,0,2,0.0,6,6,0.0,1.0,2022-01-28
314301,918,5448,2,8,1,6,9,5,0,False,1,2,-5.0,-4,-1,0.2481203007518797,0.2063492063492064,2024-04-06
51291,474,188,3,4,8,5,0,1,2,True,2,0,,9,6,0.7874015748031495,0.7246376811594204,2021-12-08
183777,5248,188,5,4,6,0,3,7,8,False,0,2,-4.0,1,2,0.5884773662551441,0.5260663507109005,2023-04-02
318935,8877,7035,0,2,6,8,5,9,1,True,2,1,3.0,1,-10,0.8928571428571428,0.8474576271186441,2024-04-26
84645,2593,5448,0,1,2,8,3,5,4,False,0,2,,-5,5,0.7530864197530864,0.7530864197530864,2022-04-12
286658,2,474,1,2,6,0,4,8,9,True,2,1,-1.0,7,-1,0.641025641025641,0.5617977528089888,2023-12-09
314622,188,2359,8,6,2,1,9,5,0,True,2,1,0.0,-4,4,0.2941176470588235,0.2155172413793103,2024-04-06
213196,4915,474,7,6,4,0,1,8,3,False,0,2,-1.0,6,2,0.7237569060773481,0.66996699669967,2023-05-24
314308,14,278,1,2,5,8,0,6,9,False,1,2,1.0,-3,-7,0.8666666666666667,0.765807962529274,2024-04-09
167361,8185,8304,6,7,4,8,0,3,5,True,2,1,3.0,7,2,0.7936507936507936,0.7936507936507936,2023-02-19
183776,6961,7386,7,0,3,5,6,8,4,True,2,1,,5,-2,0.9259259259259258,0.9090909090909092,2023-04-02
283099,1184,188,8,0,2,1,6,9,4,False,1,2,,4,3,0.6062992125984252,0.5833333333333333,2023-11-04
99695,5248,2,4,1,8,2,5,0,3,True,2,0,-2.0,4,7,0.4166666666666667,0.4166666666666667,2022-05-21
314652,2355,2359,8,5,1,9,2,0,6,False,1,2,-1.0,8,3,0.375,0.3333333333333333,2024-05-04
68998,397,2593,1,8,2,4,0,5,3,False,0,2,,5,0,0.1935483870967741,0.1935483870967741,2022-02-19
184037,1001,474,6,7,0,4,8,3,5,False,0,2,-1.0,-5,-2,0.1666666666666666,0.1596638655462184,2023-04-19
213194,474,2059,7,3,4,8,6,1,0,True,2,1,0.0,3,-5,0.7299270072992701,0.7142857142857143,2023-05-23
189051,1034,5248,3,6,1,7,4,8,0,False,1,2,6.0,9,2,0.7995991983967936,0.6941896024464832,2023-05-23
184480,6199,278,5,8,6,7,0,4,3,True,2,0,,-4,-9,0.9009009009009008,0.8064516129032259,2023-04-23
184032,2,2406,6,7,0,3,4,8,1,True,2,1,1.0,-1,-1,0.5128205128205129,0.495049504950495,2023-05-18
189053,188,5248,8,7,6,4,1,3,0,False,0,2,6.0,9,4,0.7422680412371134,0.7297297297297298,2023-05-24
161209,2059,188,1,0,2,7,3,4,5,False,0,2,,5,-1,0.3055555555555556,0.3055555555555556,2022-12-09
89246,624,6387,1,8,5,2,0,3,4,True,2,0,11.0,7,-1,0.0,1.0,2022-05-28
184040,8877,4915,7,3,5,4,6,0,8,False,0,2,,-6,-1,0.0476190476190476,0.0291262135922329,2023-04-21
183808,188,7386,0,3,7,4,6,8,1,True,2,0,,6,-4,0.9009009009009008,0.8849557522123894,2023-05-06
318919,2059,1001,6,1,0,8,2,9,5,True,2,1,6.0,-3,0,0.3115264797507788,0.2857142857142857,2024-04-10
130618,2359,474,3,7,5,2,4,0,1,True,2,0,,3,6,0.3236245954692557,0.3236245954692557,2022-08-31
184472,624,8185,6,7,4,5,0,8,3,False,0,2,-5.0,2,6,0.2857142857142857,0.2307692307692308,2023-04-15
247088,5248,1184,3,8,4,6,1,7,0,True,2,0,2.0,1,-3,0.7575757575757576,0.7518796992481203,2023-08-08
247100,474,4915,7,0,4,6,1,3,8,False,0,2,4.0,3,-3,0.646643109540636,0.6212121212121212,2023-08-06
314643,2355,6961,1,2,9,5,8,0,6,True,2,0,0.0,2,-4,0.4545454545454545,0.4016064257028112,2024-04-24
329911,17,8185,6,2,5,8,1,9,0,True,2,1,-1.0,1,5,0.5263157894736842,0.4672897196261682,2024-05-05
69879,2,1034,8,5,2,0,4,3,1,True,2,1,1.0,-2,3,0.819672131147541,0.8,2022-02-12
296736,8185,278,5,8,9,0,6,2,1,True,2,0,3.0,-3,-7,0.9803921568627452,0.9615384615384616,2024-02-18
183797,2359,120,7,0,3,8,5,4,6,False,1,2,,2,-2,0.6987951807228916,0.646643109540636,2023-04-24
314650,2,2406,9,6,2,0,5,8,1,True,2,0,2.0,-1,-8,0.9090909090909092,0.8849557522123894,2024-05-03
51293,2593,2355,2,0,3,1,5,4,8,False,1,2,2.0,0,4,0.6996996996996997,0.6987951807228916,2021-12-09
167368,2,2593,7,0,5,3,4,8,6,False,0,2,5.0,0,8,0.4186046511627906,0.408284023668639,2023-02-24
314645,2,6961,8,9,2,1,5,6,0,False,0,2,-1.0,2,-8,0.6563573883161512,0.6428571428571428,2024-04-27
183794,5248,2406,6,7,5,8,0,3,4,False,1,2,,-3,1,0.2592592592592593,0.1999999999999999,2023-04-22
184490,878,918,6,8,4,0,3,7,1,True,2,0,1.0,0,0,0.4566210045662101,0.3676470588235294,2023-05-07
329908,624,8304,8,0,2,5,6,1,9,True,2,1,1.0,5,3,0.8403361344537815,0.7575757575757576,2024-05-03
130635,2406,2593,7,1,0,3,2,5,4,False,1,2,,2,-1,0.8307952622673435,0.8307952622673435,2022-09-05
232731,2406,2355,6,4,3,7,0,8,1,False,1,2,-2.0,-5,-4,0.6309963099630996,0.5780590717299579,2023-07-16
286659,14,624,4,8,1,0,6,9,2,False,0,2,-4.0,2,5,0.2753623188405796,0.2481203007518797,2023-12-09
184469,5448,918,8,6,3,5,0,7,4,True,2,1,,-5,-5,0.6578947368421053,0.4444444444444444,2023-04-09
183802,7386,2406,0,1,6,3,8,7,4,False,0,2,,-3,0,0.3243243243243243,0.2907801418439716,2023-04-29
184060,7035,474,0,4,1,7,3,8,6,False,1,2,,-5,0,0.0990990990990992,0.0825688073394496,2023-05-19
318914,2059,4915,0,8,9,2,6,1,5,False,0,2,-4.0,1,3,0.3421052631578947,0.2857142857142857,2024-04-04
130626,6961,5448,2,5,7,3,1,0,4,True,2,0,2.0,2,1,0.7575757575757576,0.7575757575757576,2022-09-07
183801,1034,120,8,0,7,4,1,3,6,True,2,0,-2.0,0,1,0.6134969325153374,0.5681818181818182,2023-04-29
183811,1034,2406,0,3,6,8,1,4,7,True,2,1,,4,0,0.6493506493506493,0.6060606060606061,2023-05-08
84372,8185,5448,0,1,3,8,5,4,2,True,2,0,,10,9,0.7575757575757576,0.7575757575757576,2022-04-10
314326,918,278,5,2,1,9,6,8,0,True,2,1,2.0,-4,-5,0.6802721088435374,0.6451612903225806,2024-04-27
294186,188,120,1,2,8,0,6,9,5,True,2,1,0.0,-6,-5,0.5714285714285714,0.5102040816326531,2024-01-13
184500,6199,918,3,0,7,8,6,4,1,True,2,0,,-1,3,0.6060606060606061,0.5813953488372093,2023-05-15
314318,6387,278,1,2,5,9,8,6,0,True,2,1,1.0,-7,-6,0.5405405405405405,0.5,2024-04-20
160005,7386,2359,5,1,7,3,2,4,0,False,1,2,,4,1,0.3006993006993006,0.3006993006993006,2022-12-03
232733,2359,2355,0,1,3,7,6,8,4,False,0,2,1.0,-4,-2,0.6610169491525424,0.6296296296296297,2023-07-17
296733,278,6199,5,9,8,1,6,2,0,False,0,2,-2.0,-7,3,0.3464052287581699,0.2753623188405796,2024-02-20
173215,7035,4915,4,5,7,3,0,6,8,True,2,0,,-2,4,0.2824858757062147,0.1926782273603082,2023-03-27
183780,2359,2406,6,8,3,4,5,7,0,False,1,2,,6,-1,0.6710526315789473,0.6309963099630996,2023-04-08
297406,4915,397,6,9,8,5,0,1,2,True,2,1,1.0,1,6,0.8403361344537815,0.819672131147541,2024-02-21
184056,7035,1001,1,8,7,4,3,6,0,True,2,1,-2.0,-8,-4,0.4672897196261682,0.4545454545454545,2023-05-12
183813,5248,7386,8,7,4,1,6,3,0,True,2,0,,2,-7,0.9259259259259258,0.8695652173913044,2023-05-13
184462,8304,14,7,3,8,5,4,0,6,False,0,2,,-1,-2,0.6153846153846154,0.5454545454545454,2023-04-01
183945,4915,397,7,6,4,5,0,3,8,True,2,0,-1.0,0,-4,0.8333333333333334,0.8130081300813008,2023-04-06
130634,8185,120,4,5,7,1,2,3,0,True,2,0,,1,10,0.4784688995215311,0.4784688995215311,2022-09-03
173222,2593,397,3,5,7,6,0,4,8,True,2,1,2.0,10,-5,0.9615384615384616,0.1111111111111111,2023-03-31
296730,5448,918,2,8,6,0,5,1,9,True,2,0,1.0,-1,-3,0.6896551724137931,0.6622516556291391,2024-02-18
247087,1184,14,3,1,8,6,4,7,0,True,2,0,,-3,-1,0.6211180124223602,0.5882352941176471,2023-08-07
318913,7035,474,2,9,6,1,0,8,5,False,0,2,-2.0,-3,0,0.375,0.3333333333333333,2024-04-03
161214,474,2355,4,2,3,7,0,1,5,False,0,2,6.0,0,-6,0.6376811594202898,0.6376811594202898,2022-12-10
184471,6199,17,5,0,7,8,4,3,6,False,0,2,,1,-2,0.6441281138790036,0.5918367346938775,2023-04-10
183787,2359,2,3,6,4,5,0,8,7,True,2,1,,3,-6,0.684931506849315,0.3448275862068966,2023-04-16
297254,6199,17,0,9,8,1,6,2,5,False,1,2,1.0,5,1,0.5633187772925764,0.3548387096774194,2024-02-22
184054,8877,2593,1,0,7,8,6,4,3,False,0,2,,-7,10,0.0384615384615385,0.0291262135922329,2023-05-11
189056,188,2359,7,1,3,8,6,4,0,True,2,1,2.0,5,-4,0.8,0.7299270072992701,2023-05-25
314654,11058,6961,8,0,9,2,5,1,6,False,0,2,,3,-5,0.3243243243243243,0.2700729927007299,2024-05-05
314309,17,624,9,8,2,0,6,5,1,False,1,2,1.0,5,1,0.5348837209302326,0.5145631067961165,2024-04-13
295614,2359,2,9,6,5,0,2,8,1,False,1,2,3.0,7,5,0.5145631067961165,0.4594594594594595,2024-02-25
69877,188,120,1,5,3,4,8,2,0,True,2,0,0.0,8,-2,0.6535947712418301,0.5952380952380952,2022-02-11
341817,4915,1001,2,9,0,5,8,6,1,False,0,2,-1.0,4,2,0.4505494505494506,0.4444444444444444,2024-05-08
94346,120,17,2,4,5,3,8,1,0,True,2,1,2.0,2,5,0.0,1.0,2022-04-30
184050,4915,474,7,8,4,0,1,3,6,True,2,0,-3.0,8,4,0.819672131147541,0.8,2023-05-05
183781,1034,2,8,3,4,0,5,6,7,True,2,0,-2.0,-2,-2,0.5208333333333334,0.4347826086956522,2023-04-09
281551,11058,2,6,4,2,8,1,9,0,False,1,2,,-6,-2,0.5454545454545454,0.4923857868020305,2023-10-26
173216,1001,1184,5,8,3,4,6,7,0,False,0,2,2.0,-5,-5,0.5073891625615763,0.4505494505494506,2023-03-28
314304,14,624,2,0,5,8,1,6,9,False,0,2,-8.0,0,0,0.180327868852459,0.1452991452991452,2024-04-07
220442,2593,1034,6,0,7,4,1,3,8,True,2,0,,5,2,0.7874015748031495,0.7246376811594204,2023-06-16
318923,8877,12694,0,2,1,6,8,5,9,True,2,0,,0,5,0.8,0.7692307692307692,2024-04-12
289452,918,2406,8,0,1,6,2,9,4,True,2,1,,-6,-2,0.2906976744186046,0.1964636542239685,2023-12-16
289448,918,2059,1,4,6,0,9,2,8,False,0,2,-1.0,-2,-3,0.1935483870967741,0.1071428571428572,2023-12-14
329912,14,624,2,0,5,1,9,6,8,False,0,2,-10.0,4,4,0.1869918699186992,0.180327868852459,2024-05-05
337413,2355,2359,8,0,1,2,6,5,9,False,1,2,0.0,2,5,0.2857142857142857,0.2592592592592593,2024-05-10
184493,624,17,7,1,4,3,0,8,6,True,2,0,,4,-1,0.819672131147541,0.7692307692307692,2023-05-12
312768,2,1001,2,5,0,8,6,9,1,True,2,1,,4,3,0.7518796992481203,0.641025641025641,2024-03-15
183810,2359,2355,3,1,6,0,4,8,7,True,2,0,1.0,0,-6,0.8130081300813008,0.7936507936507936,2023-05-07
167357,6961,8877,0,4,5,6,8,7,3,True,2,0,,10,-1,0.7407407407407407,0.7407407407407407,2023-02-17
220297,1184,5248,3,0,1,4,6,8,7,False,0,2,,1,-2,0.3939393939393939,0.3788819875776398,2023-06-10
247103,474,6961,7,1,3,0,8,4,6,False,0,2,-1.0,-2,-1,0.5121951219512195,0.4949494949494949,2023-08-10
297253,5448,6199,2,9,8,1,0,5,6,False,0,2,3.0,3,3,0.5833333333333333,0.3464052287581699,2024-02-22
130682,8185,6961,0,1,7,3,4,2,5,False,0,2,,3,4,0.5918367346938775,0.5918367346938775,2022-09-12
184057,2593,4915,4,1,7,0,8,6,3,True,2,0,3.0,10,9,0.7407407407407407,0.7142857142857143,2023-05-17
296734,8304,6199,5,9,8,1,0,2,6,False,0,2,1.0,0,4,0.574468085106383,0.5454545454545454,2024-02-21
329907,6199,14,1,8,5,0,9,6,2,False,0,2,-2.0,2,-1,0.5348837209302326,0.5260663507109005,2024-05-03
297403,1001,8877,2,5,0,1,8,6,9,True,2,0,1.0,0,-2,0.4444444444444444,0.3846153846153846,2024-02-22
184491,6199,14,4,8,7,0,1,6,3,False,0,2,,-2,1,0.4871794871794871,0.3865030674846625,2023-05-07
295605,1034,2406,1,5,9,6,0,2,8,True,2,0,3.0,-2,-2,0.9090909090909092,0.9009009009009008,2024-02-16
184496,918,278,4,0,3,8,6,7,1,True,2,0,,0,-9,0.8064516129032259,0.7575757575757576,2023-05-13
220441,624,8185,6,0,4,7,8,1,3,True,2,0,-2.0,9,1,0.4608294930875576,0.425531914893617,2023-06-17
183803,188,2,7,0,8,1,3,6,4,True,2,0,-4.0,6,-1,0.495049504950495,0.4761904761904761,2023-04-30
183951,474,2593,5,0,7,8,6,4,3,False,0,2,-2.0,-2,9,0.2366412213740458,0.2248062015503876,2023-04-13
151884,6199,8185,7,5,1,3,0,4,2,False,0,2,,1,6,0.1304347826086955,0.1304347826086955,2022-10-16
314629,2,2359,8,9,2,0,5,6,1,False,0,2,-2.0,5,1,0.7183098591549295,0.6774193548387097,2024-04-13
307573,11058,7386,5,0,6,1,8,9,2,False,1,2,,1,-1,0.3421052631578947,0.3150684931506849,2024-02-26
85526,6961,474,1,3,8,2,5,4,0,True,2,1,,12,1,0.5714285714285714,0.4291845493562232,2022-04-14
318931,2059,12694,0,6,1,8,5,9,2,False,0,2,3.0,0,-5,0.7584541062801933,0.7142857142857143,2024-04-24
314314,918,8304,1,9,8,0,2,5,6,False,1,2,2.0,-6,-3,0.2592592592592593,0.1999999999999999,2024-04-15
51274,474,2,3,4,5,0,2,1,8,True,2,1,,9,0,0.5847953216374269,0.5102040816326531,2021-12-04
184485,878,8185,1,0,6,3,8,4,7,False,1,2,,-1,9,0.0566037735849057,0.0384615384615385,2023-04-30
318926,397,1001,6,1,0,2,8,9,5,True,2,0,1.0,0,-3,0.2358490566037735,0.2272727272727272,2024-04-18
161211,120,1184,0,5,3,2,4,1,7,True,2,0,,-1,-4,0.8620689655172414,0.8620689655172414,2022-12-09
286642,2,624,6,8,1,0,9,2,4,True,2,1,,7,2,0.4694835680751174,0.3703703703703703,2023-12-05
173221,7035,2059,7,5,4,0,8,3,6,False,0,2,-2.0,1,0,0.5121951219512195,0.4594594594594595,2023-03-30
183800,1034,2355,8,3,5,6,4,0,7,True,2,0,,-3,-7,0.7751937984496123,0.7518796992481203,2023-04-25
318928,474,14419,8,9,2,1,6,5,0,True,2,1,1.0,-4,-3,0.7042253521126761,0.6756756756756757,2024-04-19
161204,474,1184,4,0,3,2,5,1,7,True,2,0,1.0,-2,-1,0.6993006993006994,0.6993006993006994,2022-12-09
183949,4915,1001,5,8,3,4,7,6,0,True,2,1,,0,-6,0.8849557522123894,0.8620689655172414,2023-04-12
51276,2,2355,1,2,5,0,3,4,8,False,1,2,,-3,1,0.8293515358361775,0.8148148148148149,2021-12-06
123325,1034,120,3,4,8,2,5,1,0,False,1,2,-1.0,1,-2,0.46524064171123,0.46524064171123,2022-08-05
183786,1034,7386,6,3,0,4,5,7,8,False,1,2,,2,-2,0.7920997920997921,0.7429305912596401,2023-04-15
318936,397,14419,5,0,6,2,1,9,8,False,0,2,-4.0,1,-6,0.6710526315789473,0.5867768595041323,2024-05-01
283063,397,1184,8,2,1,9,0,6,4,True,2,0,-6.0,-2,4,0.211864406779661,0.211864406779661,2023-10-29
341816,2593,474,2,8,9,1,0,5,6,True,2,1,2.0,2,-2,0.7407407407407407,0.7142857142857143,2024-05-08
99067,6961,2406,1,5,3,4,0,2,8,True,2,0,,4,-1,0.9009009009009008,0.9009009009009008,2022-05-14
167365,2059,918,5,3,0,4,7,8,6,True,2,1,,1,-1,0.8264462809917356,0.8264462809917356,2023-02-23
173223,1001,8877,0,7,3,4,8,5,6,True,2,0,,-6,-1,0.4566210045662101,0.3937007874015747,2023-03-31
184041,397,2059,8,3,7,5,0,4,6,True,2,0,,-8,1,0.2638522427440633,0.2173913043478261,2023-04-21
312776,2,6961,6,1,2,0,5,8,9,True,2,1,-2.0,4,3,0.6060606060606061,0.5988023952095809,2024-03-21
123042,6387,6199,3,2,4,8,1,5,0,True,2,0,2.0,3,1,0.6578947368421053,0.6578947368421053,2022-08-04
184515,8185,6199,6,0,7,3,8,4,1,True,2,1,0.0,4,3,0.8695652173913044,0.8333333333333334,2023-05-20
303087,5248,6961,1,8,2,6,5,0,9,False,1,2,1.0,6,4,0.1666666666666666,0.1228070175438595,2024-03-02
295612,6961,2359,9,6,2,5,1,8,0,True,2,1,4.0,2,9,0.625,0.6172839506172839,2024-02-23
112602,474,397,8,1,3,4,0,5,2,True,2,0,5.0,0,-3,0.8130081300813008,0.8130081300813008,2022-08-08
99691,188,5248,1,2,0,4,3,5,8,True,2,0,2.0,-1,4,0.9009009009009008,0.9009009009009008,2022-05-15
167374,4915,2359,4,5,8,6,3,0,7,True,2,0,,8,9,0.6993006993006994,0.6756756756756757,2023-02-27
314322,17,5448,2,5,9,1,8,0,6,True,2,0,-1.0,1,-3,0.9259259259259258,0.8849557522123894,2024-04-22
312766,17,6961,9,1,6,8,2,5,0,True,2,1,-2.0,8,2,0.4081632653061224,0.4,2024-03-14
296739,5448,918,2,8,5,0,6,1,9,True,2,0,3.0,2,-4,0.7407407407407407,0.7092198581560284,2024-02-21
184486,8304,624,1,0,4,6,7,8,3,False,1,2,,-5,2,0.1666666666666666,0.1596638655462184,2023-05-01
184467,878,278,5,8,6,3,7,4,0,True,2,0,,-7,-7,0.4273504273504274,0.4098360655737705,2023-04-08
278616,188,8185,1,2,9,4,0,8,6,True,2,1,1.0,4,1,0.4761904761904761,0.4184100418410041,2023-10-08
237271,5448,6199,4,1,8,7,3,6,0,True,2,0,-1.0,-2,4,0.4166666666666667,0.3921568627450981,2023-07-21
341822,8877,1184,0,8,2,1,5,9,6,False,0,2,-2.0,-1,2,0.5348837209302326,0.4594594594594595,2024-05-10
314631,1034,2406,5,6,9,0,2,8,1,True,2,0,5.0,3,-8,0.9615384615384616,0.9259259259259258,2024-04-14
85531,5448,474,1,5,0,2,4,3,8,True,2,1,,1,2,0.2450980392156862,0.2450980392156862,2022-04-16
184482,14,278,1,7,4,0,8,6,3,True,2,1,,1,-9,0.9259259259259258,0.9174311926605504,2023-04-29
123332,120,2,5,8,1,0,2,3,4,True,2,1,-9.0,-2,-5,0.5617977528089888,0.5617977528089888,2022-08-11
161203,120,1001,1,5,2,7,0,4,3,True,2,1,,3,1,0.7299270072992701,0.7299270072992701,2022-12-09
106458,6199,6387,1,0,8,3,4,5,2,False,0,2,,5,3,0.6047430830039525,0.6047430830039525,2022-06-16
220293,1034,14,3,0,8,4,1,6,7,True,2,1,,3,1,0.8695652173913044,0.1949317738791423,2023-06-12
220290,1034,4915,4,1,3,7,0,6,8,True,2,1,,1,-2,0.5649717514124294,0.5494505494505494,2023-06-11
232730,2,120,0,3,4,6,7,8,1,True,2,1,6.0,1,-3,0.7194244604316548,0.6578947368421053,2023-07-16
161213,2059,1001,1,0,2,5,7,4,3,True,2,0,2.0,1,-1,0.6289308176100629,0.6289308176100629,2022-12-10
297414,2059,2593,5,2,9,8,0,6,1,False,0,2,-4.0,3,4,0.8275862068965517,0.0825688073394496,2024-02-23
184058,1001,2059,7,1,8,3,4,6,0,False,0,2,-4.0,-3,-5,0.2857142857142857,0.2248062015503876,2023-05-18
296732,8185,8304,6,9,1,5,8,0,2,True,2,0,6.0,-3,1,0.8333333333333334,0.7936507936507936,2024-02-20
337408,120,6961,6,2,8,9,1,5,0,True,2,0,-2.0,3,-1,0.5208333333333334,0.4366812227074236,2024-05-08
318918,8877,1184,0,5,9,8,6,1,2,False,1,2,-1.0,3,2,0.5815899581589958,0.5454545454545454,2024-04-10
183783,5248,120,7,8,6,0,5,4,3,False,0,2,-4.0,-2,2,0.3006993006993006,0.2307692307692308,2023-04-10
314632,188,5248,2,5,1,0,6,9,8,True,2,1,4.0,-4,2,0.7352941176470588,0.6756756756756757,2024-04-15
112324,624,2593,2,3,5,8,0,1,4,True,2,0,,9,9,0.3846153846153846,0.3846153846153846,2022-07-17
248280,8185,2593,6,3,7,0,4,1,8,False,1,2,0.0,0,7,0.1150442477876105,0.0990990990990992,2023-08-20
297255,17,5448,2,8,1,9,0,5,6,True,2,0,-3.0,1,0,0.6578947368421053,0.4694835680751174,2024-02-22
337407,188,11058,2,8,9,5,6,0,1,False,0,2,,3,-1,0.5815899581589958,0.5215311004784688,2024-05-08
247102,4915,8185,4,0,7,3,1,8,6,False,1,2,,1,-4,0.4382022471910112,0.3939393939393939,2023-08-07
161202,2059,2355,1,0,3,5,7,4,2,True,2,0,,2,-2,0.6896551724137931,0.6896551724137931,2022-12-09
314324,918,624,1,6,2,0,5,9,8,False,0,2,-4.0,-4,1,0.0566037735849057,0.0476190476190476,2024-04-23
314648,2355,120,6,5,1,0,9,2,8,True,2,1,-1.0,5,0,0.5405405405405405,0.4830917874396135,2024-04-29
329909,17,14,6,1,5,8,0,9,2,False,1,2,-5.0,1,2,0.7134670487106017,0.6742671009771987,2024-05-04
159139,8304,5448,3,1,7,2,0,5,4,True,2,0,,3,-3,0.5128205128205129,0.5128205128205129,2022-11-26
314330,17,878,9,6,5,1,2,0,8,False,1,2,5.0,4,-2,0.8161764705882353,0.6978851963746224,2024-04-29
247090,1184,14,3,0,8,6,7,1,4,True,2,0,2.0,-2,-2,0.8,0.7462686567164178,2023-08-12
184061,397,1184,6,3,0,1,4,7,8,False,0,2,-6.0,1,-2,0.3548387096774194,0.2957746478873239,2023-05-19
85525,624,8185,3,8,2,5,4,1,0,False,1,2,-4.0,8,10,0.736842105263158,0.2537313432835821,2022-04-15
248270,2593,6961,7,4,3,1,6,0,8,False,0,2,1.0,10,-2,0.8,0.7493734335839599,2023-08-16
183779,188,6961,5,6,3,4,8,0,7,False,1,2,,2,4,0.1735537190082644,0.1525423728813558,2023-04-08
314311,6199,5448,2,8,1,0,6,5,9,True,2,1,-1.0,0,-2,0.5649717514124294,0.5617977528089888,2024-04-14
297408,4915,474,9,1,5,6,8,2,0,True,2,0,-1.0,3,4,0.6329113924050632,0.625,2024-02-23
237267,878,918,6,7,4,3,0,8,1,True,2,0,3.0,-2,-1,0.5263157894736842,0.5050505050505051,2023-07-19
189054,6961,5248,4,6,7,8,3,0,1,True,2,1,1.0,5,5,0.819672131147541,0.7633587786259541,2023-05-26
184457,14,918,3,0,8,5,7,4,6,True,2,1,,-1,-3,0.6622516556291391,0.6060606060606061,2023-03-25
297412,2059,12694,5,8,1,2,9,6,0,True,2,0,,0,3,0.7575757575757576,0.6666666666666666,2024-02-21
167366,1184,878,3,5,4,0,6,7,8,True,2,0,,-8,-1,0.6666666666666666,0.6578947368421053,2023-02-23
112605,474,4915,8,0,5,4,3,2,1,True,2,0,1.0,3,1,0.641025641025641,0.641025641025641,2022-08-10
167375,120,2593,0,8,7,4,3,5,6,False,0,2,-1.0,9,8,0.2647058823529412,0.2592592592592593,2023-02-27
184035,2359,6961,3,1,7,8,4,0,6,False,0,2,-2.0,0,3,0.2805755395683452,0.2481203007518797,2023-05-19
312777,17,624,9,1,5,2,6,8,0,True,2,0,-1.0,8,1,0.6060606060606061,0.5649717514124294,2024-03-21
112331,2593,2359,5,4,2,8,0,3,1,True,2,1,,6,6,0.0,1.0,2022-07-18
70064,188,5248,5,8,3,1,2,4,0,True,2,1,1.0,8,-4,0.9615384615384616,0.9615384615384616,2022-02-25
213197,2593,474,4,3,7,8,1,6,0,True,2,0,2.0,9,3,0.8620689655172414,0.819672131147541,2023-05-26
184489,5448,624,7,1,4,3,0,8,6,False,0,2,2.0,3,1,0.3103448275862068,0.2753623188405796,2023-05-06
314316,6387,5448,2,1,5,8,0,9,6,False,1,2,-1.0,-5,-2,0.3710691823899371,0.3506493506493506,2024-04-16
307565,7035,2059,5,8,6,0,2,9,1,False,0,2,-4.0,-3,-3,0.5,0.4565217391304348,2024-02-26
184044,7035,8877,3,7,8,5,6,0,4,False,1,2,,-6,-6,0.7058823529411764,0.5901639344262295,2023-04-27
184033,1034,5248,3,6,4,7,1,8,0,True,2,0,4.0,6,3,0.7692307692307692,0.7194244604316548,2023-05-18
76237,6387,624,3,1,0,4,5,8,2,False,0,2,-9.0,2,10,0.2647058823529412,0.2647058823529412,2022-03-26
167352,397,8185,3,5,6,8,0,7,4,False,1,2,,-2,8,0.1071428571428572,0.0909090909090909,2023-02-14
161207,474,120,3,1,5,7,0,4,2,False,1,2,,2,1,0.3464052287581699,0.3464052287581699,2022-12-09
314306,918,8185,5,8,1,9,6,0,2,False,0,2,-2.0,-3,2,0.0909090909090909,0.0740740740740741,2024-04-08
314635,188,6961,2,0,8,9,1,5,6,True,2,1,-1.0,-1,-1,0.4,0.3597122302158274,2024-04-20
314329,6387,8185,0,5,9,6,1,2,8,False,0,2,,-5,4,0.1228070175438595,0.0384615384615385,2024-04-29
296731,6199,8304,5,1,8,6,2,0,9,False,0,2,1.0,6,-2,0.6296296296296297,0.5918367346938775,2024-02-18
184048,1184,8877,7,6,3,1,0,4,8,True,2,0,,-1,-7,0.7246376811594204,0.6944444444444444,2023-05-04
173217,474,2059,7,0,5,8,4,3,6,False,1,2,1.0,-1,-3,0.6794871794871795,0.6062992125984252,2023-03-28
167350,17,6961,5,0,4,6,3,7,8,False,0,2,,-7,10,0.1379310344827585,0.1150442477876105,2023-02-15
220449,8185,1034,3,0,6,1,4,7,8,False,0,2,,-2,-1,0.3150684931506849,0.2857142857142857,2023-06-18
314642,11058,2359,8,0,9,1,2,5,6,False,1,2,,2,1,0.1666666666666666,0.1452991452991452,2024-04-24
318925,8877,4915,0,5,2,6,9,1,8,False,1,2,-3.0,0,4,0.5283018867924529,0.5,2024-04-17
99714,1034,120,3,2,4,0,5,1,8,False,0,2,1.0,2,5,0.3243243243243243,0.3243243243243243,2022-06-05
184484,918,17,8,1,3,0,6,7,4,True,2,0,,-3,6,0.2358490566037735,0.2012072434607646,2023-04-30
184049,7035,397,3,6,4,8,0,7,1,False,1,2,,-5,-2,0.358974358974359,0.3377483443708609,2023-05-04
189058,188,1034,0,3,1,8,7,6,4,False,1,2,8.0,4,6,0.4047619047619047,0.3421052631578947,2023-05-26
237270,6199,17,1,3,8,7,0,4,6,True,2,0,-3.0,4,-2,0.6211180124223602,0.5952380952380952,2023-07-20
220447,2593,5248,7,0,1,4,6,3,8,True,2,1,,5,6,0.7142857142857143,0.6896551724137931,2023-06-20
183947,474,8877,3,5,7,4,8,0,6,True,2,0,,-2,-2,0.8547008547008548,0.7575757575757576,2023-04-07
281031,188,2406,9,1,8,4,2,6,0,False,0,2,3.0,0,5,0.646643109540636,0.6389891696750902,2023-11-12
213195,2593,1184,7,0,3,4,1,8,6,True,2,1,2.0,10,2,0.9433962264150942,0.9174311926605504,2023-05-24
184516,624,14,4,7,8,0,3,6,1,True,2,0,2.0,8,3,0.8695652173913044,0.8264462809917356,2023-05-20
167362,474,6199,4,8,0,7,3,5,6,False,0,2,,-1,-2,0.8148148148148149,0.8148148148148149,2023-02-22
173220,474,1184,7,5,3,4,8,6,0,True,2,1,3.0,-4,-1,0.7092198581560284,0.6134969325153374,2023-03-30
99580,397,474,1,0,2,4,3,8,5,False,0,2,-3.0,0,3,0.2424242424242424,0.2424242424242424,2022-05-20
183792,2359,7386,0,4,3,6,5,7,8,True,2,0,3.0,2,-3,0.7518796992481203,0.6944444444444444,2023-04-21
184045,1184,2593,7,8,3,0,5,6,4,False,0,2,,3,8,0.1071428571428572,0.0990990990990992,2023-04-28
104847,6387,878,3,2,1,5,8,0,4,True,2,1,,1,3,0.4504504504504504,0.4504504504504504,2022-06-11
123333,188,1034,3,0,8,1,5,2,4,True,2,0,7.0,3,3,0.5434782608695652,0.5434782608695652,2022-08-11
183778,2359,1034,0,4,3,5,6,7,8,True,2,0,,5,2,0.5,0.3891050583657587,2023-04-03
167354,1001,5248,6,3,5,8,7,0,4,False,0,2,,-5,1,0.3939393939393939,0.3670886075949368,2023-02-15
167353,188,624,0,4,5,8,7,6,3,True,2,0,,2,4,0.6211180124223602,0.6211180124223602,2023-02-14
130621,624,474,3,1,2,5,4,7,0,False,1,2,,1,2,0.4949494949494949,0.4949494949494949,2022-09-07
318929,2593,7035,9,8,6,0,1,5,2,True,2,0,2.0,1,-7,0.9523809523809524,0.9433962264150942,2024-04-19
296749,17,878,0,9,1,8,6,2,5,True,2,1,4.0,-2,-3,0.7246376811594204,0.3257328990228013,2024-02-21
189052,6961,2406,6,3,7,8,4,0,1,True,2,0,4.0,4,0,0.8547008547008548,0.8264462809917356,2023-05-24
282936,2,11058,1,8,6,0,4,9,2,True,2,0,1.0,-2,-5,0.5464480874316939,0.5263157894736842,2023-11-02
318940,474,12694,2,8,1,0,6,5,9,True,2,0,,-2,-1,0.6666666666666666,0.5780346820809249,2024-05-03
248282,2593,6961,7,6,3,1,8,0,4,False,1,2,-1.0,5,5,0.5867768595041323,0.574468085106383,2023-08-24
184047,2059,2593,3,0,7,8,1,4,6,False,0,2,-2.0,-2,9,0.1071428571428572,0.0740740740740741,2023-05-03
314317,17,8185,6,2,9,5,1,0,8,False,1,2,0.0,3,5,0.6415770609318996,0.54337899543379,2024-04-20
85535,5448,624,0,1,3,2,5,4,8,True,2,1,,3,6,0.5208333333333334,0.5208333333333334,2022-04-22
183775,2355,2406,6,3,5,7,0,8,4,False,0,2,4.0,-2,0,0.375,0.3006993006993006,2023-04-01
314624,11058,5248,1,8,9,0,5,6,2,True,2,0,-2.0,1,3,0.5988023952095809,0.5617977528089888,2024-04-07
184497,8304,878,6,7,3,1,8,0,4,False,1,2,,-1,3,0.574468085106383,0.5515695067264574,2023-05-14
184477,624,918,3,6,4,0,8,5,7,True,2,1,3.0,-1,-3,0.8333333333333334,0.7518796992481203,2023-04-22
184498,5448,17,1,8,7,6,0,4,3,True,2,1,2.0,-2,-5,0.5747126436781609,0.5208333333333334,2023-05-14
161208,1001,1184,3,4,2,7,1,0,5,True,2,0,,-1,-1,0.7299270072992701,0.7299270072992701,2022-12-09
167372,1184,120,0,8,3,7,4,6,5,False,1,2,-2.0,-5,9,0.1228070175438595,0.0740740740740741,2023-02-26
318937,8877,1001,9,0,8,2,5,6,1,False,1,2,-1.0,3,0,0.4475138121546961,0.4117647058823529,2024-05-01
89216,624,6387,3,4,0,8,5,1,2,True,2,1,11.0,4,2,0.8620689655172414,0.8620689655172414,2022-05-14
220298,8185,5248,6,8,1,4,0,3,7,False,0,2,,1,2,0.6124031007751938,0.3197278911564626,2023-06-12
248275,8185,5248,0,7,4,1,6,3,8,False,0,2,-2.0,0,3,0.3506493506493506,0.3150684931506849,2023-08-19
318927,2059,1184,1,8,2,6,5,0,9,True,2,1,-4.0,0,1,0.3311258278145695,0.3067484662576687,2024-04-18
184501,8304,278,4,7,0,8,1,6,3,True,2,0,,0,-9,0.78125,0.7692307692307692,2023-05-16
189050,2359,2406,6,3,4,8,0,7,1,False,1,2,-1.0,-4,-3,0.4845360824742267,0.4818652849740932,2023-05-23
303093,1001,4915,6,5,0,1,2,9,8,True,2,0,-1.0,1,6,0.2906976744186046,0.2857142857142857,2024-02-29
289451,1184,17,2,8,9,1,0,4,6,True,2,1,,1,-1,0.8695652173913044,0.8547008547008548,2023-12-16
314321,14,8304,2,9,5,8,1,6,0,False,0,2,2.0,-4,-4,0.7109826589595376,0.673202614379085,2024-04-22
183944,2059,1184,7,0,3,8,4,6,5,False,0,2,1.0,0,0,0.6183206106870229,0.5833333333333333,2023-04-05
130679,2359,6961,3,2,7,1,4,5,0,False,0,2,,3,1,0.5391705069124424,0.5391705069124424,2022-09-09
297409,397,7035,9,2,6,0,1,8,5,False,0,2,1.0,3,-6,0.5594713656387665,0.5,2024-02-23
184492,8185,278,4,8,6,1,3,0,7,True,2,0,1.0,8,-8,0.99009900990099,0.9803921568627452,2023-05-08
314651,1034,120,5,9,6,2,8,1,0,False,0,2,0.0,3,0,0.6,0.5780590717299579,2024-05-04
312798,2,8877,9,2,5,0,6,8,1,True,2,0,,4,10,0.5405405405405405,0.5263157894736842,2024-03-16
184494,5448,14,7,0,8,4,3,6,1,False,1,2,,0,1,0.4186046511627906,0.4011976047904191,2023-05-12
281027,2406,188,6,1,8,4,2,9,0,False,1,2,-2.0,7,1,0.3288590604026845,0.2063492063492064,2023-11-10
123334,120,188,4,8,1,5,0,3,2,True,2,0,-2.0,-2,4,0.334448160535117,0.334448160535117,2022-08-12
51273,2,2406,1,3,5,8,0,2,4,True,2,1,,0,7,0.9803921568627452,0.9615384615384616,2021-12-02
103223,6199,878,3,2,5,4,8,0,1,True,2,0,0.0,5,7,0.7633587786259541,0.7633587786259541,2022-05-28
314310,14,8185,6,0,5,9,8,2,1,False,1,2,-5.0,-2,6,0.3103448275862068,0.2805755395683452,2024-04-13
183793,2355,120,7,6,5,4,8,0,3,False,1,2,,-8,-2,0.2857142857142857,0.2647058823529412,2023-04-22
337411,11058,120,6,5,9,2,1,0,8,False,1,2,-2.0,3,6,0.2592592592592593,0.2424242424242424,2024-05-10
159149,17,5448,3,4,1,2,7,5,0,False,0,2,,-3,-7,0.46524064171123,0.46524064171123,2022-11-26
314623,1034,6961,5,6,8,1,2,9,0,True,2,0,-2.0,3,0,0.6896551724137931,0.6666666666666666,2024-04-06
99593,4915,474,0,2,3,5,4,1,8,False,1,2,0.0,-4,1,0.2592592592592593,0.2592592592592593,2022-06-03
314305,6199,878,9,0,1,6,8,2,5,False,1,2,-1.0,3,-2,0.5,0.4871794871794871,2024-04-08
184038,7035,2593,7,8,1,4,6,0,3,False,0,2,,-8,9,0.0384615384615385,0.0196078431372549,2023-05-10
184520,14,17,7,1,8,4,0,3,6,True,2,0,2.0,-1,-5,0.7042253521126761,0.3731343283582089,2023-05-22
297256,14,624,5,6,2,1,0,8,9,False,0,2,-6.0,4,4,0.1999999999999999,0.1935483870967741,2024-02-24
220300,8185,1184,6,0,8,7,3,1,4,True,2,1,,-2,-1,0.7407407407407407,0.7142857142857143,2023-06-13
184488,8304,17,8,0,7,1,6,3,4,True,2,0,,-5,2,0.3623188405797102,0.3472222222222222,2023-05-06
184458,624,278,0,8,5,4,6,7,3,True,2,0,1.0,1,-6,0.9523809523809524,0.9433962264150942,2023-03-26
237272,878,17,8,7,1,3,4,6,0,False,1,2,-2.0,2,-3,0.54337899543379,0.5169082125603864,2023-07-21
161215,120,2059,1,5,0,2,7,3,4,True,2,0,,0,1,0.6289308176100629,0.6289308176100629,2022-12-10
220445,624,2593,7,3,4,0,6,1,8,False,0,2,2.0,9,5,0.1999999999999999,0.1525423728813558,2023-06-19
184456,5448,8185,3,5,6,8,7,0,4,False,0,2,-2.0,-1,3,0.1150442477876105,0.0909090909090909,2023-03-25
314320,6199,624,2,0,1,6,9,5,8,True,2,0,-2.0,-1,1,0.4273504273504274,0.2808988764044944,2024-04-21
130689,8185,2593,1,4,2,7,0,5,3,True,2,1,-1.0,2,2,0.5025125628140703,0.5025125628140703,2022-09-13
314637,1034,2359,5,6,0,8,9,1,2,False,0,2,-2.0,7,0,0.5780590717299579,0.5575221238938053,2024-04-21
314634,2,7386,8,5,2,0,1,6,9,True,2,0,4.0,2,1,0.9615384615384616,0.9433962264150942,2024-04-20
161212,1001,474,3,4,2,1,0,5,7,False,0,2,1.0,0,-1,0.4594594594594595,0.4594594594594595,2022-12-09
121827,1184,2059,3,1,5,2,0,4,8,False,0,2,,10,6,0.4708994708994708,0.4708994708994708,2022-08-02
130632,8185,2406,7,1,5,2,0,4,3,True,2,0,,1,3,0.8620689655172414,0.8620689655172414,2022-09-02
184466,918,8185,6,3,0,5,4,8,7,False,0,2,,-5,4,0.0476190476190476,0.0291262135922329,2023-04-03
184514,14,17,7,1,8,4,0,3,6,True,2,1,-1.0,4,-8,0.7299270072992701,0.7042253521126761,2023-05-19
220451,474,1034,7,1,3,6,0,4,8,False,1,2,,2,-1,0.5515695067264574,0.5238095238095238,2023-06-19
183946,2593,1001,7,8,4,6,5,0,3,True,2,0,,9,-6,0.9433962264150942,0.9174311926605504,2023-04-06
296745,17,878,0,6,1,2,5,8,9,True,2,1,3.0,-3,-1,0.7692307692307692,0.7407407407407407,2024-02-17
184479,14,878,6,5,8,0,4,3,7,True,2,0,,-3,-1,0.5494505494505494,0.5405405405405405,2023-04-23
297407,474,7035,9,2,6,0,5,1,8,True,2,0,1.0,0,-3,0.8064516129032259,0.7575757575757576,2024-02-21
307564,8877,7035,2,0,6,8,9,1,5,True,2,0,1.0,3,-2,0.5555555555555556,0.4464285714285714,2024-02-26
281028,2359,188,2,0,9,1,8,4,6,True,2,0,-2.0,4,3,0.6578947368421053,0.5464480874316939,2023-11-11
248271,624,1184,3,1,4,6,0,7,8,True,2,0,,5,2,0.8928571428571428,0.8771929824561404,2023-08-16
106914,624,6387,1,2,5,4,8,3,0,True,2,1,10.0,10,7,0.0,1.0,2022-06-23
318941,397,1184,6,8,9,2,5,1,0,False,0,2,-6.0,1,3,0.3288590604026845,0.2857142857142857,2024-05-03
183788,5248,2355,5,8,4,6,7,0,3,True,2,1,,-5,-5,0.4566210045662101,0.4347826086956522,2023-04-16
248274,6961,624,3,1,4,0,6,8,7,False,1,2,,2,6,0.5,0.4011976047904191,2023-08-19
295606,188,7386,5,9,0,2,8,1,6,True,2,1,2.0,-7,4,0.8928571428571428,0.8547008547008548,2024-02-16
232732,188,2,1,0,4,6,3,7,8,True,2,1,-1.0,1,0,0.6172839506172839,0.5813953488372093,2023-07-17
184470,8304,8185,6,5,4,3,7,8,0,False,0,2,-4.0,0,5,0.7995991983967936,0.0825688073394496,2023-04-09
183796,7386,2,0,4,5,8,3,7,6,False,0,2,,-3,-5,0.3243243243243243,0.3103448275862068,2023-04-23
237268,17,8304,3,6,1,0,8,7,4,True,2,1,-2.0,-5,4,0.4761904761904761,0.4524886877828054,2023-07-19
157703,1001,6387,3,0,7,4,5,1,2,True,2,0,,7,4,0.6211180124223602,0.6211180124223602,2022-11-19
51272,2355,474,3,1,2,5,0,4,8,False,0,2,-2.0,2,8,0.0990990990990992,0.0566037735849057,2021-12-02
232736,2,2359,0,6,4,1,3,8,7,False,0,2,-1.0,1,-8,0.6815286624203822,0.6309963099630996,2023-07-18
341819,1184,1001,2,1,0,5,8,6,9,False,0,2,-1.0,6,2,0.5169082125603864,0.4974874371859297,2024-05-09
130623,5448,6961,2,5,4,7,3,0,1,False,0,2,,5,6,0.2125984251968504,0.2125984251968504,2022-09-01
289450,2406,2059,1,8,9,4,6,2,0,False,0,2,,1,1,0.5454545454545454,0.5145631067961165,2023-12-15
312802,8877,624,9,2,5,8,6,1,0,False,1,2,,6,1,0.4949494949494949,0.4594594594594595,2024-03-18
314626,2355,2406,8,9,1,0,6,5,2,True,2,1,1.0,-8,-10,0.6329113924050632,0.6060606060606061,2024-04-08
318922,2593,14419,6,0,9,5,1,2,8,True,2,1,2.0,1,0,0.8620689655172414,0.8333333333333334,2024-04-12
314641,1034,7386,0,6,5,1,8,2,9,True,2,0,-1.0,3,-3,0.9523809523809524,0.9433962264150942,2024-04-23
184481,5448,8304,5,7,6,3,0,4,8,False,0,2,-2.0,0,-8,0.7142857142857143,0.6805111821086263,2023-04-24
297404,1184,14419,1,6,2,0,8,5,9,True,2,1,-2.0,2,3,0.6172839506172839,0.591715976331361,2024-02-22
341820,2593,1001,9,1,0,5,2,6,8,False,0,2,0.0,2,5,0.453551912568306,0.4382022471910112,2024-05-10
184461,5448,878,7,8,3,5,0,4,6,True,2,1,,-5,-5,0.8928571428571428,0.7575757575757576,2023-04-01
213201,4915,1184,4,8,7,1,3,6,0,False,0,2,2.0,2,2,0.7549019607843137,0.180327868852459,2023-05-26
112322,2359,8185,8,1,3,5,2,0,4,False,1,2,,7,10,0.1304347826086955,0.1304347826086955,2022-07-15
167373,2593,2406,6,3,7,8,0,4,5,True,2,0,1.0,8,-1,0.8547008547008548,0.7936507936507936,2023-02-26
295608,2406,7386,5,1,0,9,8,2,6,False,0,2,2.0,-6,2,0.5918367346938775,0.5780590717299579,2024-02-19
283100,2593,8185,9,8,4,6,0,2,1,True,2,0,1.0,4,2,0.8620689655172414,0.7407407407407407,2023-11-04
314323,6199,278,5,0,1,8,6,2,9,True,2,1,4.0,2,-6,0.7633587786259541,0.7194244604316548,2024-04-23
318939,4915,2593,5,6,9,8,0,2,1,True,2,1,-5.0,1,1,0.5291005291005292,0.5181347150259068,2024-05-02
183791,6961,2,5,8,3,6,4,7,0,True,2,1,,4,-6,0.9009009009009008,0.8403361344537815,2023-04-21
184478,17,8185,6,8,5,0,3,4,7,False,1,2,-1.0,5,7,0.2063492063492064,0.1666666666666666,2023-04-22
51275,2355,2406,1,8,5,2,0,3,4,True,2,1,,2,7,0.6666666666666666,0.4032258064516129,2021-12-05
314653,188,7386,6,1,2,0,9,5,8,True,2,0,1.0,2,-7,0.8333333333333334,0.819672131147541,2024-05-05
161216,188,2355,2,5,3,7,4,1,0,True,2,0,2.0,3,-2,0.8849557522123894,0.8849557522123894,2022-12-11
295607,1034,188,1,5,8,2,0,9,6,True,2,0,-5.0,-1,-4,0.819672131147541,0.7692307692307692,2024-02-23
281026,2355,2359,9,8,4,1,2,6,0,False,0,2,-2.0,-2,0,0.1304347826086955,0.0476190476190476,2023-11-10
295619,11058,2355,1,2,6,0,8,9,5,True,2,0,1.0,-3,-8,0.7246376811594204,0.4132231404958678,2024-02-25
130636,120,2593,5,3,4,2,0,1,7,False,0,2,1.0,7,-2,0.453551912568306,0.453551912568306,2022-09-08
312778,17,2,9,1,5,0,6,8,2,True,2,1,0.0,8,6,0.5235602094240838,0.4524886877828054,2024-03-22
184519,8185,624,6,0,4,8,1,3,7,False,0,2,7.0,4,9,0.646643109540636,0.6428571428571428,2023-05-22
69000,4915,474,5,0,2,3,1,4,8,False,1,2,1.0,10,1,0.2424242424242424,0.2424242424242424,2022-02-20
286649,474,14,9,8,4,1,6,2,0,False,1,2,,-5,0,0.6710526315789473,0.6441281138790036,2023-12-08
318915,2593,1001,9,8,0,2,5,6,1,False,0,2,2.0,4,0,0.75669099756691,0.6875,2024-04-04
130619,624,2359,3,5,0,2,4,1,7,False,0,2,,5,4,0.6441281138790036,0.6441281138790036,2022-09-01
303088,1034,2,1,6,2,5,0,9,8,False,1,2,0.0,2,1,0.6197718631178707,0.6,2024-03-02
318932,2593,1184,2,5,9,0,8,6,1,False,0,2,5.0,1,2,0.6551724137931034,0.6168582375478927,2024-04-25
184460,878,17,8,7,5,0,6,3,4,False,0,2,,-2,-7,0.1379310344827585,0.0825688073394496,2023-03-27
232734,188,2355,1,8,3,6,7,0,4,False,1,2,5.0,0,2,0.6805111821086263,0.6428571428571428,2023-07-18
183804,2359,5248,3,6,1,4,7,8,0,False,1,2,,3,-5,0.7206703910614525,0.7050147492625369,2023-04-30
314628,11058,120,6,2,9,0,1,8,5,False,0,2,,2,-7,0.4680851063829787,0.4382022471910112,2024-04-13
184502,878,624,6,8,4,0,1,7,3,False,0,2,,2,4,0.2248062015503876,0.1596638655462184,2023-05-16
183815,1034,6961,0,6,1,3,7,8,4,True,2,0,-1.0,3,7,0.4329004329004329,0.3891050583657587,2023-05-14
314644,11058,7386,6,0,9,2,1,5,8,True,2,0,-1.0,2,-7,0.7462686567164178,0.7407407407407407,2024-04-27
235364,397,8877,0,8,7,3,6,4,1,False,1,2,-2.0,1,-7,0.5918367346938775,0.5594713656387665,2023-07-19
123331,5248,1034,3,0,4,2,5,1,8,False,0,2,-2.0,-4,2,0.453551912568306,0.453551912568306,2022-08-07
184465,17,278,5,0,8,4,6,3,7,True,2,1,,-4,-7,0.9259259259259258,0.8695652173913044,2023-04-02
314630,2355,7386,6,8,1,2,9,5,0,True,2,0,1.0,-6,2,0.5617977528089888,0.495049504950495,2024-04-14
296735,14,6387,0,9,5,1,2,6,8,True,2,0,,-1,3,0.6172839506172839,0.6097560975609756,2024-02-17
297402,14419,8877,0,2,1,5,8,9,6,False,1,2,4.0,6,-2,0.6978851963746224,0.6551724137931034,2024-02-20
307567,8877,2059,2,1,5,8,9,0,6,True,2,0,-5.0,0,1,0.4504504504504504,0.4347826086956522,2024-02-26
189057,2406,1034,0,3,6,7,1,4,8,False,0,2,-1.0,-4,6,0.3464052287581699,0.3055555555555556,2023-05-25
286644,2,8185,9,4,6,0,8,1,2,True,2,0,,7,1,0.6622516556291391,0.6289308176100629,2023-12-07
283098,8185,120,4,1,9,8,6,0,2,True,2,0,2.0,1,-1,0.78125,0.6944444444444444,2023-11-04
318930,474,1001,2,5,8,0,1,9,6,False,0,2,3.0,-1,-3,0.4708994708994708,0.4444444444444444,2024-04-24
318921,397,7035,1,9,8,6,5,2,0,True,2,0,-1.0,-3,-3,0.4444444444444444,0.425531914893617,2024-04-11
295615,2355,11058,1,2,6,8,9,5,0,False,1,2,,-9,-4,0.2481203007518797,0.2307692307692308,2024-02-18
329910,8185,624,9,8,2,5,0,6,1,False,1,2,-5.0,8,4,0.4565217391304348,0.4252873563218391,2024-05-04
296737,14,5448,2,8,5,1,0,6,9,True,2,1,2.0,2,2,0.7633587786259541,0.6756756756756757,2024-02-19
184518,6199,17,3,6,7,1,0,4,8,False,1,2,-2.0,3,-8,0.2957746478873239,0.2957746478873239,2023-05-21
183789,6961,2406,7,6,3,4,5,8,0,True,2,0,2.0,3,2,0.7352941176470588,0.7042253521126761,2023-04-17
220453,1034,624,3,0,4,8,7,6,1,False,1,2,,3,4,0.6644295302013423,0.6,2023-06-21
303094,2593,8877,0,2,9,5,8,6,1,False,0,2,2.0,7,4,0.8412698412698413,0.8319327731092437,2024-02-29
213200,1184,2059,7,1,3,0,8,4,6,True,2,1,1.0,3,-4,0.6060606060606061,0.5464480874316939,2023-05-25
159029,4915,2059,1,5,4,0,7,2,3,True,2,0,,0,6,0.9090909090909092,0.9090909090909092,2022-11-27
295613,2,120,9,2,5,0,6,1,8,True,2,1,5.0,5,-5,0.7299270072992701,0.7142857142857143,2024-02-19
314302,6199,8185,5,0,1,8,6,9,2,False,0,2,-1.0,3,-2,0.3670886075949368,0.3464052287581699,2024-04-06
183953,2059,8877,4,5,7,3,0,8,6,True,2,0,3.0,0,-3,0.8403361344537815,0.7936507936507936,2023-04-14
307572,7386,2,1,6,2,5,0,8,9,False,0,2,-2.0,3,4,0.2307692307692308,0.180327868852459,2024-02-26
184476,8304,918,7,6,3,0,5,8,4,False,0,2,,-4,-7,0.5670995670995671,0.5348837209302326,2023-04-17
99614,6199,878,2,4,3,5,8,1,0,True,2,1,-1.0,5,4,0.6493506493506493,0.6493506493506493,2022-05-14
232729,7386,2355,8,7,3,4,6,1,0,False,0,2,1.0,-7,-8,0.3939393939393939,0.3827160493827161,2023-07-15
314640,2,5248,8,5,2,0,1,6,9,False,1,2,-2.0,5,-4,0.8839907192575406,0.8571428571428572,2024-04-23
295609,188,7386,5,6,8,2,0,1,9,False,0,2,3.0,-4,3,0.6336996336996337,0.6212121212121212,2024-02-25
307574,2,11058,6,1,5,0,2,9,8,False,1,2,3.0,5,-2,0.696969696969697,0.6710526315789473,2024-02-26
157704,624,6199,3,1,4,2,5,7,0,True,2,1,2.0,-2,0,0.8695652173913044,0.8695652173913044,2022-11-19
183809,6961,120,7,1,3,6,8,0,4,True,2,0,,6,0,0.819672131147541,0.7692307692307692,2023-05-07
184459,6199,8304,4,8,7,6,0,5,3,True,2,1,,1,2,0.4081632653061224,0.3846153846153846,2023-03-26
318920,474,4915,2,1,9,5,6,8,0,False,1,2,-2.0,-1,4,0.2537313432835821,0.21875,2024-04-11
297401,1184,1001,2,9,0,8,1,6,5,False,0,2,1.0,5,-3,0.8734177215189873,0.8310810810810811,2024-02-20
184499,14,8185,6,3,8,4,7,1,0,False,0,2,,4,4,0.1228070175438595,0.1150442477876105,2023-05-15
99720,188,2,1,2,8,3,0,4,5,True,2,0,-8.0,-6,-5,0.7299270072992701,0.7299270072992701,2022-06-12
312780,624,6961,8,6,5,2,0,9,1,True,2,0,1.0,-3,1,0.6451612903225806,0.423728813559322,2024-03-22
281030,2355,2406,0,6,4,1,2,9,8,False,0,2,3.0,-5,4,0.3243243243243243,0.1935483870967741,2023-11-11
220444,6961,5248,1,4,7,8,3,0,6,False,0,2,2.0,6,3,0.7032640949554896,0.6610169491525424,2023-06-15
237269,5448,878,6,3,1,7,4,8,0,True,2,1,1.0,-5,2,0.6172839506172839,0.5780346820809249,2023-07-20
318934,2059,14419,1,5,0,8,6,2,9,True,2,1,-1.0,0,-6,0.7042253521126761,0.6802721088435374,2024-04-26
235371,4915,8877,8,3,4,1,6,0,7,True,2,1,2.0,-5,-7,0.8928571428571428,0.8064516129032259,2023-07-21
184034,188,2355,7,1,3,4,6,0,8,True,2,1,4.0,9,-8,0.9803921568627452,0.9615384615384616,2023-05-19
296738,6387,918,6,2,0,1,9,5,8,False,1,2,2.0,0,-7,0.7844827586206896,0.736842105263158,2024-02-19
112283,6961,2355,8,0,1,2,4,3,5,False,1,2,,12,6,0.7695852534562212,0.7695852534562212,2022-07-10
295611,2359,120,2,9,6,0,1,8,5,True,2,1,-1.0,6,-5,0.9090909090909092,0.8620689655172414,2024-02-17
235363,1001,7035,1,6,0,8,3,7,4,False,1,2,2.0,-4,-4,0.408284023668639,0.3939393939393939,2023-07-19
337410,2359,120,6,2,8,0,1,9,5,False,1,2,0.0,5,7,0.5555555555555556,0.5348837209302326,2024-05-09
341818,8877,2593,0,5,9,8,1,2,6,False,0,2,0.0,0,2,0.4923857868020305,0.4708994708994708,2024-05-09
167360,1034,6961,0,5,4,6,8,7,3,False,1,2,,2,10,0.4818652849740932,0.4818652849740932,2023-02-19
286646,8185,624,9,8,1,4,2,6,0,False,0,2,-2.0,-2,1,0.4219653179190751,0.3055555555555556,2023-12-07
167358,8185,188,6,8,3,0,4,7,5,True,2,1,-1.0,7,5,0.4524886877828054,0.4524886877828054,2023-02-18
314646,188,2406,9,5,2,8,0,6,1,True,2,1,1.0,-1,-9,0.8928571428571428,0.8771929824561404,2024-04-28
183799,188,2406,6,8,5,4,0,3,7,True,2,0,,3,0,0.5780346820809249,0.5050505050505051,2023-04-25
167364,5448,2359,5,6,8,3,7,0,4,False,0,2,,-1,4,0.3055555555555556,0.2753623188405796,2023-02-22
183814,2355,2,3,8,0,4,1,6,7,False,0,2,1.0,-7,-4,0.2248062015503876,0.2125984251968504,2023-05-14
314639,188,120,6,8,2,9,1,0,5,False,0,2,0.0,-1,-3,0.4594594594594595,0.4565217391304348,2024-04-22
247101,8185,6961,1,7,3,4,8,6,0,True,2,1,-3.0,-3,2,0.4524886877828054,0.4081632653061224,2023-08-06
183774,2,120,7,6,4,5,8,3,0,True,2,1,6.0,-4,5,0.495049504950495,0.4761904761904761,2023-04-01
295617,11058,5248,1,0,6,2,5,9,8,False,0,2,,-2,5,0.6666666666666667,0.2592592592592593,2024-02-24
297410,474,7035,2,1,6,0,5,9,8,False,1,2,3.0,0,-6,0.6655518394648829,0.6,2024-02-25
297405,8877,1184,0,5,2,8,1,6,9,True,2,1,-2.0,-2,4,0.3861003861003861,0.3448275862068966,2024-02-25
314313,17,278,1,5,9,0,8,6,2,True,2,0,1.0,3,-5,0.9615384615384616,0.8928571428571428,2024-04-15
314307,17,8304,2,8,9,5,0,6,1,True,2,0,-1.0,4,-3,0.9259259259259258,0.8547008547008548,2024-04-09
184046,2059,4915,7,5,4,6,8,3,0,False,0,2,-2.0,1,4,0.3243243243243243,0.2805755395683452,2023-04-28
314647,1034,5248,5,1,2,8,0,6,9,False,1,2,6.0,3,-5,0.7416020671834626,0.732620320855615,2024-04-28
318911,8877,14419,0,5,6,8,9,2,1,True,2,0,-3.0,3,4,0.7633587786259541,0.7042253521126761,2024-04-03
107739,5248,1034,5,2,4,3,0,1,8,False,1,2,-1.0,1,-3,0.2957746478873239,0.2957746478873239,2022-06-19
247104,4915,6961,4,6,3,8,7,0,1,False,1,2,,2,0,0.375,0.3333333333333333,2023-08-12
130687,474,2593,3,5,2,7,4,1,0,False,0,2,1.0,2,-1,0.4845360824742267,0.4845360824742267,2022-09-11
318933,397,4915,2,1,5,6,9,0,8,True,2,1,-2.0,-1,4,0.2732240437158469,0.25,2024-04-25
184036,7386,120,8,4,0,1,7,3,6,True,2,1,,-10,-1,0.1447178002894356,0.140646976090014,2023-05-20
85533,8185,5448,4,2,3,1,5,0,8,False,1,2,2.0,7,0,0.7333333333333334,0.7333333333333334,2022-04-18
314312,6387,878,9,1,0,8,5,6,2,False,0,2,1.0,-4,-3,0.4285714285714286,0.4252873563218391,2024-04-14
314327,14,5448,2,8,5,0,1,6,9,True,2,1,3.0,-4,-3,0.6451612903225806,0.6172839506172839,2024-04-28
314319,918,878,9,8,1,2,6,5,0,True,2,0,-5.0,-5,-1,0.3623188405797102,0.3448275862068966,2024-04-21
183785,188,120,7,8,5,3,0,6,4,True,2,0,-4.0,-1,1,0.425531914893617,0.3773584905660377,2023-04-15
312799,1001,624,0,1,2,5,6,9,8,False,1,2,-2.0,3,-3,0.5,0.4444444444444444,2024-03-17
295610,6961,2,2,1,5,6,0,8,9,True,2,0,1.0,2,8,0.4784688995215311,0.4716981132075471,2024-02-17
220446,474,5248,7,0,1,6,4,3,8,False,0,2,,6,3,0.4871794871794871,0.4318181818181817,2023-06-18
173219,8877,397,0,4,7,3,8,5,6,True,2,0,,-2,-5,0.5882352941176471,0.5319148936170213,2023-03-29
184473,6199,878,6,3,7,0,8,5,4,False,0,2,0.0,0,-4,0.6855345911949686,0.6389891696750902,2023-04-15
248276,624,5248,8,6,3,4,0,1,7,True,2,1,-1.0,6,4,0.5952380952380952,0.5714285714285714,2023-08-24
184483,5448,6199,4,0,7,1,8,6,3,True,2,1,,0,0,0.5617977528089888,0.5102040816326531,2023-04-29
130633,2593,120,5,3,2,0,1,7,4,False,1,2,,3,8,0.5594713656387665,0.5594713656387665,2022-09-02
314328,6199,8304,5,0,1,8,6,9,2,False,1,2,1.0,1,0,0.609375,0.5833333333333333,2024-04-28
51283,2593,188,0,4,2,1,8,5,3,True,2,1,,-2,6,0.4807692307692307,0.4347826086956522,2021-12-01
167355,7386,8304,0,8,6,7,4,3,5,False,0,2,,-2,2,0.6598639455782314,0.6428571428571428,2023-02-15
183812,2406,120,0,1,6,8,3,7,4,False,1,2,,-2,-4,0.5260663507109005,0.4845360824742267,2023-05-13
183805,6961,2355,6,4,3,1,0,7,8,True,2,1,-1.0,6,-7,0.9615384615384616,0.9345794392523364,2023-05-01
84374,2355,474,1,8,5,2,0,3,4,False,0,2,-4.0,5,1,0.2805755395683452,0.2424242424242424,2022-04-10
184043,397,1001,3,7,0,8,4,6,5,True,2,1,,-5,-5,0.6172839506172839,0.5813953488372093,2023-04-27
314325,6387,624,9,8,2,5,0,1,6,False,0,2,-5.0,-4,1,0.180327868852459,0.0909090909090909,2024-04-27
184468,14,624,4,8,5,0,3,7,6,False,0,2,,-2,-1,0.4318181818181817,0.375,2023-04-08
106451,878,918,3,1,5,2,8,0,4,True,2,1,,0,4,0.7462686567164178,0.7462686567164178,2022-06-17
318924,12694,2593,1,5,9,0,2,6,8,False,0,2,,0,0,0.1071428571428572,0.0909090909090909,2024-04-17
318916,474,1184,1,9,2,0,5,8,6,False,0,2,7.0,0,1,0.5,0.4923857868020305,2024-04-05
314636,2355,5248,8,0,1,9,6,2,5,True,2,0,-1.0,-2,0,0.6369426751592356,0.6060606060606061,2024-04-21
247075,624,2355,3,1,4,0,8,7,6,True,2,0,,1,8,0.8130081300813008,0.7575757575757576,2023-08-09
184463,6199,624,5,6,7,0,3,4,8,True,2,1,-3.0,1,2,0.425531914893617,0.4081632653061224,2023-04-02
183816,2359,188,3,0,7,8,4,6,1,False,0,2,,3,9,0.2753623188405796,0.2592592592592593,2023-05-15
184474,14,17,5,3,7,8,4,0,6,False,0,2,3.0,-3,1,0.3377483443708609,0.2957746478873239,2023-04-16
237266,8304,278,4,6,8,1,3,0,7,True,2,0,2.0,4,-9,0.8403361344537815,0.7633587786259541,2023-07-18
314638,11058,2406,8,0,9,1,6,5,2,True,2,0,,2,-8,0.6944444444444444,0.6535947712418301,2024-04-22
183798,5248,6961,5,0,3,6,4,8,7,False,1,2,,-6,4,0.0476190476190476,0.0291262135922329,2023-04-24
296747,17,624,8,1,5,0,2,6,9,False,1,2,-2.0,0,2,0.8412698412698413,0.0740740740740741,2024-02-19
314315,14,878,9,8,5,1,0,6,2,True,2,0,2.0,-5,0,0.6211180124223602,0.6060606060606061,2024-04-16
99244,397,4915,1,8,2,4,5,0,3,True,2,1,,-3,-1,0.5405405405405405,0.5405405405405405,2022-05-13
167371,2359,2059,5,6,8,3,7,4,0,True,2,0,,8,0,0.7246376811594204,0.7092198581560284,2023-02-25
314303,6387,8304,2,8,0,9,6,1,5,False,1,2,,-4,-3,0.6336996336996337,0.5833333333333333,2024-04-07
297416,2059,12694,5,8,1,0,6,2,9,True,2,1,2.0,2,3,0.8,0.7936507936507936,2024-02-25
167359,5248,8304,7,3,6,0,8,4,5,False,0,2,,4,2,0.5555555555555556,0.5555555555555556,2023-02-18
106920,624,6199,2,8,3,4,1,0,5,True,2,0,,9,5,0.6622516556291391,0.6622516556291391,2022-06-25
184517,14,5448,7,6,8,0,4,1,3,True,2,1,1.0,0,-3,0.4807692307692307,0.4132231404958678,2023-05-21
318938,2059,7035,1,0,6,9,2,8,5,False,1,2,6.0,-1,-9,0.736842105263158,0.6987951807228916,2024-05-02
283097,188,5448,9,4,8,2,1,0,6,True,2,1,-1.0,3,-2,0.8620689655172414,0.2320185614849188,2023-11-03
183807,5248,2,4,1,8,6,3,7,0,True,2,0,0.0,-2,-4,0.4608294930875576,0.4032258064516129,2023-05-06
183782,7386,2355,8,3,5,4,6,0,7,True,2,1,,-4,-2,0.6060606060606061,0.591715976331361,2023-04-09
314625,2,120,6,0,2,1,5,8,9,True,2,0,4.0,5,-7,0.7575757575757576,0.7352941176470588,2024-04-07
167348,7035,1034,0,3,8,6,5,4,7,False,0,2,,-2,-1,0.2957746478873239,0.2907801418439716,2023-02-13
157597,6387,918,2,0,3,7,4,5,1,True,2,0,0.0,0,1,0.819672131147541,0.819672131147541,2022-11-23
184495,6199,8185,6,1,7,8,0,4,3,True,2,0,-2.0,-5,8,0.1639344262295082,0.1355013550135501,2023-05-13
337409,2355,11058,1,8,9,2,5,0,6,False,0,2,-3.0,6,3,0.6,0.5535714285714286,2024-05-09
167363,4915,2355,4,8,5,3,6,0,7,True,2,0,,4,-2,0.8547008547008548,0.8547008547008548,2023-02-22
70079,120,5248,8,1,3,0,4,2,5,True,2,0,,0,-7,0.78125,0.78125,2022-03-12
297257,8185,17,5,8,2,9,1,6,0,False,0,2,2.0,1,4,0.6774193548387097,0.6598639455782314,2024-02-24
248278,2593,1184,7,0,3,6,8,4,1,True,2,0,3.0,6,-1,0.9523809523809524,0.9345794392523364,2023-08-18
