match_id,t1,t2,winner,date,0_wr_diff,1_wr_diff,2_wr_diff,3_wr_diff,4_wr_diff,5_wr_diff,6_wr_diff,7_wr_diff,8_wr_diff,9_wr_diff
188030,6387,12477,True,2023-04-12,0.0,0,0,0.5,1.0,1.0,0.6666666666666666,1.0,0.8,0
296737,14,5448,True,2024-02-19,0.2121212121212121,0.19999999999999996,0.0,0.06493506493506496,-0.10000000000000003,-1.0,-0.009615384615384581,0.2222222222222222,-0.75,0.5
289447,17,4733,True,2023-12-14,-0.3412698412698413,-0.4444444444444444,-0.5555555555555556,0.3333333333333333,0.16666666666666663,0.0,-0.17582417582417587,-0.08333333333333334,-0.04761904761904767,-1.0
183944,2059,1184,False,2023-04-05,0.0,0,0,0.5,0.5,0.0,0.0,-1.0,1.0,0
237269,5448,878,True,2023-07-20,-0.29166666666666663,0.5,0,0.16666666666666669,-0.30000000000000004,-1.0,0.6666666666666666,-0.4,0.0,0
247090,1184,14,True,2023-08-12,0.06666666666666665,0.09523809523809523,0,-0.13636363636363635,0.22222222222222227,0.0,-0.13461538461538458,0.55,0.16666666666666666,0
314304,14,624,False,2024-04-07,-0.0714285714285714,-0.036363636363636376,0.75,-0.030303030303030276,-0.36666666666666664,0.0,0.1428571428571429,-0.5634920634920635,-0.6,-0.11111111111111116
183948,7035,2304,False,2023-04-07,1.0,0,0,0.0,-0.5,-0.5,0.0,0.0,0.0,0
318934,2059,14419,True,2024-04-26,0.25,0.0,0.30000000000000004,0.3333333333333333,0.375,0.16666666666666663,0.038461538461538436,0.0,0.6666666666666666,0.22222222222222227
314301,918,5448,False,2024-04-06,-0.42857142857142855,-0.5,-1.0,-0.5714285714285714,0.0,0.16666666666666669,-0.26666666666666666,0.5714285714285714,-0.4166666666666667,0.6666666666666666
314322,17,5448,True,2024-04-22,0.2095588235294118,-0.09999999999999998,-0.4285714285714286,-0.23809523809523808,0.32727272727272727,0.425,-0.14035087719298245,0.16666666666666666,-0.20454545454545459,0.0
282938,13188,11058,False,2023-11-02,0.2857142857142857,0.6461538461538461,1.0,0.75,0.4523809523809524,-0.6666666666666666,0.25,0.30000000000000004,-0.29999999999999993,0.0
184478,17,8185,False,2023-04-22,0.4,0,0,0.0,0.0,-0.6666666666666666,1.0,-0.09999999999999998,-1.0,0
314320,6199,624,True,2024-04-21,0.3285714285714286,-0.6923076923076923,0.41666666666666663,-0.23809523809523808,0.04761904761904767,-0.125,-0.09999999999999998,-0.2857142857142857,-0.3142857142857143,-0.2777777777777778
295605,1034,2406,True,2024-02-16,-0.07954545454545453,0.2698412698412699,-0.8333333333333334,0.25,0.31818181818181823,0.25,-0.05555555555555558,0.09999999999999998,-0.06944444444444442,-0.4
295611,2359,120,True,2024-02-17,0.1111111111111111,0.5,1.0,0.16666666666666669,-0.24444444444444446,0.16666666666666663,0.15873015873015872,0.15000000000000002,0.16666666666666663,0.0
314327,14,5448,True,2024-04-28,0.08823529411764708,-0.038461538461538436,0.0,0.06493506493506496,-0.10000000000000003,-0.2,-0.05555555555555547,0.2222222222222222,-0.6,0.0
167374,4915,2359,True,2023-02-27,0.0,0,0,0,-1.0,1.0,1.0,0.0,0,0
220845,6387,466,True,2023-07-08,0.08333333333333326,0.3333333333333333,0,0.025000000000000022,0.5,0.25,-0.25,0.17307692307692313,0.06666666666666665,0
318933,397,4915,True,2024-04-25,-0.02564102564102566,0.13636363636363635,-0.16666666666666663,-0.75,0.5714285714285714,0.0,-0.06666666666666671,-0.875,-0.2077922077922078,-0.16666666666666663
220444,6961,5248,False,2023-06-15,0.17500000000000004,0.6666666666666667,0,-0.08333333333333337,0.8333333333333334,0.6666666666666666,-0.16666666666666663,0.05555555555555558,0.06493506493506496,0
184517,14,5448,True,2023-05-21,-0.041666666666666685,0.6666666666666666,0,0.0,-0.09999999999999998,0,0.0,0.25,-0.5,0
283100,2593,8185,True,2023-11-04,0.16666666666666663,0.2698412698412699,-0.5,0.1688311688311689,0.23076923076923073,0.33333333333333337,0.5416666666666667,-0.6666666666666666,0.10389610389610393,0
297407,474,7035,True,2024-02-21,0.16666666666666663,0.5,0.0,0.09999999999999998,0.2444444444444444,0.5,0.28846153846153844,-0.25,-0.054545454545454564,0.0
297405,8877,1184,True,2024-02-25,-0.4404761904761905,-0.04761904761904767,0,-0.5,-0.3625,0.5,-0.16666666666666674,-0.4642857142857143,-0.08333333333333331,-0.8
318938,2059,7035,False,2024-05-02,-0.19444444444444442,-0.16666666666666666,0.8333333333333334,-0.06666666666666671,0.175,0.5,0.25,-0.25,0.04166666666666663,0.35
183953,2059,8877,True,2023-04-14,0.0,0,0,0.5,0.3333333333333333,-0.5,-0.33333333333333337,-0.5,0.75,0
184045,1184,2593,False,2023-04-28,-0.25,0,0,-1.0,-0.5,-1.0,0.33333333333333337,1.0,-0.75,0
297408,4915,474,True,2024-02-23,0.0,-0.23809523809523808,1.0,0.25,-0.4444444444444444,-0.16666666666666663,-0.1538461538461538,0.875,-0.045454545454545414,1.0
183811,1034,2406,True,2023-05-08,-0.09999999999999998,1.0,0,0.5,0.5,0.25,0.3333333333333333,-0.16666666666666663,-0.6666666666666666,0
189056,188,2359,True,2023-05-25,0.45714285714285713,0.0,0,0.75,0.09999999999999998,-0.6666666666666666,0.6666666666666667,-0.19999999999999996,0.33333333333333337,0
184520,14,17,True,2023-05-22,-0.26666666666666666,0.5,0,0.3392857142857143,0.0,0,0.2666666666666666,0.0,-0.5,0
314629,2,2359,False,2024-04-13,0.2727272727272727,0.21818181818181825,-0.5714285714285714,0.0714285714285714,-0.22222222222222227,-0.46666666666666673,0.33333333333333337,-0.4714285714285715,0.125,0.8571428571428571
183949,4915,1001,True,2023-04-12,0.75,0,0,0.6666666666666666,0.0,0.0,0.3333333333333333,1.0,0.0,0
318918,8877,1184,False,2024-04-10,-0.36111111111111116,-0.25,1.0,-0.5,-0.3625,0.55,0.021052631578947323,-0.4642857142857143,-0.036363636363636376,0.0
184502,878,624,False,2023-05-16,-0.16666666666666663,0,0,-0.3333333333333333,-0.19999999999999996,1.0,-0.5,-0.09999999999999998,-0.3333333333333333,0
307567,8877,2059,True,2024-02-26,-0.19047619047619047,0.5,-0.6666666666666666,-0.3333333333333333,-0.175,0.5,-0.08333333333333337,0.25,-0.41666666666666663,-0.25
314636,2355,5248,True,2024-04-21,-0.25,0.16666666666666663,0.25,-0.8461538461538461,0.047619047619047616,0.41666666666666663,-0.1454545454545454,-0.29761904761904767,-0.15714285714285714,-0.08333333333333331
220450,1120,6961,True,2023-06-17,-0.7272727272727273,0.0,0,-0.0714285714285714,-0.33333333333333337,-0.6666666666666666,0.0,-0.22222222222222227,0.36363636363636365,0
283098,8185,120,True,2023-11-04,0.5,0.4444444444444444,0.5,0.2121212121212121,-0.18461538461538463,0.06666666666666665,0.1333333333333333,-0.08333333333333337,0.11428571428571432,0
184467,878,278,True,2023-04-08,0.0,0,0,-1.0,1.0,0.0,0.0,0.0,0,0
235023,12694,6882,True,2023-07-02,0.30000000000000004,-0.6666666666666667,0,0.11111111111111116,0.4444444444444444,-0.25,0.2666666666666666,-0.4444444444444444,0.050000000000000044,0
183951,474,2593,False,2023-04-13,0.25,0,0,-0.5,-1.0,-1.0,-0.5,0,0.25,0
295607,1034,188,True,2024-02-23,-0.24786324786324787,0.05555555555555558,0.6666666666666667,-0.35,0.5181818181818183,0.5,-0.20261437908496738,-0.1777777777777778,0.05555555555555558,-0.8333333333333334
314303,6387,8304,False,2024-04-07,0.09999999999999998,0.25,-0.5,0.0,0.5555555555555556,0.6666666666666667,-0.12121212121212122,0.261904761904762,0.2857142857142857,0.0
314643,2355,6961,True,2024-04-24,-0.09090909090909094,0.04166666666666663,-0.2666666666666666,-0.5,-0.6666666666666667,0.0,0.12121212121212122,-0.2142857142857143,-0.45,-0.17857142857142855
184480,6199,278,True,2023-04-23,1.0,0,0,-0.25,0.0,0.25,0.0,0.0,0.5,0
283099,1184,188,False,2023-11-04,-0.09999999999999998,0.33333333333333337,0,-0.09999999999999998,0.29761904761904767,0.0,-0.261904761904762,-0.06349206349206349,-0.4642857142857143,0.33333333333333337
295617,11058,5248,False,2024-02-24,-0.19487179487179485,-0.33333333333333337,0.5,-0.8461538461538461,-0.012987012987012991,0.5,0.0444444444444444,-0.08333333333333337,0.3153846153846153,0.3333333333333333
329907,6199,14,False,2024-05-03,0.4,-0.42857142857142855,-0.5,-0.2077922077922078,0.4142857142857143,0.4444444444444444,-0.21491228070175433,0.2777777777777778,0.2857142857142857,0.20000000000000007
183785,188,120,True,2023-04-15,0.0,0,0,1.0,-1.0,-0.75,1.0,-0.25,0.0,0
235371,4915,8877,True,2023-07-21,0.75,-0.6666666666666667,0,0.6666666666666666,-0.2,0.0,-0.09999999999999998,0.46666666666666673,0.16666666666666666,0
164060,6387,10295,True,2023-02-23,0.0,0,0,0.0,1.0,0,0,0,1.0,0
183947,474,8877,True,2023-04-07,1.0,0,0,0.5,0.0,-0.5,-1.0,-0.5,0.6666666666666667,0
312765,8877,11328,True,2024-03-14,0.25,0.6,0,0,-0.8,0.6666666666666666,0.5833333333333334,0.25,0.4,0.6
183809,6961,120,True,2023-05-07,0.8,0.0,0,0.25,0.0,0.06666666666666665,0.25,-0.375,-0.33333333333333337,0
297401,1184,1001,False,2024-02-20,0.5833333333333334,0.8333333333333334,-0.6666666666666666,0.5,0.5625,-0.3333333333333333,-0.019607843137254832,0.3142857142857143,-0.08333333333333331,-0.25
184492,8185,278,True,2023-05-08,0.6,0,0,-0.16666666666666669,0.8,0.6666666666666666,0.0,0.7142857142857143,0.0,0
167365,2059,918,True,2023-02-23,0,0,0,0,0,0,0,0,0,0
184050,4915,474,True,2023-05-05,0.16666666666666674,0,0,0.08333333333333337,0.0,0.0,0.15000000000000002,1.0,0.0,0
237270,6199,17,True,2023-07-20,0.5,0.0,0,0.26666666666666666,-0.09523809523809523,0.25,0.2666666666666666,-0.2,-0.4666666666666666,0
232731,2406,2355,False,2023-07-16,0.0714285714285714,-0.25,0,0.0,0.42857142857142855,0.5,-0.2,0.16666666666666669,0.5,0
212525,10725,11058,True,2023-05-31,-0.0714285714285714,1.0,0,0.0,0.29166666666666663,-0.16666666666666663,-0.09999999999999998,0.16666666666666663,-0.16666666666666663,0
286646,8185,624,False,2023-12-07,-0.022222222222222254,-0.25,0.3333333333333333,-0.12121212121212122,0.0714285714285714,0.6666666666666666,-0.19999999999999996,-0.11904761904761907,0.09890109890109888,-1.0
296735,14,6387,True,2024-02-17,0.16666666666666663,-0.15000000000000002,1.0,-0.030303030303030276,-0.7,-1.0,-0.016666666666666607,-0.7063492063492064,-0.6666666666666666,0.5
164031,6387,2112,True,2023-03-08,0.0,0,0,0.0,1.0,1.0,0,1.0,0.6666666666666666,0
307574,2,11058,False,2024-02-26,-0.25274725274725274,0.7083333333333334,0.25,0.5714285714285714,0.06060606060606061,-0.4,-0.09999999999999998,-0.07142857142857145,-0.1558441558441559,0.475
167371,2359,2059,True,2023-02-25,1.0,0,0,0,0,0,-1.0,1.0,-1.0,0
184518,6199,17,False,2023-05-21,0.25,0.0,0,0.22499999999999998,0.16666666666666663,0.25,0.2666666666666666,-0.25,0.25,0
312768,2,1001,True,2024-03-15,0.3333333333333333,0.4444444444444445,-0.15000000000000002,0.5714285714285714,0.3333333333333333,-0.25,-0.06666666666666665,0.028571428571428525,0.21111111111111114,-0.09090909090909094
297402,14419,8877,False,2024-02-20,-0.14285714285714285,-0.6666666666666666,0,0,-0.2,-0.5,-0.42857142857142855,-0.25,-0.16666666666666666,0
314311,6199,5448,True,2024-04-14,0.43333333333333335,-0.5,-0.33333333333333337,-0.14285714285714285,0.3142857142857143,0.0357142857142857,-0.15555555555555556,0.5,-0.4642857142857143,-0.5
184473,6199,878,False,2023-04-15,1.0,0,0,0.75,-1.0,0.3333333333333333,0.0,-0.5,1.0,0
248278,2593,1184,True,2023-08-18,0.0,0.08333333333333337,0,0.2142857142857143,0.34444444444444444,1.0,0.2512820512820513,-0.7142857142857143,0.7083333333333334,0
295608,2406,7386,False,2024-02-19,0.16666666666666669,-0.047619047619047616,0.2142857142857143,-0.25,0.16666666666666669,0.0,0.0,0.33333333333333337,0.0,0.4
173217,474,2059,False,2023-03-28,0,0,0,0.0,0.0,0.0,-1.0,0.0,-1.0,0
220445,624,2593,False,2023-06-19,-0.16666666666666663,0.25,0,-0.13333333333333341,0.125,-1.0,-0.15000000000000002,0.7142857142857143,-0.11904761904761907,0
303094,2593,8877,False,2024-02-29,0.41666666666666663,0.15000000000000002,0.5,0.7142857142857143,0.657142857142857,0.5,0.38888888888888884,-0.25,0.5681818181818182,-0.75
247100,474,4915,False,2023-08-06,0.08333333333333337,0.35,0,-0.1428571428571429,0.3333333333333333,0.0,-0.016666666666666663,-0.8571428571428571,0.19642857142857145,0
184472,624,8185,False,2023-04-15,-0.5,0,0,0.0,0.0,-0.6666666666666666,0.5,0.06666666666666665,-1.0,0
183776,6961,7386,True,2023-04-02,0.5,0,0,0.5,0.0,0.5,1.0,0.75,0.75,0
184495,6199,8185,True,2023-05-13,0.33333333333333337,0.0,0,0.09999999999999998,-0.46666666666666673,-0.41666666666666663,0.5,-0.7142857142857143,-0.6666666666666667,0
184482,14,278,True,2023-04-29,0.5,0,0,-0.5,0.5,0.0,1.0,0.3333333333333333,0,0
286648,14,1120,True,2023-12-06,0.26666666666666666,-0.4444444444444444,-0.5,0.13636363636363635,-0.3,0.0,0.06666666666666665,0.0222222222222222,-0.6666666666666666,1.0
286644,2,8185,True,2023-12-07,-0.2,0.5,0.6666666666666667,0.025974025974025983,-0.1964285714285714,-0.6666666666666666,-0.06666666666666671,-0.23809523809523808,-0.3392857142857143,0.8333333333333334
173216,1001,1184,False,2023-03-28,0.0,0,0,0,0.0,0.0,-1.0,-1.0,0,0
281030,2355,2406,False,2023-11-11,0.09090909090909088,0.38095238095238093,-1.0,0.0,-0.26666666666666666,-0.5,-0.6666666666666667,-0.2142857142857143,-0.4920634920634921,-0.3333333333333333
329909,17,14,False,2024-05-04,0.13157894736842102,-0.028571428571428525,-0.375,-0.30303030303030304,0.4272727272727273,0.625,-0.12368421052631584,-0.05555555555555555,0.5384615384615384,-0.16666666666666663
314645,2,6961,False,2024-04-27,-0.20158102766798414,0.14423076923076927,-0.23809523809523808,0.0714285714285714,-0.6666666666666667,-0.38095238095238093,0.4166666666666667,-0.07142857142857145,0.005952380952380931,0.3714285714285715
286649,474,14,False,2023-12-08,0.15000000000000002,-0.09999999999999998,0,-0.13636363636363635,-0.01428571428571429,0.5,-0.24545454545454543,-0.2222222222222222,0.6,-1.0
183946,2593,1001,True,2023-04-06,0.6666666666666666,0,0,1.0,1.0,0.0,0.5,0.0,-0.25,0
220451,474,1034,False,2023-06-19,0.2142857142857143,-0.11428571428571432,0,0.3214285714285714,-0.37777777777777777,-0.25,-0.028571428571428525,-0.6666666666666666,0.1428571428571429,0
167360,1034,6961,False,2023-02-19,0,0,0,-1.0,1.0,1.0,0.0,-1.0,-1.0,0
312777,17,624,True,2024-03-21,-0.011904761904761973,0.36363636363636365,0.15000000000000002,-0.3333333333333333,0.06060606060606066,0.8333333333333334,-0.13392857142857145,-0.6190476190476191,-0.11111111111111116,-0.3571428571428571
167352,397,8185,False,2023-02-14,0,0,0,0,0,0,0,0,0,0
282933,2,10725,True,2023-11-03,-0.393939393939394,0.19999999999999996,0.5,0.5,-0.5333333333333333,-0.5,-0.12121212121212122,-0.16666666666666669,-0.3942307692307693,0.5
220290,1034,4915,True,2023-06-11,-0.4571428571428571,0.30000000000000004,0,-0.3333333333333333,0.75,0.25,0.22499999999999998,-0.4285714285714286,0.0,0
237268,17,8304,True,2023-07-19,0.16666666666666669,-1.0,0,-0.3333333333333333,0.0,-0.3333333333333333,-0.6,-0.25,0.09999999999999998,0
329908,624,8304,True,2024-05-03,0.23636363636363633,-0.0357142857142857,-0.41666666666666663,0.0,0.2222222222222222,0.09999999999999998,-0.13636363636363635,0.11904761904761907,0.3142857142857143,0.7272727272727273
183815,1034,6961,True,2023-05-14,-0.33333333333333337,1.0,0,0.0,-0.25,0.08333333333333337,-0.16666666666666669,-0.025000000000000022,-0.7,0
222705,6387,11348,False,2023-07-02,-0.11111111111111116,0.16666666666666663,0,0.0892857142857143,0.2857142857142857,0.19999999999999996,0.033333333333333326,-0.08333333333333337,0.06666666666666665,0
248272,8185,12010,True,2023-08-17,-0.4545454545454546,-0.625,0,0.6,0.6,-0.33333333333333337,-0.3333333333333333,0.6666666666666666,-0.2222222222222222,0
183952,2304,397,True,2023-04-14,0.33333333333333337,0,0,0.0,0.5,0.5,1.0,0.0,0.0,0
314640,2,5248,False,2024-04-23,-0.38636363636363635,0.33333333333333337,0.42857142857142855,-0.27472527472527475,0.047619047619047616,0.0357142857142857,0.2272727272727273,-0.15476190476190482,0.26785714285714285,0.5238095238095237
314306,918,8185,False,2024-04-08,-0.5625,-0.4166666666666667,-0.4,-0.5454545454545454,-0.17142857142857137,-0.06666666666666665,-0.09523809523809523,-0.09523809523809523,-0.3541666666666667,-0.5
247093,2593,5448,True,2023-08-08,0.2666666666666666,0.33333333333333337,0,0.0,0.44642857142857145,1.0,0.12307692307692308,0.0,0.125,0
314626,2355,2406,True,2024-04-08,0.08333333333333331,0.38095238095238093,-0.625,0.0,-0.16666666666666669,0.5,-0.16666666666666669,-0.2142857142857143,-0.35555555555555557,-0.4
314630,2355,7386,True,2024-04-14,0.16666666666666669,0.16666666666666663,-0.5,-0.25,0.0,0.0,-0.09999999999999998,0.11904761904761904,-0.3454545454545454,-1.0
183791,6961,2,True,2023-04-21,-0.33333333333333337,0,0,-0.5,1.0,0.6666666666666666,0.5,0.8,0.7142857142857143,0
248276,624,5248,True,2023-08-24,-0.25,0.43333333333333335,0,-0.17948717948717952,0.7142857142857143,0.0,0.23809523809523808,0.06923076923076932,0.2727272727272727,0
184041,397,2059,True,2023-04-21,-0.33333333333333337,0,0,-0.5,-0.3333333333333333,0.0,-0.6666666666666666,0.0,-1.0,0
183779,188,6961,False,2023-04-08,-0.5,0,0,0.5,-1.0,-0.5,0.5,0.25,-0.8,0
314639,188,120,False,2024-04-22,0.625,-0.025000000000000022,0.3333333333333333,0.26666666666666666,-0.5,-0.041666666666666685,0.381578947368421,0.02777777777777779,0.045454545454545414,0.7777777777777778
173222,2593,397,True,2023-03-31,0.0,0,0,1.0,1.0,1.0,0.5,0.0,0.6666666666666666,0
318920,474,4915,False,2024-04-11,0.033333333333333326,0.17142857142857137,-0.6666666666666666,-0.25,0.4444444444444444,0.09999999999999998,0.10989010989010989,-0.875,-0.0888888888888889,-0.5
278615,1120,8185,False,2023-10-08,-0.2121212121212121,0.5555555555555556,1.0,-0.045454545454545414,0.016666666666666607,-0.6666666666666666,0.07142857142857145,-0.4666666666666666,0.10000000000000009,0.0
220442,2593,1034,True,2023-06-16,0.16666666666666663,-0.16666666666666674,0,0.4166666666666667,0.125,0.25,0.4714285714285715,-0.625,0.261904761904762,0
184044,7035,8877,False,2023-04-27,0.3333333333333333,0,0,0.0,0.0,-0.5,0.0,-0.5,-0.2,0
283063,397,1184,True,2023-10-29,0.16666666666666674,-0.5,0,-0.5,-0.045454545454545414,0.3333333333333333,-0.6153846153846154,-0.7142857142857143,-0.14285714285714285,-1.0
294182,188,13188,False,2024-01-13,-0.02777777777777779,-0.33333333333333326,0.0,-0.15000000000000002,-0.4777777777777778,0.0,0.0,-0.022222222222222254,-0.04166666666666663,0.8
173220,474,1184,True,2023-03-30,0,0,0,0.5,0.0,0.0,-1.0,-1.0,0,0
296730,5448,918,True,2024-02-18,0.45454545454545453,0.25,1.0,0.5714285714285714,0.0,-1.0,0.22499999999999998,-0.5714285714285714,0.55,-0.5
284660,4050,8304,False,2023-11-26,0.14285714285714285,-0.7142857142857143,1.0,0.13333333333333341,0.33333333333333337,0.06666666666666671,-0.21153846153846156,-0.16666666666666663,0.22222222222222227,0.5
303093,1001,4915,True,2024-02-29,-0.6666666666666666,0.0,-0.33333333333333337,-0.75,0.0,-0.16666666666666669,0.36538461538461536,-0.475,-0.05555555555555558,0.0
314307,17,8304,True,2024-04-09,0.19999999999999996,0.0,0.0714285714285714,-0.3333333333333333,0.2828282828282829,0.2142857142857143,-0.1339285714285714,-0.5,0.2698412698412699,0.5
314644,11058,7386,True,2024-04-27,0.20512820512820512,-0.2571428571428572,-0.19999999999999996,-0.25,-0.06060606060606061,0.2916666666666667,0.17045454545454547,0.33333333333333337,0.2142857142857143,-0.2142857142857143
247094,1034,12010,False,2023-08-08,0.42857142857142855,0.625,0,0.25,0.8,-0.25,-0.5,0.6,0.625,0
184476,8304,918,False,2023-04-17,0.0,0,0,0.6666666666666666,0.3333333333333333,0.5,0.0,-0.6666666666666666,0.5,0
183945,4915,397,True,2023-04-06,-0.33333333333333337,0,0,0.5,0.0,0.5,0.3333333333333333,1.0,1.0,0
173219,8877,397,True,2023-03-29,-1.0,0,0,0,0.0,0,1.0,0.5,0.0,0
295606,188,7386,True,2024-02-16,0.4423076923076923,-0.09999999999999998,-0.16666666666666669,0.35,-0.033333333333333326,-0.25,0.06944444444444442,0.6111111111111112,-0.015873015873015817,0.8333333333333334
183781,1034,2,True,2023-04-09,-1.0,0,0,-1.0,1.0,1.0,0.0,0.5,0.0,0
318928,474,14419,True,2024-04-19,0.6363636363636364,0.5714285714285714,-0.5,0.5,0.4444444444444444,-0.4,0.5714285714285714,0,0.4375,-0.3333333333333333
289452,918,2406,True,2023-12-16,-0.45454545454545453,-0.2857142857142857,-0.8,0.0,-0.2954545454545454,0.5,-0.09999999999999998,0.0714285714285714,-0.425,-0.5
185983,337,11058,False,2023-03-28,0.0,0,0,0.0,-0.3333333333333333,-1.0,0.0,0,-1.0,0
213193,2304,1184,False,2023-05-23,0.33333333333333337,0,0,0,-0.25,0.5714285714285714,-0.04761904761904767,-1.0,0.4,0
314318,6387,278,True,2024-04-20,0.39999999999999997,0.6,0.0,0.41666666666666663,1.0,0.6,0.5,0.9285714285714286,0.0714285714285714,-0.5
167354,1001,5248,False,2023-02-15,0,0,0,0,0,0,0,0,0,0
220441,624,8185,True,2023-06-17,0.0,0.6666666666666667,0,0.06666666666666665,0.33333333333333337,-0.6666666666666666,0.75,-0.012987012987012991,-0.33333333333333337,0
184499,14,8185,False,2023-05-15,-0.0714285714285714,1.0,0,0.25,-0.16666666666666663,-0.6666666666666666,0.75,-0.380952380952381,-1.0,0
183805,6961,2355,True,2023-05-01,0.25,0,0,0.5,1.0,0.6666666666666666,0.5,0.7142857142857143,0.625,0
184054,8877,2593,False,2023-05-11,-0.8,-1.0,0,-1.0,-0.6666666666666667,-0.5,-0.13333333333333341,0.5,-0.55,0
314330,17,878,False,2024-04-29,0.3333333333333333,0.4,-0.4285714285714286,0.0,0.012987012987012991,0.125,0.2763157894736842,-0.23333333333333336,0.15476190476190482,0.5
184477,624,918,True,2023-04-22,0.0,0,0,0.5,0.6666666666666667,-1.0,0.5,0.0,-0.3333333333333333,0
189057,2406,1034,False,2023-05-25,0.23809523809523808,-0.6666666666666667,0,-0.5,-0.30000000000000004,-0.25,-0.3333333333333333,-0.16666666666666663,0.09999999999999998,0
235018,12694,6149,True,2023-07-01,-0.033333333333333326,-0.6666666666666667,0,0.1428571428571429,0.8,-1.0,0.19999999999999996,0.0,0.5,0
289451,1184,17,True,2023-12-16,0.09999999999999998,0.8333333333333334,0,0.16666666666666669,-0.12857142857142856,0.0,0.35,0.5476190476190477,-0.41666666666666663,0.6666666666666666
318919,2059,1001,True,2024-04-10,0.2857142857142857,-0.25,0.0,0.3333333333333333,0.375,-0.4,-0.1282051282051282,-0.4,0.3333333333333333,-0.13333333333333341
289450,2406,2059,False,2023-12-15,0.20454545454545453,0.2857142857142857,0.0,-0.3333333333333333,0.11688311688311687,0.5,0.09523809523809523,0.5,-0.04166666666666663,-0.5
184491,6199,14,False,2023-05-07,0.5,0,0,-0.06666666666666665,-0.16666666666666669,0.25,0.0,-0.3333333333333333,0.3333333333333333,0
183778,2359,1034,True,2023-04-03,0.5,0,0,0.0,0.0,-1.0,0.0,0.0,0.0,0
184048,1184,8877,True,2023-05-04,0.5,0,0,0,0.0,-0.5,0.16666666666666674,0.5,-0.2,0
184519,8185,624,False,2023-05-22,-0.09523809523809523,0.0,0,-0.25,-0.4285714285714286,0.6666666666666666,-0.6666666666666666,0.08333333333333337,0.33333333333333337,0
318932,2593,1184,False,2024-04-25,0.05128205128205121,0.13333333333333341,-0.5,0.2142857142857143,0.2946428571428571,0.6904761904761905,0.20952380952380956,-0.7142857142857143,0.36923076923076925,-0.5714285714285714
220298,8185,5248,False,2023-06-12,-0.015873015873015817,0.06666666666666671,0,-0.0892857142857143,0.45833333333333337,0.6666666666666666,-0.6666666666666666,0.2272727272727273,0.4285714285714286,0
183783,5248,120,False,2023-04-10,1.0,0,0,0.0,-1.0,-0.6666666666666666,0.0,-0.5,-1.0,0
235016,7969,12694,False,2023-06-30,0.25,-0.3333333333333333,0,0.0,-1.0,0,0.4,0.5,-0.75,0
314631,1034,2406,True,2024-04-14,0.12878787878787873,0.2698412698412699,0.4444444444444444,0.25,0.31818181818181823,0.08333333333333337,0.0444444444444444,0.09999999999999998,-0.05555555555555558,0.2666666666666666
183808,188,7386,True,2023-05-06,0.75,0,0,1.0,0.0,-0.5,0.0,0.6000000000000001,0.6666666666666667,0
312767,1120,624,True,2024-03-15,-0.2121212121212121,0.13333333333333341,0.25,-0.16666666666666663,-0.16666666666666663,0.0,-0.21428571428571436,-0.5857142857142856,-0.0535714285714286,-0.30000000000000004
296749,17,878,True,2024-02-21,0.05454545454545451,0.0,1.0,0.0,0.012987012987012991,0.5,-0.04999999999999999,-0.23333333333333336,0.0,0.5
184466,918,8185,False,2023-04-03,-0.5,0,0,-0.5,0.0,-0.6666666666666666,0.0,0.0,-1.0,0
281028,2359,188,True,2023-11-11,-0.6388888888888888,0.09999999999999998,0.5,-0.09999999999999998,0.09523809523809523,0.6666666666666666,-0.3392857142857143,0.12222222222222223,-0.1428571428571429,-0.8
184047,2059,2593,False,2023-05-03,-0.25,0,0,-0.6666666666666667,-0.75,-1.0,-0.08333333333333337,0.0,0.0,0
296736,8185,278,True,2024-02-18,0.5333333333333333,0.45454545454545453,0.25,0.2954545454545454,0.5714285714285714,0.6666666666666666,0.36363636363636365,0.6666666666666666,-0.33333333333333337,0.0
184484,918,17,True,2023-04-30,-1.0,0,0,-0.6,-0.3333333333333333,1.0,-1.0,0.16666666666666669,0.25,0
235029,12694,11479,False,2023-07-03,-0.033333333333333326,-0.25,0,0.5,0.11111111111111116,-0.8,-0.2857142857142857,-0.8333333333333334,0.2333333333333334,0
297257,8185,17,False,2024-02-24,0.0625,0.45454545454545453,0.06666666666666671,0.2121212121212121,-0.1558441558441559,-0.33333333333333337,0.08333333333333337,0.5,0.1875,-0.5
289449,1184,4733,True,2023-12-15,-0.1333333333333333,0.38888888888888895,-0.5555555555555556,0.5,0.10989010989010989,0.0,0.09999999999999998,0.4642857142857143,-0.4642857142857143,-0.5
167355,7386,8304,False,2023-02-15,0,0,0,0,0,0,0,0,0,0
312797,1120,17,False,2024-03-16,-0.23809523809523808,-0.16666666666666663,0.25,0.16666666666666669,-0.2272727272727273,-1.0,0.0,0.033333333333333354,0.22499999999999998,-0.16666666666666669
248280,8185,2593,False,2023-08-20,-0.025974025974025983,-0.45833333333333337,0,-0.1688311688311689,-0.2727272727272727,-0.33333333333333337,-0.4666666666666667,0.6666666666666666,-0.11111111111111105,0
247089,11328,14,False,2023-08-10,-0.6,-0.5,0,-0.6363636363636364,0.6666666666666667,0,-0.7142857142857143,-0.25,0.0,0
295619,11058,2355,True,2024-02-25,0.038461538461538436,-0.5,0.5,0.0,-0.06060606060606061,-0.6,0.26666666666666666,0.2142857142857143,0.47777777777777775,0.25
297414,2059,2593,False,2024-02-23,-0.23636363636363633,-0.75,0.5,-0.380952380952381,-0.4821428571428571,-1.0,-0.2823529411764706,0.0,-0.1515151515151516,0.6666666666666666
168998,11058,10725,True,2023-02-28,0,0,0,0,0,0,0,0,0,0
184500,6199,918,True,2023-05-15,1.0,0.0,0,0.6,0.16666666666666669,-0.75,0.0,-0.5714285714285714,0.08333333333333331,0
184461,5448,878,True,2023-04-01,0.0,0,0,0.0,0,0,0.0,0.0,0,0
318940,474,12694,True,2024-05-03,0.0,0.25,-0.5,-0.30000000000000004,-0.4126984126984127,0.16666666666666663,0.033333333333333326,-0.5,-0.3402777777777778,-0.5
314328,6199,8304,False,2024-04-28,0.5363636363636364,-0.75,-0.02857142857142858,-0.23809523809523808,0.2698412698412699,0.0444444444444444,-0.14545454545454545,-0.16666666666666663,0.0,0.75
183788,5248,2355,True,2023-04-16,0.6666666666666667,0,0,0.0,0.0,0.0,0.0,0.5,0.0,0
295612,6961,2359,True,2024-02-23,0.5555555555555556,-0.06666666666666665,-1.0,0.0,0.4444444444444444,-0.08333333333333337,-0.015873015873015872,-0.4,0.10588235294117654,0
220296,8185,1837,True,2023-06-11,0.5555555555555556,0.4,0,0.5714285714285714,0.625,0.6666666666666666,0.0,0.7,1.0,0
183802,7386,2406,False,2023-04-29,-0.6,0,0,0.0,-0.5,0.0,1.0,-0.25,0.0,0
278616,188,8185,True,2023-10-08,0.1688311688311689,-0.1111111111111111,0.0,0.054545454545454564,-0.25000000000000006,-0.6666666666666666,0.3714285714285715,0.11111111111111116,0.13333333333333341,0.6666666666666666
212532,9353,11058,False,2023-06-03,0.25,0.5,0,0.0,-0.3333333333333333,-0.6666666666666666,-0.5,-0.5,-0.16666666666666663,0
222707,7313,6387,False,2023-07-04,-0.3333333333333333,-0.06666666666666665,0,0.04166666666666663,0.0,-1.0,0.2857142857142857,0.08333333333333337,0.33333333333333337,0
220293,1034,14,True,2023-06-12,-0.09999999999999998,0.20000000000000007,0,-0.36666666666666664,0.32142857142857145,0.75,-0.16666666666666663,0.23809523809523808,0.5714285714285714,0
312802,8877,624,False,2024-03-18,-0.2954545454545454,0.0,-0.25,-0.6666666666666666,-0.4666666666666666,0.75,-0.02857142857142858,-0.5357142857142857,-0.24747474747474751,-0.2571428571428571
282935,11058,10725,False,2023-11-01,-0.07954545454545459,-1.0,0,0.0,-0.40350877192982454,0.16666666666666663,0.04545454545454547,0.0,-0.06923076923076932,-1.0
167367,120,1120,True,2023-02-23,0,0,0,0,0,0,0,0,0,0
189058,188,1034,False,2023-05-26,0.3333333333333333,-1.0,0,0.25,-0.16666666666666674,-0.75,0.5238095238095237,0.13333333333333341,0.6,0
185987,6675,11058,False,2023-03-30,0.0,0,0,0.0,-0.5,-1.0,0.25,0.75,-1.0,0
184033,1034,5248,True,2023-05-18,0.0,1.0,0,-0.30000000000000004,0.75,0.75,-0.6666666666666667,0.16666666666666663,-0.3333333333333333,0
196150,11058,11602,False,2023-05-05,0.8,0,0,0.0,0.2857142857142857,0.6666666666666666,0.6666666666666666,0.0,0.8571428571428571,0
248275,8185,5248,False,2023-08-19,-0.20454545454545459,-0.025000000000000022,0,-0.2333333333333334,0.35064935064935066,0.6666666666666666,0.16666666666666669,-0.033333333333333326,0.41414141414141414,0
183816,2359,188,False,2023-05-15,-0.55,0,0,-1.0,0.6666666666666666,0.6666666666666666,-0.5,0.19999999999999996,-0.33333333333333337,0
318914,2059,4915,False,2024-04-04,-0.38095238095238093,-0.3333333333333333,0.08333333333333337,-0.4166666666666667,0.375,-0.5,0.19871794871794873,-0.875,0.11111111111111105,0.16666666666666663
184035,2359,6961,False,2023-05-19,-0.6333333333333333,0,0,-0.5,-0.5,0.0,-0.16666666666666669,0.4444444444444444,0.030303030303030276,0
184036,7386,120,True,2023-05-20,0.0,0.0,0,-0.4,-1.0,-0.09999999999999998,0.25,-0.3,-0.41666666666666663,0
312798,2,8877,True,2024-03-16,0.08333333333333331,0.20000000000000007,0.6,0.5714285714285714,0.1333333333333333,-0.75,0.05128205128205121,0.17857142857142855,0.21111111111111114,0.2333333333333334
247101,8185,6961,True,2023-08-06,-0.2272727272727273,-0.7142857142857143,0,0.09999999999999998,-0.4,0.0,-0.3333333333333333,0.11111111111111105,0.22077922077922074,0
247077,624,1120,True,2023-08-10,-0.6,-0.16666666666666663,0,0.125,0.33333333333333337,0.0,0.125,0.36666666666666664,0.033333333333333326,0
318935,8877,7035,True,2024-04-26,-0.2222222222222222,0.425,0.5,-0.4,0.0,0.8,0.3125,0.0,-0.24038461538461536,0.23809523809523808
318924,12694,2593,False,2024-04-17,0.0,-0.5277777777777778,0.6666666666666667,0.08571428571428574,0.0,-0.8333333333333334,-0.25454545454545463,0.5,0.008547008547008517,0.3333333333333333
183796,7386,2,False,2023-04-23,-0.6666666666666666,0,0,-1.0,0.0,0.5,1.0,-0.16666666666666669,0.5,0
167348,7035,1034,False,2023-02-13,0,0,0,0,0,0,0,0,0,0
167349,278,2304,False,2023-02-13,0,0,0,0,0,0,0,0,0,0
184493,624,17,True,2023-05-12,-0.5,0,0,0.16666666666666663,0.33333333333333337,0.0,0.0,0.35,0.6,0
184456,5448,8185,False,2023-03-25,-0.3333333333333333,0,0,-0.5,-1.0,-0.6666666666666666,0,-0.3333333333333333,-1.0,0
212534,6675,11058,True,2023-06-07,0.24444444444444446,0.5,0,0.6666666666666666,0.0,-0.6666666666666666,0.375,0.09999999999999998,-0.033333333333333326,0
183787,2359,2,True,2023-04-16,-0.6666666666666667,0,0,-1.0,1.0,0.0,1.0,1.0,0.0,0
248270,2593,6961,False,2023-08-16,-0.02564102564102566,-0.16666666666666663,0,0.2142857142857143,-0.09999999999999998,0.33333333333333337,0.4285714285714286,-0.5,0.2596153846153846,0
184479,14,878,True,2023-04-23,0.5,0,0,0.0,-0.6666666666666667,-1.0,1.0,-0.16666666666666669,-1.0,0
297406,4915,397,True,2024-02-21,-0.22077922077922074,-0.125,-0.5,0.75,-0.5714285714285714,0.16666666666666669,0.05128205128205132,0.875,0.09999999999999998,1.0
248273,5248,1120,True,2023-08-17,-0.2727272727272727,-0.6,0,0.33333333333333337,-0.38095238095238093,0.0,-0.16666666666666669,0.41666666666666663,-0.35,0
183780,2359,2406,False,2023-04-08,0.0,0,0,0.0,1.0,0,1.0,0.0,-1.0,0
248281,6961,1120,True,2023-08-20,0.2142857142857143,0.0,0,0.0,0.33333333333333337,0.6666666666666666,0.0,0.2545454545454545,-0.15714285714285714,0
184471,6199,17,False,2023-04-10,1.0,0,0,0.6666666666666667,0.0,0.3333333333333333,-1.0,-0.5,1.0,0
318911,8877,14419,True,2024-04-03,0.2222222222222222,0.5,0,0,0.2,-0.25,0.6,0.25,0.36363636363636365,0.09999999999999998
184049,7035,397,False,2023-05-04,-0.25,0,0,0.0,-0.5,-0.3333333333333333,0.3333333333333333,0.0,0.0,0
286658,2,474,True,2023-12-09,-0.3333333333333333,0.5,1.0,0.0714285714285714,0.0,-0.5,-0.20512820512820512,0.42857142857142855,-0.15555555555555556,0.8333333333333334
184490,878,918,True,2023-05-07,0.0,0,0,0.0,0.4166666666666667,0.0,-0.3333333333333333,-0.26666666666666666,0.25,0
184056,7035,1001,True,2023-05-12,0.3333333333333333,0.0,0,0.0,0.0,-0.3333333333333333,-0.5,0.75,-0.5,0
232729,7386,2355,False,2023-07-15,-0.5,0.0,0,0.25,0.0,0.5,0.6,-0.16666666666666666,0.25,0
185985,12041,11058,False,2023-03-29,-1.0,0,0,0.0,0.5,-1.0,1.0,0.5,-1.0,0
286647,4330,474,False,2023-12-06,0.0625,0.125,0,0.5,0.3984962406015038,0.5,-0.025000000000000022,0.7777777777777778,-0.010101010101010166,1.0
220299,1837,1184,False,2023-06-13,-0.6,-1.0,0,-1.0,-0.6666666666666666,0.0,-0.5833333333333334,-1.0,-0.16666666666666666,0
184489,5448,624,False,2023-05-06,0.5,0,0,0.33333333333333337,-0.5,0.0,0.0,-0.6,0.5,0
184058,1001,2059,False,2023-05-18,-0.3333333333333333,0.0,0,-0.3333333333333333,-0.2,0.3333333333333333,0.30000000000000004,0.25,-0.30000000000000004,0
297256,14,624,False,2024-02-24,0.015873015873015817,-0.15000000000000002,0.75,-0.030303030303030276,-0.36666666666666664,0.0,-0.049450549450549386,-0.5634920634920635,-0.5714285714285714,-0.13333333333333341
314326,918,278,True,2024-04-27,-0.16666666666666666,0.0,-0.25,-0.25,0.4,0.625,0.2424242424242424,0.5714285714285714,0.0,0.06666666666666671
185977,11058,10725,False,2023-03-23,-1.0,0,0,0.0,0.0,1.0,0.0,0,0.33333333333333337,0
295614,2359,2,False,2024-02-25,-0.1857142857142857,-0.1071428571428571,0.0,-0.0714285714285714,0.22222222222222227,0.75,-0.05555555555555558,0.4714285714285715,0.006993006993006978,-0.875
314313,17,278,True,2024-04-15,0.425,0.5,0.5714285714285714,0.08333333333333331,0.7272727272727273,0.625,0.5,0.16666666666666666,-0.4444444444444444,0.0
183792,2359,7386,True,2023-04-21,0.25,0,0,0.0,1.0,-1.0,0.0,0.5,0.5,0
188018,6387,2112,True,2023-03-29,0.0,0,0,0.3333333333333333,1.0,1.0,-1.0,1.0,0.8,0
232732,188,2,True,2023-07-17,0.0,-1.0,0,0.25,0.5,0.0,0.4166666666666667,0.43333333333333335,0.6,0
167358,8185,188,True,2023-02-18,0.0,0,0,0,1.0,0,-1.0,0.0,0,0
296738,6387,918,False,2024-02-19,0.5,0.75,0.0,0.6666666666666666,0.6,0.33333333333333337,0.1454545454545454,0.3571428571428572,0.4666666666666666,-0.5
183782,7386,2355,True,2023-04-09,0.0,0,0,0.0,0.0,0,1.0,0,0.0,0
184046,2059,4915,False,2023-04-28,-0.33333333333333337,0,0,-0.16666666666666663,0.25,-0.5,0.2666666666666666,-1.0,0.0,0
184516,624,14,True,2023-05-20,0.3333333333333333,0.33333333333333337,0,-0.13333333333333341,0.5,0.0,-0.30000000000000004,0.41666666666666663,0.6666666666666666,0
297403,1001,8877,True,2024-02-22,-0.14285714285714285,-0.3333333333333333,0.6666666666666666,0.0,-0.2,-0.16666666666666669,0.2142857142857143,0.15000000000000002,0.047619047619047616,1.0
297255,17,5448,True,2024-02-22,-0.04545454545454547,-0.5,-0.5,-0.23809523809523808,0.32727272727272727,0.0,-0.32727272727272727,0.16666666666666666,-0.25,0.5
314648,2355,120,True,2024-04-29,0.3956043956043956,0.16666666666666663,0.4,-0.3333333333333333,-0.46666666666666673,0.29166666666666663,0.20454545454545453,-0.4642857142857143,-0.2272727272727273,0.25
183786,1034,7386,False,2023-04-15,0.0,0,0,0.0,1.0,1.0,-0.6666666666666667,-0.5,0.0,0
188042,6387,2917,True,2023-05-03,-0.5,1.0,0,-0.5,1.0,1.0,0.75,1.0,0.8,0
318917,397,12694,False,2024-04-05,0.125,0.25,-0.6666666666666667,-0.8,-0.2857142857142857,0.3333333333333333,-0.2121212121212121,-0.5,-0.5416666666666667,0.0
314641,1034,7386,True,2024-04-23,0.2121212121212121,0.09999999999999998,0.25,0.0,0.4848484848484849,0.4166666666666667,-0.01010101010101011,0.43333333333333335,0.0,0.0
314622,188,2359,True,2024-04-06,0.5,-0.17142857142857143,-0.6666666666666667,0.09999999999999998,-0.2555555555555556,-0.5,0.20261437908496738,-0.12222222222222223,0.0,0.7142857142857143
314319,918,878,True,2024-04-21,-0.3333333333333333,0.0,-1.0,-0.3333333333333333,-0.3142857142857143,0.06666666666666665,-0.0357142857142857,0.17142857142857137,-0.09523809523809523,0.5
282932,10725,11058,True,2023-11-03,0.2272727272727273,0.6000000000000001,0.0,0.0,0.39999999999999997,-0.16666666666666663,-0.14545454545454545,0.0,0.06923076923076932,0.5
314329,6387,8185,False,2024-04-29,0.015873015873015817,0.0,-0.3333333333333333,0.12121212121212122,0.4285714285714286,-0.06666666666666665,0.0,0.261904761904762,-0.09722222222222221,-1.0
164057,6387,2532,True,2023-02-19,0.0,0,0,0.0,1.0,0,0,0,0,0
184474,14,17,False,2023-04-16,1.0,0,0,-0.5,-0.5,0,0.0,-0.16666666666666669,0,0
314628,11058,120,False,2024-04-13,0.5384615384615384,-0.08333333333333334,0.5,-0.3333333333333333,-0.5272727272727273,0.125,0.41666666666666663,-0.25,0.32478632478632485,0.2857142857142857
184469,5448,918,True,2023-04-09,0.3333333333333333,0,0,0,-0.5,0,1.0,-0.5,0.0,0
297253,5448,6199,False,2024-02-22,-0.38888888888888884,0.5,0.25,0.14285714285714285,-0.3142857142857143,0.75,0.02857142857142858,-0.5,0.5833333333333334,0.0
314632,188,5248,True,2024-04-15,-0.125,-0.07142857142857145,0.3333333333333333,-0.24615384615384617,0.01428571428571429,-0.04999999999999999,0.1470588235294118,0.19444444444444442,0.11538461538461536,0.25
318929,2593,7035,True,2024-04-19,0.2222222222222222,0.5277777777777778,0.5,0.3142857142857143,0.657142857142857,0.8333333333333334,0.5595238095238095,-0.25,0.14423076923076927,-0.3333333333333333
169008,11058,9353,True,2023-03-17,0,0,0,0.0,0.5,0,0,0,1.0,0
184463,6199,624,True,2023-04-02,1.0,0,0,1.0,0,0.3333333333333333,-0.5,-0.5,0,0
189053,188,5248,False,2023-05-24,0.0,0.0,0,0.19999999999999996,0.5,0.0,0.0,0.30000000000000004,0.4,0
248271,624,1184,True,2023-08-16,-0.2666666666666666,0.08333333333333337,0,0.16666666666666663,0.4444444444444444,0.0,0.009615384615384581,-0.10606060606060608,0.5333333333333333,0
167356,1034,2304,True,2023-02-17,0,0,0,0,0.0,0.0,0,0,0,0
314310,14,8185,False,2024-04-13,-0.14379084967320266,0.12878787878787873,0.6,0.09090909090909094,-0.2714285714285714,-0.6666666666666666,0.15833333333333333,-0.4444444444444444,-0.6875,-0.5
318936,397,14419,False,2024-05-01,0.6,0.5,0.16666666666666669,0.0,0.5714285714285714,0.0,-0.3333333333333333,0.0,0.5,0.41666666666666663
167361,8185,8304,True,2023-02-19,0.0,0,0,-1.0,0.0,1.0,0,0.5,-1.0,0
184470,8304,8185,False,2023-04-09,-0.5,0,0,0.16666666666666663,-0.33333333333333337,-0.16666666666666663,0,-0.5,0.0,0
296747,17,624,False,2024-02-19,-0.10101010101010105,-0.75,-0.3333333333333333,-0.3333333333333333,0.06060606060606066,1.0,-0.4444444444444444,-0.6190476190476191,-0.0714285714285714,0.25
183798,5248,6961,False,2023-04-24,-0.4166666666666667,0,0,0.16666666666666663,-1.0,-0.6666666666666666,-0.5,0.0,-0.7142857142857143,0
183793,2355,120,False,2023-04-22,0.5,0,0,0.0,-1.0,-0.75,0.0,-1.0,-1.0,0
183794,5248,2406,False,2023-04-22,-0.16666666666666663,0,0,0.5,0.0,-0.5,0,0.16666666666666663,-0.5,0
232734,188,2355,False,2023-07-18,0.11111111111111105,-0.6666666666666666,0,0.6,0.5,0.0,0.4166666666666667,0.5238095238095237,0.8571428571428572,0
184465,17,278,True,2023-04-02,0,0,0,0.5,0.0,0.0,1.0,0.0,0,0
183804,2359,5248,False,2023-04-30,-0.08333333333333331,0,0,-0.6666666666666666,0.5,0.6666666666666666,0.5,0.5,0.5,0
314316,6387,5448,False,2024-04-16,0.033333333333333326,0.09999999999999998,-1.0,0.09523809523809523,0.6,0.39999999999999997,-0.09790209790209792,0.9285714285714286,-0.1785714285714286,-0.3333333333333333
184039,1184,2304,False,2023-04-20,-0.5,0,0,0,0.0,-0.6,0.0,1.0,-0.3333333333333333,0
183812,2406,120,False,2023-05-13,0.6,0.0,0,-0.25,-0.33333333333333337,-0.09999999999999998,-0.25,-0.5,0.0,0
220295,14,1120,False,2023-06-14,0.6,-0.5,0,0.7,-0.5714285714285714,0.0,-0.2857142857142857,-0.047619047619047616,0.0,0
184061,397,1184,False,2023-05-19,0.16666666666666674,0.5,0,0.0,-0.16666666666666663,0.3333333333333333,-0.7142857142857143,-1.0,0.0,0
247102,4915,8185,False,2023-08-07,0.12121212121212122,0.11428571428571432,0,0.15000000000000002,-0.6,-0.16666666666666663,0.4166666666666667,0.19047619047619047,-0.44642857142857145,0
184498,5448,17,True,2023-05-14,-0.07142857142857145,0.0,0,0.0,-0.16666666666666663,0,0.16666666666666663,-0.25,0.5,0
184460,878,17,False,2023-03-27,0,0,0,0.0,0,0,0.0,0.0,0,0
314650,2,2406,True,2024-05-03,-0.09790209790209792,0.5192307692307693,-0.07142857142857145,0.5714285714285714,-0.16666666666666669,-0.25,0.4065934065934066,-0.07142857142857145,0.125,0.4
307572,7386,2,False,2024-02-26,0.11428571428571432,-0.375,-0.08333333333333337,-0.3214285714285714,0.0,0.5,0.0,-0.26190476190476186,0.09523809523809523,-0.875
220300,8185,1184,True,2023-06-13,-0.09999999999999998,-0.6,0,-0.4444444444444444,-0.04166666666666663,0.6666666666666666,-0.5833333333333334,-0.2727272727272727,0.8333333333333334,0
286749,516,6199,False,2024-01-14,0.0,1.0,0,-0.42857142857142855,-0.1923076923076923,-0.25,0.16666666666666663,-0.5,-0.16666666666666666,1.0
167373,2593,2406,True,2023-02-26,0,0,0,0,1.0,0,0,-1.0,1.0,0
184483,5448,6199,True,2023-04-29,-0.5,0,0,-0.75,0.16666666666666669,-0.25,1.0,0.0,-0.5,0
314647,1034,5248,False,2024-04-28,-0.20454545454545459,-0.05555555555555558,1.0,-0.5961538461538461,0.5324675324675325,0.5,-0.017094017094017144,0.016666666666666607,0.22619047619047622,0.0
312778,17,2,True,2024-03-22,0.23809523809523808,0.19999999999999996,-0.19999999999999996,-0.23809523809523808,0.393939393939394,0.8333333333333334,-0.24761904761904763,-0.26190476190476186,-0.07857142857142863,-0.34615384615384615
314309,17,624,False,2024-04-13,0.0535714285714286,0.0,0.3214285714285714,-0.3333333333333333,0.06060606060606066,0.7142857142857143,-0.05572755417956654,-0.6190476190476191,-0.0444444444444444,-0.2777777777777778
248274,6961,624,False,2023-08-19,0.2142857142857143,0.16666666666666663,0,-0.16666666666666663,0.0,0.6666666666666666,-0.025000000000000022,-0.25,-0.08461538461538454,0
213201,4915,1184,False,2023-05-26,0.1071428571428571,-0.5,0,0.8,-0.6666666666666666,0.5,-0.23809523809523808,0.0,0.25,0
296733,278,6199,False,2024-02-20,-0.875,0.0,-0.5,-0.17857142857142855,-0.7142857142857143,-0.25,-0.5,-0.5,0.8333333333333334,0.0
247087,1184,14,True,2023-08-07,0.06666666666666665,0.5,0,-0.13636363636363635,0.125,0.0,-0.09890109890109888,0.7142857142857143,0.16666666666666666,0
197715,6387,2112,True,2023-05-24,0.5,1.0,0,0.5,1.0,1.0,0.25,1.0,0.8,0
213200,1184,2059,True,2023-05-25,0.5,1.0,0,-0.3333333333333333,0.46666666666666673,0.0,-0.04166666666666663,1.0,-0.8,0
314315,14,878,True,2024-04-16,0.0444444444444444,0.5,0.0,0.30303030303030304,-0.4142857142857143,-0.6,0.2916666666666667,-0.1777777777777778,-0.42857142857142855,0.5
173223,1001,8877,True,2023-03-31,0.0,0,0,0,0.0,-1.0,-1.0,-0.5,-0.5,0
289448,918,2059,False,2023-12-14,-0.25,0.0,0,-0.3333333333333333,-0.17857142857142855,1.0,-0.17142857142857137,0.5714285714285714,-0.4666666666666666,0
318923,8877,12694,True,2024-04-12,-0.4444444444444444,0.3214285714285714,-0.5,-0.8,-0.657142857142857,0.75,0.017045454545454586,-0.25,-0.5113636363636364,0.3333333333333333
297416,2059,12694,True,2024-02-25,-0.2916666666666667,-0.25,1.0,-0.46666666666666673,-0.4821428571428571,0,-0.054545454545454564,-0.5,-0.20833333333333337,0.6666666666666666
318922,2593,14419,True,2024-04-12,0.6666666666666666,0.75,0.5,0.7142857142857143,0.8571428571428571,-0.16666666666666663,0.8,0,0.75,-0.3333333333333333
184462,8304,14,False,2023-04-01,0.0,0,0,0.6666666666666666,1.0,0.5,-1.0,-0.5,1.0,0
173215,7035,4915,True,2023-03-27,-1.0,0,0,-0.5,0.0,-1.0,-0.5,-1.0,0,0
314623,1034,6961,True,2024-04-06,-0.045454545454545525,-0.015873015873015817,0.0,-0.25,-0.18181818181818177,0.0,0.06944444444444442,0.09999999999999998,-0.15000000000000002,0.0
184494,5448,14,False,2023-05-12,-0.07142857142857145,-1.0,0,0.33333333333333337,0.0,0,-0.5,-0.3333333333333333,0.5,0
183807,5248,2,True,2023-05-06,-0.16666666666666663,0,0,0.0,0.0,0.0,0.0,-0.2666666666666666,0.6666666666666666,0
167372,1184,120,False,2023-02-26,0,0,0,0,0,-1.0,1.0,0.0,0,0
167370,6199,4915,False,2023-02-25,-1.0,0,0,1.0,0,1.0,-1.0,0,0,0
297410,474,7035,False,2024-02-25,0.16666666666666663,0.23809523809523808,0.0,0.09999999999999998,0.2444444444444444,0.6666666666666666,0.28846153846153844,-0.25,-0.16666666666666663,0.0
312766,17,6961,True,2024-03-14,-0.11153846153846159,0.4285714285714286,0.3333333333333333,-0.16666666666666669,-0.2727272727272727,0.19999999999999996,0.05357142857142855,-0.33333333333333337,-0.28421052631578947,0.0
318926,397,1001,True,2024-04-18,0.6666666666666666,0.25,-0.09999999999999998,0.0,0.5714285714285714,0.16666666666666669,-0.3333333333333333,-0.4,0.0,-0.8333333333333334
220452,624,1120,True,2023-06-20,0.5,-0.19999999999999996,0,0.0,0.33333333333333337,0.0,-0.06666666666666665,0.380952380952381,-0.2857142857142857,0
222703,282,6387,False,2023-07-01,0.13333333333333341,0.33333333333333337,0,0.0,-0.75,0.0,-0.8,-0.6,0.33333333333333337,0
220447,2593,5248,True,2023-06-20,0.0,0.46666666666666673,0,0.0,0.5892857142857143,1.0,0.24242424242424243,-0.5,0.261904761904762,0
220297,1184,5248,False,2023-06-10,0.02857142857142858,0.6666666666666667,0,0.2857142857142857,0.5,0.0,0.13636363636363635,0.5,-0.3,0
183800,1034,2355,True,2023-04-25,-0.6,0,0,0.0,1.0,0.75,0.3333333333333333,0.5,0.0,0
184515,8185,6199,True,2023-05-20,-0.4285714285714286,1.0,0,-0.09999999999999998,0.06666666666666665,0.41666666666666663,-0.6666666666666666,0.75,0.6666666666666667,0
167364,5448,2359,False,2023-02-22,0,0,0,0,0,0,0,0,0,0
167375,120,2593,False,2023-02-27,-1.0,0,0,0,0.0,1.0,0.0,1.0,-1.0,0
213194,474,2059,True,2023-05-23,0.16666666666666669,0.5,0,0.26666666666666666,-0.3333333333333333,0.5,-0.19999999999999996,0.0,-0.050000000000000044,0
296732,8185,8304,True,2024-02-20,0.033333333333333326,-0.04545454545454547,-0.2666666666666666,-0.12121212121212122,0.12698412698412698,0.3333333333333333,-0.24999999999999994,0.0,0.3333333333333333,0
213197,2593,474,True,2023-05-26,0.20000000000000007,-0.25,0,0.4,1.0,0.5,0.5416666666666667,0,0.033333333333333326,0
164052,6387,2917,False,2023-02-17,0,0,0,0,0,0,0,0,0,0
314321,14,8304,False,2024-04-22,0.13636363636363635,-0.16666666666666663,0.4,-0.030303030303030276,-0.14444444444444443,-0.4,0.09150326797385622,-0.4444444444444444,-0.2857142857142857,0.5
188038,6387,2532,True,2023-04-28,0.5,0,0,0.5,1.0,1.0,0.75,1.0,0.8,0
303088,1034,2,False,2024-03-02,0.125,-0.3194444444444444,0.4,-0.3214285714285714,0.4848484848484849,0.75,-0.05555555555555558,0.17142857142857143,-0.00694444444444442,0.11111111111111116
235365,4915,7035,False,2023-07-20,0.32142857142857145,0.3333333333333333,0,0.16666666666666663,-0.3333333333333333,0.5,0.2777777777777778,0.30000000000000004,-0.09999999999999998,0
314646,188,2406,True,2024-04-28,0.1715686274509804,0.047619047619047616,-0.16666666666666669,0.6,-0.2,-0.16666666666666669,0.2982456140350877,0.2777777777777778,0.045454545454545414,0.37777777777777777
184458,624,278,True,2023-03-26,0,0,0,0,0.0,0.0,0.0,0.0,0,0
183777,5248,188,False,2023-04-02,1.0,0,0,0,0.0,0.0,-1.0,0.0,0.0,0
307565,7035,2059,False,2024-02-26,0.16666666666666669,0.3333333333333333,-0.6666666666666666,0.06666666666666671,-0.175,0.0,-0.33333333333333337,0.25,0.04761904761904767,0.25
296745,17,878,True,2024-02-17,0.05454545454545451,0.0,0,0.0,0.012987012987012991,-1.0,-0.02777777777777779,-0.23333333333333336,0.2666666666666666,0
189051,1034,5248,False,2023-05-23,0.0,1.0,0,-0.30000000000000004,0.75,0.75,-0.6666666666666667,0.16666666666666663,0.0,0
232733,2359,2355,False,2023-07-17,-0.4305555555555556,-0.6666666666666666,0,0.0,0.3333333333333333,0.6666666666666666,0.3,0.6666666666666667,0.6666666666666666,0
295610,6961,2,True,2024-02-17,0.3137254901960785,-0.4,-1.0,-0.0714285714285714,0.6666666666666667,0.6666666666666666,0.09523809523809523,0.07142857142857145,0.14204545454545459,-0.875
183803,188,2,True,2023-04-30,0.08333333333333337,0,0,0.0,0.0,0.0,1.0,0.13333333333333341,1.0,0
188034,6387,879,True,2023-04-14,0.0,0,0,0.5,1.0,1.0,0.6666666666666666,1.0,0.8,0
286651,474,1120,True,2023-12-08,0.4166666666666667,-0.25,-0.5,0.0,-0.3142857142857143,0.5,-0.04545454545454547,-0.2,-0.06666666666666665,0.0
296739,5448,918,True,2024-02-21,0.5,0.4,1.0,0.5714285714285714,0.0,0.5,0.15555555555555556,-0.5714285714285714,0.4166666666666667,-0.6666666666666666
184042,2304,474,False,2023-04-26,0.0,0,0,-0.6666666666666666,0.5,0.6666666666666666,1.0,0.0,-0.5,0
184037,1001,474,False,2023-04-19,-1.0,0,0,-0.5,0.0,0.5,0.5,0.0,0.0,0
183813,5248,7386,True,2023-05-13,0.5,0,0,0.75,0.0,-0.5,-0.6666666666666666,0.3,0.41666666666666663,0
237271,5448,6199,True,2023-07-21,-0.5555555555555556,0.5,0,-0.09999999999999998,-0.19642857142857145,-0.25,0.0,0.0,0.4666666666666666,0
297404,1184,14419,True,2024-02-22,0.5833333333333334,0.7142857142857143,0,0.5,0.5625,0.0,0.6111111111111112,0.7142857142857143,0.25,-0.25
235366,2304,8877,True,2023-07-20,0.6666666666666666,-1.0,0,0,0.1333333333333333,0.0714285714285714,0.16666666666666663,-0.5,0.2,0
281551,11058,2,False,2023-10-26,0.0,-1.0,0,-0.5,0.3333333333333333,0.6666666666666666,0.16666666666666669,0.16666666666666669,0.41428571428571426,0
167366,1184,878,True,2023-02-23,0,0,0,0,0,0,0,0,0,0
184501,8304,278,True,2023-05-16,0.2,0,0,0.26666666666666666,0.6,0.3333333333333333,1.0,0.5,-0.6,0
247104,4915,6961,False,2023-08-12,0.0,-0.6666666666666667,0,0.25,-1.0,-0.16666666666666663,-0.11538461538461536,0.3015873015873015,-0.11538461538461542,0
247098,12010,1034,True,2023-08-13,-0.42857142857142855,-0.625,0,-0.25,-0.8181818181818182,0.25,0.2222222222222222,-0.6,0.4444444444444444,0
184040,8877,4915,False,2023-04-21,-0.8,0,0,-0.6666666666666666,0.0,0.0,0.75,-0.5,-0.8,0
220453,1034,624,False,2023-06-21,-0.07142857142857145,-0.08571428571428574,0,-0.4642857142857143,-0.19999999999999996,0.75,-0.23809523809523808,-0.04761904761904767,0.0,0
314312,6387,878,False,2024-04-14,0.09999999999999998,0.6,-1.0,0.3333333333333333,0.2857142857142857,0.25,0.38333333333333336,0.5285714285714286,0.14285714285714285,0.0
232730,2,120,True,2023-07-16,0.6666666666666666,1.0,0,0.16666666666666669,-1.0,-0.6,0.1333333333333333,-0.16666666666666663,-0.41666666666666663,0
167357,6961,8877,True,2023-02-17,0,0,0,1.0,0.0,0,-1.0,0.0,0,0
235364,397,8877,False,2023-07-19,0.8333333333333334,0.5,0,0.0,0.15000000000000002,-0.16666666666666669,-0.4,-0.5,-0.2,0
314323,6199,278,True,2024-04-23,0.7333333333333334,0.0,0.6666666666666666,0.17857142857142855,0.7142857142857143,0.4444444444444444,0.30000000000000004,0.5,-0.047619047619047616,0.16666666666666663
284656,4050,8304,True,2023-11-24,0.23809523809523808,-0.7142857142857143,1.0,0.13333333333333341,0.375,0.06666666666666671,-0.4545454545454546,-0.16666666666666663,0.22222222222222227,0.6666666666666666
183775,2355,2406,False,2023-04-01,0.0,0,0,0,0.0,0,0.0,-1.0,0,0
220443,474,1120,True,2023-06-16,0.7142857142857143,-0.4,0,0.16666666666666663,-0.6666666666666667,0.5,-0.6666666666666667,-0.3333333333333333,0.8333333333333334,0
318937,8877,1001,False,2024-05-01,0.2222222222222222,0.2666666666666666,-0.09999999999999998,0.0,0.2,0.3333333333333333,-0.10416666666666663,-0.15000000000000002,0.09890109890109894,-0.125
295613,2,120,True,2024-02-19,0.2857142857142857,1.0,1.0,0.23809523809523808,-0.46666666666666673,-0.42857142857142855,0.047619047619047616,-0.32142857142857145,-0.0714285714285714,0.875
196140,11058,12041,False,2023-04-26,1.0,0,0,0.0,-0.6666666666666667,0.6666666666666666,0.0,-0.5,0.8571428571428571,0
318941,397,1184,False,2024-05-03,-0.015384615384615441,-0.23809523809523808,-0.5,-0.5,0.008928571428571397,0.33333333333333337,-0.28571428571428575,-0.7142857142857143,0.04545454545454547,-0.0714285714285714
284658,6665,8304,True,2023-11-26,-0.09523809523809523,-0.5714285714285714,0.75,-0.2666666666666666,0.11538461538461542,-0.08333333333333331,-0.16666666666666663,-0.23809523809523808,0.3333333333333333,1.0
188022,6387,10979,True,2023-03-31,0.0,0,0,0.3333333333333333,1.0,1.0,0.5,1.0,0.8,0
314302,6199,8185,False,2024-04-06,0.3375,-0.4166666666666667,0.4,-0.11688311688311687,0.1428571428571429,-0.3333333333333333,0.11538461538461536,-0.16666666666666663,-0.5208333333333334,0
314625,2,120,True,2024-04-07,0.36363636363636365,0.5681818181818182,0.42857142857142855,0.23809523809523808,-0.46666666666666673,-0.22857142857142854,0.5277777777777778,-0.32142857142857145,0.10869565217391308,0.8571428571428571
164034,2917,6387,False,2023-03-10,1.0,0,0,1.0,-1.0,-1.0,0.0,-1.0,-0.75,0
283097,188,5448,True,2023-11-03,0.35,-0.16666666666666669,0,0.02857142857142858,-0.11428571428571432,0.0,0.018181818181818188,0.7777777777777778,-0.0357142857142857,0.6666666666666666
303087,5248,6961,False,2024-03-02,0.04912280701754379,0.0,0,0.34615384615384615,-0.7142857142857143,-0.16666666666666663,0.12698412698412703,0.08333333333333337,-0.3376068376068376,1.0
184488,8304,17,True,2023-05-06,-0.75,0,0,-0.09999999999999998,0.08333333333333337,0.3333333333333333,-0.6666666666666666,0.25,0.25,0
318921,397,7035,True,2024-04-11,0.2222222222222222,0.25,0.3333333333333333,-0.4,0.3714285714285714,0.3333333333333333,0.08333333333333331,-0.25,-0.2916666666666667,-0.3333333333333333
314317,17,8185,False,2024-04-20,0.03676470588235292,0.038461538461538436,0.23809523809523808,-0.2121212121212121,0.1558441558441559,-0.04166666666666663,0.05964912280701751,-0.5,-0.10588235294117654,-0.5
318930,474,1001,False,2024-04-24,0.6666666666666666,0.3214285714285714,-0.6,0.5,0.4444444444444444,0.3333333333333333,-0.1333333333333333,-0.4,0.1517857142857143,-0.7142857142857143
286659,14,624,False,2023-12-09,0.11111111111111105,-0.15000000000000002,0.5,-0.030303030303030276,-0.36666666666666664,0.0,0.0,-0.5634920634920635,-0.6153846153846154,0.0
318927,2059,1184,True,2024-04-18,-0.29761904761904767,-0.6666666666666666,-0.19999999999999996,-0.16666666666666669,-0.1875,0.8,-0.06153846153846154,-0.7142857142857143,0.2666666666666666,-0.09523809523809523
164066,6387,11281,True,2023-02-26,0.0,0,0,0.0,1.0,1.0,0,0,0.5,0
282934,2,13188,True,2023-11-01,-0.3857142857142857,0.15384615384615385,-1.0,-0.25,-0.7692307692307693,0.0,-0.4166666666666667,-0.46666666666666673,-0.2142857142857143,1.0
314635,188,6961,True,2024-04-20,0.03409090909090906,-0.14285714285714285,-0.3333333333333333,0.09999999999999998,-0.7,-0.55,0.23611111111111116,0.2777777777777778,-0.10454545454545461,0.34920634920634924
167368,2,2593,False,2023-02-24,0,0,0,0,0,0,0,0,0,0
286645,624,4050,True,2023-12-07,0.022222222222222254,0.5,-0.6666666666666666,-0.13333333333333341,-0.35,-0.4,0.09999999999999998,0.2857142857142857,0.05982905982905984,0.5
318925,8877,4915,False,2024-04-17,-0.4700854700854701,0.17142857142857137,-0.16666666666666663,-0.75,0.2,0.30000000000000004,0.16249999999999998,-0.625,-0.1833333333333333,0.16666666666666663
169004,11058,11836,False,2023-03-09,0,0,0,0,1.0,0,0,0,1.0,0
184032,2,2406,True,2023-05-18,0.06666666666666665,1.0,0,0.5,-0.5,-0.5,0.3333333333333333,-0.09999999999999998,-0.6666666666666666,0
296734,8304,6199,False,2024-02-21,-0.4305555555555556,0.5,0.0,0.23809523809523808,-0.2698412698412699,0.08333333333333331,0.09523809523809523,0.16666666666666663,0.11904761904761904,0
295615,2355,11058,False,2024-02-18,0.045454545454545414,0.5,-0.5,0.0,0.06060606060606061,-0.6666666666666666,-0.26666666666666666,-0.2142857142857143,-0.47777777777777775,0.0
314638,11058,2406,True,2024-04-22,0.12179487179487175,-0.14285714285714285,0.0,0.0,-0.2272727272727273,-0.16666666666666663,0.2666666666666666,0.0,0.2142857142857143,-0.11428571428571432
314637,1034,2359,False,2024-04-21,0.4545454545454545,-0.0444444444444444,0.0,-0.25,0.26262626262626265,-0.08333333333333337,-0.05555555555555558,-0.30000000000000004,0.045454545454545414,0.6666666666666666
297254,6199,17,False,2024-02-22,0.4343434343434343,0.0,0.25,0.09523809523809523,-0.012987012987012991,-0.75,0.2987012987012987,0.33333333333333337,-0.33333333333333337,-0.5
184457,14,918,True,2023-03-25,0,0,0,0,0,0,0.0,-1.0,0.0,0
294187,10725,188,True,2024-01-14,-0.02564102564102566,0.5,0.46666666666666673,-0.6,0.3923076923076923,0.16666666666666669,-0.16346153846153844,-0.2777777777777778,0.125,-0.5
220294,4915,1120,False,2023-06-13,0.75,0.5,0,0.6666666666666666,-1.0,0.5,-0.5555555555555556,1.0,0.4,0
286642,2,624,True,2023-12-05,-0.22222222222222227,0.25,1.0,-0.09523809523809523,-0.7142857142857143,0.0,-0.26666666666666666,-0.35714285714285715,-0.24038461538461542,1.0
183810,2359,2355,True,2023-05-07,-0.22857142857142854,0,0,0.0,0.5,0.6666666666666666,0.5,0.6666666666666667,0.5,0
312780,624,6961,True,2024-03-22,-0.0357142857142857,0.06493506493506496,-0.75,0.16666666666666663,-0.33333333333333337,-0.75,0.15441176470588236,0.2857142857142857,-0.07105263157894737,0.2571428571428571
213196,4915,474,False,2023-05-24,0.2333333333333334,0.33333333333333337,0,0.20000000000000007,0.0,0.0,0.09523809523809523,1.0,-0.08333333333333337,0
167353,188,624,True,2023-02-14,0,0,0,0,0,0,0,0,0,0
220446,474,5248,False,2023-06-18,0.04761904761904767,0.26666666666666666,0,-0.11111111111111116,0.33333333333333337,0.5,-0.2666666666666666,-0.5,0.1428571428571429,0
184060,7035,474,False,2023-05-19,-0.07142857142857145,-0.5,0,0.0,0.0,-0.5,-0.04999999999999999,1.0,-1.0,0
184485,878,8185,False,2023-04-30,-0.6,0,0,-0.3333333333333333,-0.33333333333333337,0.33333333333333337,0.0,-0.16666666666666663,0.0,0
184496,918,278,True,2023-05-13,0.0,0,0,-0.3333333333333333,0.3333333333333333,1.0,0.3333333333333333,0.5,-0.75,0
247103,474,6961,False,2023-08-10,0.08333333333333337,-0.5,0,0.0,-0.6666666666666667,-0.16666666666666663,-0.09999999999999998,-0.5555555555555556,0.04166666666666663,0
173214,2593,2304,True,2023-03-27,1.0,0,0,1.0,0.5,0.5,-0.5,0,0.5,0
237267,878,918,True,2023-07-19,0.5,0.0,0,0.3333333333333333,0.55,0.0,-0.4,-0.17142857142857137,0.08333333333333331,0
235367,7035,2304,False,2023-07-21,-0.23809523809523808,0.0,0,0.5,0.0,-0.5714285714285714,-0.38095238095238093,0.25,0.16666666666666663,0
184038,7035,2593,False,2023-05-10,-0.35,-1.0,0,-1.0,-1.0,-1.0,-0.4166666666666667,1.0,-0.75,0
235363,1001,7035,False,2023-07-19,-0.42857142857142855,0.0,0,-0.3333333333333333,0.0,0.3333333333333333,0.5,-0.75,0.0,0
314308,14,278,False,2024-04-09,0.5,0.5454545454545454,1.0,0.38636363636363635,0.3,0.0,0.6,0.2222222222222222,-1.0,0.6666666666666666
281031,188,2406,False,2023-11-12,0.29545454545454547,0.11428571428571432,-0.5,0.6,-0.3,-0.5,-0.2857142857142857,0.2777777777777778,-0.0892857142857143,0.30000000000000004
167350,17,6961,False,2023-02-15,0,0,0,0,0,0,0,0,0,0
318939,4915,2593,True,2024-05-02,0.04761904761904767,-0.4363636363636364,0.16666666666666663,0.0357142857142857,-0.8571428571428571,-0.3571428571428571,-0.3727272727272727,0.875,-0.13095238095238093,0.5
237266,8304,278,True,2023-07-18,0.2,1.0,0,0.26666666666666666,0.6,0.3333333333333333,1.0,0.5,-0.6,0
184034,188,2355,True,2023-05-19,0.32142857142857145,0.0,0,1.0,0.5,0.0,1.0,0.46666666666666673,1.0,0
184481,5448,8304,False,2023-04-24,0.6,0,0,-0.6666666666666666,0.0,-0.3333333333333333,1.0,0.0,-0.3333333333333333,0
247095,2593,12010,True,2023-08-09,0.6666666666666666,0.8333333333333334,0,0.7142857142857143,0.8888888888888888,0.0,-0.07692307692307687,0,-0.125,0
196158,6675,11058,True,2023-05-17,0.08333333333333337,1.0,0,0.5,0.025000000000000022,-0.6666666666666666,0.16666666666666674,0.09999999999999998,0.0,0
196152,11058,337,False,2023-05-10,0.8,0.0,0,0.0,0.2857142857142857,0.6666666666666666,0.6666666666666666,0.5,0.75,0
188026,6387,10293,True,2023-04-06,0.0,0,0,0.3333333333333333,0.0,0.0,0.6666666666666666,1.0,0.8,0
297412,2059,12694,True,2024-02-21,-0.22499999999999998,-0.25,1.0,-0.46666666666666673,-0.4821428571428571,0,-0.11111111111111105,-0.5,-0.20833333333333337,0.5
184459,6199,8304,True,2023-03-26,0.0,0,0,0.0,-1.0,0.5,0,0.0,-1.0,0
183774,2,120,True,2023-04-01,0,0,0,0.0,-1.0,-0.6666666666666666,0.0,-1.0,0.0,0
183789,6961,2406,True,2023-04-17,0.0,0,0,0.5,1.0,-0.5,0.5,0.30000000000000004,-0.33333333333333337,0
237654,12694,2755,True,2023-07-14,-0.33333333333333337,0.25,0,0.25,-0.05714285714285705,-1.0,-0.1527777777777778,0.0,0.5,0
318931,2059,12694,False,2024-04-24,-0.41666666666666663,-0.25,0.30000000000000004,-0.46666666666666673,-0.4821428571428571,1.0,0.038461538461538436,-0.5,-0.11111111111111116,0.2916666666666667
314324,918,624,False,2024-04-23,-0.5714285714285714,-0.6923076923076923,-0.25,-0.6666666666666666,-0.2666666666666666,0.380952380952381,-0.16666666666666669,-0.2142857142857143,-0.26666666666666666,-0.19999999999999996
314325,6387,624,False,2024-04-27,0.09523809523809523,-0.09230769230769231,-0.25,0.0,0.33333333333333337,0.09999999999999998,-0.033333333333333326,0.1428571428571429,0.025000000000000022,-0.7272727272727273
184051,2304,1001,False,2023-05-05,1.0,0,0,0.0,0.5,0.23809523809523808,0.0,0.0,0.0,0
189054,6961,5248,True,2023-05-26,0.275,-0.5,0,-0.33333333333333337,1.0,0.6666666666666666,-0.5,0.05555555555555558,0.036363636363636376,0
197719,6387,10979,True,2023-05-26,0.6666666666666666,1.0,0,0.6,1.0,1.0,0.75,1.0,0.6666666666666666,0
296731,6199,8304,False,2024-02-18,0.5714285714285714,-0.5,0.5,-0.23809523809523808,0.2698412698412699,-0.08333333333333331,-0.16666666666666663,-0.16666666666666663,-0.16666666666666666,0
173218,4915,2304,True,2023-03-29,0.6666666666666666,0,0,0.5,-0.5,0.6666666666666667,-0.6666666666666667,1.0,0.0,0
167363,4915,2355,True,2023-02-22,0,0,0,0,0,0,0,0,0,0
314624,11058,5248,True,2024-04-07,-0.21153846153846156,-0.33333333333333337,0.5,-0.8461538461538461,-0.012987012987012991,0.06666666666666671,0.0444444444444444,-0.08333333333333337,0.38461538461538464,-0.2142857142857143
183799,188,2406,True,2023-04-25,-0.08333333333333337,0,0,1.0,-0.5,-0.5,1.0,0.30000000000000004,0.5,0
173221,7035,2059,False,2023-03-30,1.0,0,0,0.0,-0.5,0.0,0.0,0.0,-1.0,0
312803,6961,1120,True,2024-03-18,0.28571428571428575,-0.261904761904762,0.6666666666666667,0.0,0.5,0.16666666666666663,-0.05357142857142855,0.3,0.1286549707602339,0.3333333333333333
183797,2359,120,False,2023-04-24,0.25,0,0,-0.3333333333333333,0.0,-0.25,1.0,0.0,0.0,0
220292,1120,14,False,2023-06-11,-0.6,-0.6,0,-0.6666666666666666,-0.5,0.0,0.33333333333333337,-0.2,0.0,0
318916,474,1184,False,2024-04-05,0.11666666666666659,-0.1785714285714286,0.0,0.0,-0.11805555555555558,0.75,-0.04048582995951422,-0.7142857142857143,0.16666666666666669,-0.6666666666666666
307564,8877,7035,True,2024-02-26,-0.35714285714285715,0.16666666666666669,0.0,-0.4,0.0,0.5,0.25,0.0,-0.4642857142857143,-0.5
312800,11328,6961,False,2024-03-17,-0.6190476190476191,-0.5714285714285714,-1.0,-0.5,0.0,-0.6666666666666666,-0.375,-0.5,-0.6842105263157895,-0.5
167351,11328,8877,False,2023-02-14,0,0,0,0,0,0,0,0,0,0
247088,5248,1184,True,2023-08-08,0.06060606060606066,-0.75,0,0.33333333333333337,-0.2698412698412699,0.0,-0.2820512820512821,-0.375,0.23333333333333336,0
220449,8185,1034,False,2023-06-18,0.0,-0.4285714285714286,0,0.35,-0.08333333333333337,-0.08333333333333337,-0.42857142857142855,0.10227272727272729,0.2857142857142857,0
237649,3531,12694,True,2023-07-13,0.033333333333333326,0.5,0,0.0,0.0,0.0,0.1428571428571428,0.5,0.04166666666666663,0
248282,2593,6961,False,2023-08-24,-0.16190476190476188,-0.0357142857142857,0,0.2142857142857143,-0.08333333333333337,0.33333333333333337,0.3666666666666667,-0.45454545454545453,0.2571428571428571,0
284659,3136,8304,False,2023-11-25,0.30303030303030304,-0.5,1.0,-0.3333333333333333,0.32142857142857145,0.0,-0.16666666666666663,-0.16666666666666663,0.3333333333333333,1.0
222700,6387,8904,True,2023-06-29,-0.33333333333333337,0.0,0,-0.15000000000000002,0.16666666666666663,0.25,0.8,0.0,-0.08333333333333337,0
184497,8304,878,False,2023-05-14,0.25,0,0,0.26666666666666666,0.0,-0.6666666666666667,1.0,0.0,-0.25,0
312799,1001,624,False,2024-03-17,-0.5454545454545454,-0.35,0.5,-0.6666666666666666,-0.6666666666666666,0.25,-0.04285714285714293,-0.3857142857142857,-0.18823529411764706,0.16666666666666663
295609,188,7386,False,2024-02-25,0.3928571428571429,0.16666666666666669,-0.3333333333333333,0.35,-0.033333333333333326,-0.25,0.1470588235294118,0.6111111111111112,-0.16666666666666663,0.7142857142857143
294183,120,10725,False,2024-01-13,-0.6923076923076923,-0.9,-0.8,0.3333333333333333,0.10769230769230775,0.09999999999999998,-0.33333333333333337,0.25,-0.11428571428571432,-0.3333333333333333
281027,2406,188,False,2023-11-10,-0.2272727272727273,-0.11428571428571432,0.0,-0.6,0.26666666666666666,0.5,0.2857142857142857,-0.2777777777777778,0.0,-0.25
189050,2359,2406,False,2023-05-23,-0.43333333333333335,0.0,0,0.0,-0.19999999999999996,0.16666666666666663,0.3333333333333333,0.4,0.16666666666666663,0
314305,6199,878,False,2024-04-08,0.5,0.0,-0.19999999999999996,0.09523809523809523,0.0,0.0,0.2444444444444444,0.09999999999999998,-0.33333333333333337,0.0
185986,10725,11058,False,2023-03-30,0.0,0,0,0.0,0.25,0.0,-0.25,0.0,-0.5,0
167359,5248,8304,False,2023-02-18,1.0,0,0,-1.0,-1.0,0,0,1.0,0,0
282937,2,10725,True,2023-11-02,-0.2666666666666666,0.25,-1.0,0.5,-0.7368421052631579,-0.5,-0.12121212121212122,-0.16666666666666669,-0.3942307692307693,0.0
183801,1034,120,True,2023-04-29,0.5,0,0,-0.3333333333333333,0.0,0.15000000000000002,0.08333333333333331,-0.5,-1.0,0
314642,11058,2359,False,2024-04-24,0.4475524475524475,-0.5238095238095237,-0.5,-0.5,-0.2828282828282829,-0.261904761904762,0.2142857142857143,-0.4,0.2142857142857143,-0.2142857142857143
167362,474,6199,False,2023-02-22,0,0,0,0,0,0,0,0,0,0
184043,397,1001,True,2023-04-27,0.75,0,0,0.0,0.3333333333333333,-0.5,-0.5,0.0,-0.5,0
183814,2355,2,False,2023-05-14,-0.23809523809523808,0,0,-0.5,0.0,0.0,0.0,-0.16666666666666669,0.0,0
318915,2593,1001,False,2024-04-04,0.6666666666666666,0.5,-0.25,0.7142857142857143,0.8571428571428571,0.75,0.20574162679425834,-0.4,0.4166666666666667,-0.8
184059,8877,2304,False,2023-05-18,-1.0,0,0,0,-0.25,-0.0714285714285714,-0.09999999999999998,0.5,-0.2,0
232736,2,2359,False,2023-07-18,0.5416666666666666,1.0,0,0.6,-0.3333333333333333,-0.6666666666666666,-0.06666666666666671,-0.6666666666666667,-0.16666666666666669,0
237272,878,17,False,2023-07-21,0.07142857142857145,0.0,0,0.0,0.261904761904762,1.0,-0.4,0.2,-0.2666666666666666,0
297409,397,7035,False,2024-02-23,0.25,0.6,0.3333333333333333,-0.4,0.3714285714285714,0.3333333333333333,0.08333333333333331,-0.25,-0.19999999999999996,0
314314,918,8304,False,2024-04-15,-0.36363636363636365,-0.6666666666666666,-0.5,-0.6666666666666666,-0.0444444444444444,0.09999999999999998,-0.2142857142857143,-0.09523809523809523,0.047619047619047616,0.5
312776,2,6961,True,2024-03-21,-0.28571428571428575,0.22857142857142865,-0.4,0.0714285714285714,-0.6666666666666667,-0.7142857142857143,0.3392857142857143,-0.07142857142857145,-0.052631578947368474,0.08333333333333337
247078,2355,2304,False,2023-08-11,-0.025974025974025983,0.16666666666666663,0,0.0,-0.26666666666666666,-0.5714285714285714,-0.28571428571428575,-0.06666666666666671,-0.3492063492063492,0
184468,14,624,False,2023-04-08,1.0,0,0,0.0,-0.5,0,0.5,0.0,0.0,0
318913,7035,474,False,2024-04-03,-0.16666666666666663,-0.3214285714285714,0.0,-0.09999999999999998,-0.2444444444444444,-0.75,-0.28846153846153844,0.25,0.25274725274725274,0.3333333333333333
286643,4050,8185,False,2023-12-05,0.0714285714285714,-0.15873015873015872,0.3333333333333333,0.25454545454545463,0.22672064777327927,-0.2666666666666666,0.09999999999999998,-0.16666666666666663,-0.15873015873015872,0.5
213199,4915,2304,True,2023-05-25,0.033333333333333326,0.5,0,0.8,-0.3333333333333333,-0.0714285714285714,-0.23809523809523808,1.0,0.09999999999999998,0
294186,188,120,True,2024-01-13,0.75,0.4,0.3333333333333333,0.26666666666666666,-0.5,-0.6,0.5,0.02777777777777779,0.025000000000000022,0.8
247086,5248,11328,True,2023-08-07,0.7,0.25,0,0.8333333333333334,-0.7142857142857143,0.0,0.3333333333333333,0.5714285714285714,0.4,0
184052,2304,2059,True,2023-05-10,0.5,0.0,0,-0.3333333333333333,0.3,0.5714285714285714,-0.16666666666666663,0.0,-0.25,0
184057,2593,4915,True,2023-05-17,-0.033333333333333326,0.0,0,0.19999999999999996,1.0,0.5,0.33333333333333337,-1.0,-0.25,0
314634,2,7386,True,2024-04-20,0.03030303030303033,0.31818181818181823,-0.32142857142857145,0.3214285714285714,0.0,-0.047619047619047616,0.19999999999999996,0.26190476190476186,0.07954545454545459,0.3571428571428571
184514,14,17,True,2023-05-19,-0.16666666666666663,0.6666666666666666,0,0.32142857142857145,0.0,0,0.25,0.0,0.0,0
281026,2355,2359,False,2023-11-10,0.4343434343434343,0.16666666666666663,-1.0,-0.5,-0.09523809523809523,-0.6666666666666666,0.0892857142857143,-0.6142857142857143,-0.3492063492063492,0
189052,6961,2406,True,2023-05-24,0.19047619047619047,-0.3333333333333333,0,0.5,0.4,0.16666666666666663,0.5,0.05555555555555558,0.13636363636363635,0
307573,11058,7386,False,2024-02-26,0.1384615384615384,-0.33333333333333337,-0.16666666666666663,-0.25,-0.06060606060606061,-0.09999999999999998,0.09999999999999998,0.33333333333333337,0.06060606060606066,0.4
184486,8304,624,False,2023-05-01,0.25,0,0,0.16666666666666663,-0.25,0.3333333333333333,-0.5,-0.75,0.0,0
213195,2593,1184,True,2023-05-24,0.050000000000000044,1.0,0,1.0,0.19999999999999996,1.0,0.1428571428571428,-1.0,0.8,0
282936,2,11058,True,2023-11-02,-0.09999999999999998,0.8,0.0,0.5,-0.3333333333333333,-0.6666666666666666,-0.16666666666666669,-0.16666666666666669,-0.32499999999999996,1.0
247075,624,2355,True,2023-08-09,-0.1454545454545454,0.16666666666666674,0,0.625,0.6666666666666667,0.0,0.19642857142857145,0.2666666666666666,0.41666666666666663,0
